{"pos": [[3, 5], [6, 5], [3, 6], [7, 5], [4, 6], [7, 4], [4, 7], [6, 4], [3, 7], [6, 3], [3, 6], [6, 2], [3, 7], [7, 2], [3, 6], [6, 2], [3, 7], [6, 3], [3, 6], [5, 3], [3, 5], [5, 4], [3, 4], [5, 5], [4, 4], [4, 5], [3, 4], [3, 5], [3, 3], [3, 6], [3, 2], [3, 7], [3, 3], [3, 6], [4, 3], [2, 6], [5, 3], [2, 7], [6, 3], [2, 6], [6, 2], [2, 5], [6, 3], [2, 4], [6, 4], [1, 4], [5, 4], [2, 4], [5, 3], [1, 4], [5, 4], [0, 4], [6, 4], [1, 4], [5, 4], [3, 4], [6, 4], [2, 4], [5, 4], [1, 4], [4, 4], [1, 3], [4, 3], [2, 3], [4, 2], [1, 3], [3, 2], [1, 4], [4, 2], [0, 4], [4, 6], [0, 3], [4, 7], [1, 3], [4, 6], [0, 3], [3, 6], [1, 3], [4, 6], [0, 3]], "a_points": [1, 1, 1, 1, 2, 2, 3, 3, 4, 4, 3, 3, 3, 3, 3, 3, 3, 3, 3, 3, 3, 3, 3, 3, 3, 3, 3, 3, 4, 4, 4, 4, 4, 4, 5, 5, 5, 5, 6, 6, 6, 6, 6, 6, 5, 5, 5, 5, 4, 4, 4, 4, 5, 5, 4, 4, 4, 4, 4, 4, 4, 4, 5, 5, 6, 6, 7, 7, 6, 6, 12, 12, 11, 11, 11, 11, 11, 11, 11, 11], "b_points": [0, 1, 1, 2, 2, 2, 2, 2, 2, 3, 3, 4, 4, 5, 5, 4, 4, 3, 3, 3, 3, 3, 3, 2, 2, 2, 2, 3, 3, 3, 3, 3, 3, 4, 4, 4, 4, 5, 5, 4, 4, 3, 3, 3, 3, 3, 3, 3, 3, 4, 4, 4, 4, 4, 4, 6, 6, 6, 6, 6, 6, 6, 6, 6, 6, 6, 6, 6, 6, 7, 7, 7, 7, 8, 8, 7, 7, 7, 7, 7], "a_turns_left": [39, 39, 38, 38, 37, 37, 36, 36, 35, 35, 34, 34, 33, 33, 32, 32, 31, 31, 30, 30, 29, 29, 28, 28, 27, 27, 26, 26, 25, 25, 24, 24, 23, 23, 22, 22, 21, 21, 20, 20, 19, 19, 18, 18, 17, 17, 16, 16, 15, 15, 14, 14, 13, 13, 12, 12, 11, 11, 10, 10, 9, 9, 8, 8, 7, 7, 6, 6, 5, 5, 4, 4, 3, 3, 2, 2, 1, 1, 0, 0], "b_turns_left": [40, 39, 39, 38, 38, 37, 37, 36, 36, 35, 35, 34, 34, 33, 33, 32, 32, 31, 31, 30, 30, 29, 29, 28, 28, 27, 27, 26, 26, 25, 25, 24, 24, 23, 23, 22, 22, 21, 21, 20, 20, 19, 19, 18, 18, 17, 17, 16, 16, 15, 15, 14, 14, 13, 13, 12, 12, 11, 11, 10, 10, 9, 9, 8, 8, 7, 7, 6, 6, 5, 5, 4, 4, 3, 3, 2, 2, 1, 1, 0], "a_time_left": [359.99989441700745, 359.99989441700745, 359.99982116709, 359.99982116709, 359.99976454209536, 359.99976454209536, 359.9997126670787, 359.9997126670787, 359.9996610841481, 359.9996610841481, 359.999597959104, 359.999597959104, 359.99954683415126, 359.99954683415126, 359.9994967931416, 359.9994967931416, 359.9994485011557, 359.9994485011557, 359.99939612625167, 359.99939612625167, 359.9993471673224, 359.9993471673224, 359.9992862503277, 359.9992862503277, 359.99921887542587, 359.99921887542587, 359.9991663333494, 359.9991663333494, 359.9991183753591, 359.9991183753591, 359.99906737532, 359.99906737532, 359.99901012529153, 359.99901012529153, 359.9989505423, 359.9989505423, 359.99889795924537, 359.99889795924537, 359.99884712626226, 359.99884712626226, 359.99879850121215, 359.99879850121215, 359.9987495011883, 359.9987495011883, 359.99868796020746, 359.99868796020746, 359.99863300216384, 359.99863300216384, 359.99858375207987, 359.99858375207987, 359.998527335003, 359.998527335003, 359.99847183492966, 359.99847183492966, 359.9984196688747, 359.9984196688747, 359.99836896092165, 359.99836896092165, 359.99832321098074, 359.99832321098074, 359.99827237799764, 359.99827237799764, 359.998223711038, 359.998223711038, 359.9981743360404, 359.9981743360404, 359.9981240030611, 359.9981240030611, 359.9980718360748, 359.9980718360748, 359.9980217530392, 359.9980217530392, 359.9979733780492, 359.9979733780492, 359.99791762803216, 359.99791762803216, 359.9978590030223, 359.9978590030223, 359.9978094609687, 359.9978094609687], "b_time_left": [360, 359.999982584035, 359.999982584035, 359.99996958405245, 359.99996958405245, 359.99996087606996, 359.99996087606996, 359.99995379301254, 359.99995379301254, 359.99994366802275, 359.99994366802275, 359.999934209045, 359.999934209045, 359.99992612504866, 359.99992612504866, 359.9999196670251, 359.9999196670251, 359.9999127089977, 359.9999127089977, 359.9999050430488, 359.9999050430488, 359.9998961680103, 359.9998961680103, 359.9998866269598, 359.9998866269598, 359.99987808591686, 359.99987808591686, 359.9998706699116, 359.9998706699116, 359.9998637109529, 359.9998637109529, 359.9998568359297, 359.9998568359297, 359.99984754482284, 359.99984754482284, 359.9998402118217, 359.9998402118217, 359.9998335868586, 359.9998335868586, 359.99982625385746, 359.99982625385746, 359.99982033786364, 359.99982033786364, 359.9998148798477, 359.9998148798477, 359.99980433890596, 359.99980433890596, 359.9997976300074, 359.9997976300074, 359.99978671304416, 359.99978671304416, 359.999779547099, 359.999779547099, 359.99977121304255, 359.99977121304255, 359.99976446304936, 359.99976446304936, 359.99975779710803, 359.99975779710803, 359.99975108809303, 359.99975108809303, 359.9997452549869, 359.9997452549869, 359.9997384219896, 359.9997384219896, 359.9997308810707, 359.9997308810707, 359.9997241720557, 359.9997241720557, 359.99971792206634, 359.99971792206634, 359.9997120470507, 359.9997120470507, 359.9997054641135, 359.9997054641135, 359.99969633913133, 359.99969633913133, 359.9996885471046, 359.9996885471046, 359.99968088103924], "rat_caught": [false, false, false, false, false, false, false, false, false, false, false, false, false, false, false, false, false, false, false, false, false, false, false, false, false, false, false, false, false, false, false, false, false, false, false, false, false, false, false, false, false, false, false, false, false, false, false, false, false, false, false, false, false, false, false, false, false, false, false, false, false, false, false, false, false, false, false, false, false, false, false, false, false, false, false, false, false, false, false, false], "left_behind": ["prime", "prime", "plain", "prime", "prime", "plain", "prime", "plain", "prime", "prime", "carpet", "prime", "plain", "prime", "plain", "carpet", "plain", "carpet", "plain", "plain", "plain", "plain", "plain", "carpet", "plain", "plain", "plain", "prime", "prime", "plain", "plain", "plain", "plain", "prime", "prime", "plain", "plain", "prime", "prime", "carpet", "plain", "carpet", "plain", "plain", "carpet", "plain", "plain", "plain", "carpet", "prime", "plain", "plain", "prime", "plain", "carpet", "carpet", "plain", "plain", "plain", "plain", "plain", "plain", "prime", "plain", "prime", "plain", "prime", "plain", "carpet", "prime", "carpet", "plain", "carpet", "prime", "plain", "carpet", "plain", "plain", "plain", "plain"], "errlog_a": "gg, the rat never stood a chance", "errlog_b": "", "start_time": 360, "start_moves": 80, "turn_count": 80, "result": 0, "reason": "POINTS", "trapdoors": [[3, 3], [4, 3], [4, 3], [4, 3], [4, 3], [4, 3], [4, 3], [5, 3], [5, 2], [5, 2], [4, 2], [4, 2], [4, 2], [3, 2], [3, 2], [3, 2], [3, 2], [3, 2], [3, 2], [3, 2], [3, 1], [3, 1], [3, 1], [3, 1], [3, 1], [3, 2], [4, 2], [4, 3], [4, 3], [4, 3], [4, 3], [5, 3], [5, 3], [5, 3], [6, 3], [6, 2], [6, 2], [6, 1], [5, 1], [5, 0], [5, 0], [5, 0], [5, 0], [6, 0], [5, 0], [5, 0], [5, 0], [5, 0], [5, 0], [5, 0], [5, 0], [5, 0], [5, 0], [5, 0], [5, 0], [5, 0], [5, 1], [5, 1], [6, 1], [6, 0], [6, 0], [6, 0], [5, 0], [4, 0], [4, 0], [4, 0], [3, 0], [3, 1], [3, 1], [3, 1], [3, 1], [3, 1], [3, 1], [3, 1], [3, 1], [2, 1], [3, 1], [3, 1], [3, 2], [3, 2], [3, 2]], "spawn_a": [2, 5], "spawn_b": [5, 5]}