{"pos": [[2, 3], [4, 2], [1, 3], [4, 1], [4, 3], [5, 1], [4, 4], [5, 2], [5, 4], [5, 3], [6, 4], [6, 3], [6, 5], [7, 3], [6, 3], [7, 4], [6, 4], [7, 3], [4, 4], [7, 4], [4, 5], [6, 4], [4, 6], [5, 4], [4, 7], [5, 5], [4, 5], [6, 5], [5, 5], [6, 4], [4, 5], [7, 4], [3, 5], [7, 3], [3, 6], [6, 3], [3, 7], [6, 4], [3, 5], [6, 5], [3, 4], [5, 5], [3, 3], [5, 6], [3, 2], [5, 7], [2, 2], [5, 6], [1, 2], [5, 7], [0, 2], [5, 6], [0, 3], [5, 7], [0, 4], [5, 6], [1, 4], [4, 6], [2, 4], [4, 5], [0, 4], [4, 6], [1, 4], [3, 6], [1, 3], [2, 6], [1, 4], [3, 6], [0, 4], [3, 5], [0, 2], [3, 6], [4, 2], [2, 6], [4, 1], [2, 7], [3, 1], [3, 7], [5, 1], [2, 7]], "a_points": [1, 1, 2, 2, 6, 6, 6, 6, 7, 7, 8, 8, 9, 9, 11, 11, 11, 11, 13, 13, 13, 13, 14, 14, 15, 15, 17, 17, 17, 17, 18, 18, 18, 18, 19, 19, 20, 20, 22, 22, 22, 22, 23, 23, 23, 23, 24, 24, 25, 25, 26, 26, 27, 27, 28, 28, 29, 29, 30, 30, 32, 32, 32, 32, 32, 32, 33, 33, 33, 33, 35, 35, 41, 41, 41, 41, 42, 42, 44, 44], "b_points": [0, 1, 1, 2, 2, 2, 2, 3, 3, 3, 3, 4, 4, 5, 5, 6, 6, 5, 5, 5, 5, 6, 6, 6, 6, 6, 6, 6, 6, 7, 7, 6, 6, 6, 6, 6, 6, 6, 6, 5, 5, 4, 4, 4, 4, 5, 5, 4, 4, 4, 4, 5, 5, 4, 4, 4, 4, 4, 4, 4, 4, 4, 4, 4, 4, 4, 4, 4, 4, 4, 4, 4, 4, 4, 4, 5, 5, 6, 6, 5], "a_turns_left": [39, 39, 38, 38, 37, 37, 36, 36, 35, 35, 34, 34, 33, 33, 32, 32, 31, 31, 30, 30, 29, 29, 28, 28, 27, 27, 26, 26, 25, 25, 24, 24, 23, 23, 22, 22, 21, 21, 20, 20, 19, 19, 18, 18, 17, 17, 16, 16, 15, 15, 14, 14, 13, 13, 12, 12, 11, 11, 10, 10, 9, 9, 8, 8, 7, 7, 6, 6, 5, 5, 4, 4, 3, 3, 2, 2, 1, 1, 0, 0], "b_turns_left": [40, 39, 39, 38, 38, 37, 37, 36, 36, 35, 35, 34, 34, 33, 33, 32, 32, 31, 31, 30, 30, 29, 29, 28, 28, 27, 27, 26, 26, 25, 25, 24, 24, 23, 23, 22, 22, 21, 21, 20, 20, 19, 19, 18, 18, 17, 17, 16, 16, 15, 15, 14, 14, 13, 13, 12, 12, 11, 11, 10, 10, 9, 9, 8, 8, 7, 7, 6, 6, 5, 5, 4, 4, 3, 3, 2, 2, 1, 1, 0], "a_time_left": [355.0099426249508, 355.0099426249508, 350.5015517498832, 350.5015517498832, 343.2815850828774, 343.2815850828774, 337.9594707918586, 337.9594707918586, 329.91447929188143, 329.91447929188143, 324.72498749988154, 324.72498749988154, 316.52610395883676, 316.52610395883676, 308.21648379287217, 308.21648379287217, 299.96953308489174, 299.96953308489174, 293.1906813348178, 293.1906813348178, 285.87391758477315, 285.87391758477315, 281.4430568347452, 281.4430568347452, 272.79286583478097, 272.79286583478097, 267.0983657517936, 267.0983657517936, 261.28727187681943, 261.28727187681943, 253.94059646083042, 253.94059646083042, 244.8833577109035, 244.8833577109035, 236.42411112692207, 236.42411112692207, 228.37350925186183, 228.37350925186183, 219.23618858482223, 219.23618858482223, 213.50949704274535, 213.50949704274535, 208.52514379273634, 208.52514379273634, 201.11581229267176, 201.11581229267176, 194.3391577086877, 194.3391577086877, 187.89760133367963, 187.89760133367963, 177.41271975066047, 177.41271975066047, 166.85872141772415, 166.85872141772415, 161.34298270975705, 161.34298270975705, 151.83217225165572, 151.83217225165572, 144.504908168572, 144.504908168572, 137.18527758459095, 137.18527758459095, 125.88625108462293, 125.88625108462293, 118.50246158463415, 118.50246158463415, 111.17809337563813, 111.17809337563813, 105.00451900064945, 105.00451900064945, 103.67410975066014, 103.67410975066014, 103.63283979264088, 103.63283979264088, 103.6157412516186, 103.6157412516186, 103.59236887667794, 103.59236887667794, 103.58742966863792, 103.58742966863792], "b_time_left": [360, 359.9999652089318, 359.9999652089318, 359.9999027089216, 359.9999027089216, 359.99988179292995, 359.99988179292995, 359.99986316787545, 359.99986316787545, 359.99980687594507, 359.99980687594507, 359.99974779295735, 359.99974779295735, 359.9996867099544, 359.9996867099544, 359.99962666793726, 359.99962666793726, 359.99954391783103, 359.99954391783103, 359.99948691786267, 359.99948691786267, 359.9993387098657, 359.9993387098657, 359.99931666778866, 359.99931666778866, 359.999262125697, 359.999262125697, 359.99899991671555, 359.99899991671555, 359.9989787506638, 359.9989787506638, 359.9989240426803, 359.9989240426803, 359.9988700847607, 359.9988700847607, 359.9988583767554, 359.9988583767554, 359.9988061687909, 359.9988061687909, 359.9987730847206, 359.9987730847206, 359.99876041780226, 359.99876041780226, 359.99867500085384, 359.99867500085384, 359.99866095988546, 359.99866095988546, 359.9986025019316, 359.9986025019316, 359.99858866794966, 359.99858866794966, 359.99853762600105, 359.99853762600105, 359.9984721260844, 359.9984721260844, 359.99845995905343, 359.99845995905343, 359.9984087510966, 359.9984087510966, 359.9983555841027, 359.9983555841027, 359.99834195908625, 359.99834195908625, 359.9982830421068, 359.9982830421068, 359.9981066250475, 359.9981066250475, 359.9980920830276, 359.9980920830276, 359.99803829099983, 359.99803829099983, 359.99800795794, 359.99800795794, 359.99799258296844, 359.99799258296844, 359.9979784160387, 359.9979784160387, 359.9979659160599, 359.9979659160599, 359.99795216612983], "rat_caught": [false, false, false, false, false, false, false, false, false, false, false, false, false, false, false, false, false, false, false, false, false, false, false, false, false, false, false, false, false, false, false, false, false, false, false, false, false, false, false, false, false, false, false, false, false, false, false, false, false, false, false, false, false, false, false, false, false, false, false, false, false, false, false, false, false, false, false, false, false, false, false, false, false, false, false, false, false, false, false, false], "left_behind": ["prime", "prime", "prime", "prime", "carpet", "plain", "plain", "prime", "prime", "plain", "prime", "prime", "prime", "prime", "carpet", "prime", "plain", "carpet", "carpet", "plain", "plain", "prime", "prime", "plain", "prime", "plain", "carpet", "plain", "plain", "prime", "prime", "carpet", "plain", "plain", "prime", "plain", "prime", "plain", "carpet", "carpet", "plain", "carpet", "prime", "plain", "plain", "prime", "prime", "carpet", "prime", "plain", "prime", "prime", "prime", "carpet", "prime", "plain", "prime", "plain", "prime", "plain", "carpet", "plain", "plain", "plain", "plain", "plain", "prime", "plain", "plain", "plain", "carpet", "plain", "carpet", "plain", "plain", "prime", "prime", "prime", "carpet", "carpet"], "errlog_a": "gg, the rat never stood a chance", "errlog_b": "", "start_time": 360, "start_moves": 80, "turn_count": 80, "result": 0, "reason": "POINTS", "trapdoors": [[5, 2], [5, 2], [5, 1], [5, 1], [5, 1], [5, 2], [5, 2], [5, 2], [5, 1], [5, 1], [5, 1], [5, 1], [4, 1], [5, 1], [5, 1], [5, 1], [5, 1], [4, 1], [3, 1], [3, 1], [3, 1], [3, 2], [3, 2], [3, 3], [3, 3], [3, 3], [3, 2], [2, 2], [2, 3], [2, 4], [2, 3], [2, 4], [2, 4], [2, 4], [2, 4], [2, 5], [1, 5], [1, 6], [0, 6], [0, 6], [0, 6], [0, 6], [0, 6], [1, 6], [1, 5], [2, 5], [2, 5], [2, 6], [2, 7], [3, 7], [4, 7], [3, 7], [4, 7], [5, 7], [5, 7], [5, 7], [5, 7], [5, 7], [5, 7], [5, 6], [5, 6], [5, 5], [5, 5], [5, 4], [6, 4], [5, 4], [6, 4], [6, 4], [6, 3], [7, 3], [7, 3], [7, 3], [7, 3], [7, 3], [7, 3], [7, 2], [7, 2], [6, 2], [6, 2], [6, 2], [6, 2]], "spawn_a": [3, 3], "spawn_b": [4, 3]}