{"pos": [[2, 3], [5, 3], [1, 3], [5, 4], [1, 2], [5, 5], [1, 3], [4, 5], [1, 4], [5, 5], [1, 3], [5, 6], [0, 3], [5, 5], [1, 3], [5, 4], [1, 4], [6, 4], [2, 4], [7, 4], [2, 3], [6, 4], [2, 2], [6, 3], [3, 2], [5, 3], [2, 2], [4, 3], [3, 2], [4, 2], [2, 2], [5, 2], [3, 2], [5, 3], [2, 2], [4, 3], [1, 2], [3, 3], [2, 2], [4, 3], [1, 2], [4, 2], [0, 2], [3, 2], [0, 3], [2, 2], [0, 4], [2, 3], [0, 3], [1, 3], [0, 4], [1, 2], [0, 3], [0, 2], [1, 3], [1, 2], [0, 3], [1, 3], [0, 2], [2, 3], [1, 2], [2, 2], [1, 3], [2, 4], [2, 3], [2, 5], [1, 3], [2, 4], [0, 3], [1, 4], [1, 3], [2, 4], [0, 3], [1, 4], [0, 4], [1, 3], [1, 4], [0, 3], [2, 4], [0, 2]], "a_points": [1, 1, 1, 1, 1, 1, 1, 1, 2, 2, 1, 1, 1, 1, 1, 1, 1, 1, 1, 1, 2, 2, 2, 2, 2, 2, 2, 2, 3, 3, 2, 2, 2, 2, 3, 3, 3, 3, 4, 4, 3, 3, 3, 3, 3, 3, 3, 3, 4, 4, 3, 3, 3, 3, 4, 4, 3, 3, 2, 2, 2, 2, 2, 2, 2, 2, 2, 2, 2, 2, 2, 2, 2, 2, 2, 2, 2, 2, 2, 2], "b_points": [0, 1, 1, 1, 1, 2, 2, 3, 3, 2, 2, 2, 2, 3, 3, 2, 2, 2, 2, 2, 2, 2, 2, 2, 2, 3, 3, 2, 2, 2, 2, 2, 2, 3, 3, 4, 4, 3, 3, 3, 3, 3, 3, 2, 2, 2, 2, 2, 2, 2, 2, 2, 2, 2, 2, 3, 3, 3, 3, 3, 3, 4, 4, 6, 6, 6, 6, 6, 6, 6, 6, 7, 7, 6, 6, 6, 6, 6, 6, 6], "a_turns_left": [39, 39, 38, 38, 37, 37, 36, 36, 35, 35, 34, 34, 33, 33, 32, 32, 31, 31, 30, 30, 29, 29, 28, 28, 27, 27, 26, 26, 25, 25, 24, 24, 23, 23, 22, 22, 21, 21, 20, 20, 19, 19, 18, 18, 17, 17, 16, 16, 15, 15, 14, 14, 13, 13, 12, 12, 11, 11, 10, 10, 9, 9, 8, 8, 7, 7, 6, 6, 5, 5, 4, 4, 3, 3, 2, 2, 1, 1, 0, 0], "b_turns_left": [40, 39, 39, 38, 38, 37, 37, 36, 36, 35, 35, 34, 34, 33, 33, 32, 32, 31, 31, 30, 30, 29, 29, 28, 28, 27, 27, 26, 26, 25, 25, 24, 24, 23, 23, 22, 22, 21, 21, 20, 20, 19, 19, 18, 18, 17, 17, 16, 16, 15, 15, 14, 14, 13, 13, 12, 12, 11, 11, 10, 10, 9, 9, 8, 8, 7, 7, 6, 6, 5, 5, 4, 4, 3, 3, 2, 2, 1, 1, 0], "a_time_left": [359.99985908402596, 359.99985908402596, 359.9997592930449, 359.9997592930449, 359.9996616260614, 359.9996616260614, 359.99956475105137, 359.99956475105137, 359.9994551669806, 359.9994551669806, 359.99936362495646, 359.99936362495646, 359.9992865838576, 359.9992865838576, 359.99919629190117, 359.99919629190117, 359.9991262498079, 359.9991262498079, 359.9990430828184, 359.9990430828184, 359.99898254172876, 359.99898254172876, 359.9989177916432, 359.9989177916432, 359.9988286666339, 359.9988286666339, 359.9987591666868, 359.9987591666868, 359.9986979587702, 359.9986979587702, 359.99860929173883, 359.99860929173883, 359.99853262573015, 359.99853262573015, 359.9984651678242, 359.9984651678242, 359.99836783483624, 359.99836783483624, 359.99826504383236, 359.99826504383236, 359.9981807938311, 359.9981807938311, 359.9981130438391, 359.9981130438391, 359.99800546083134, 359.99800546083134, 359.9979284198489, 359.9979284198489, 359.9978562948527, 359.9978562948527, 359.99776725284755, 359.99776725284755, 359.9976798357675, 359.9976798357675, 359.997613835847, 359.997613835847, 359.9975350438617, 359.9975350438617, 359.9974462108221, 359.9974462108221, 359.9973601688398, 359.9973601688398, 359.9972866688622, 359.9972866688622, 359.9972324188566, 359.9972324188566, 359.9971739188768, 359.9971739188768, 359.9971236268757, 359.9971236268757, 359.9970644179266, 359.9970644179266, 359.9969783339184, 359.9969783339184, 359.99688320886344, 359.99688320886344, 359.9967965008691, 359.9967965008691, 359.99672470986843, 359.99672470986843], "b_time_left": [360, 359.99997179198544, 359.99997179198544, 359.99995966698043, 359.99995966698043, 359.99994395894464, 359.99994395894464, 359.99993041693233, 359.99993041693233, 359.9999148339266, 359.9999148339266, 359.9999002509285, 359.9999002509285, 359.99988454196136, 359.99988454196136, 359.99987266690005, 359.99987266690005, 359.99986054189503, 359.99986054189503, 359.99984829185996, 359.99984829185996, 359.99983954185154, 359.99983954185154, 359.9998297918355, 359.9998297918355, 359.9998190838378, 359.9998190838378, 359.99980929191224, 359.99980929191224, 359.999801708851, 359.999801708851, 359.9997879167786, 359.9997879167786, 359.999774208758, 359.999774208758, 359.9997567087412, 359.9997567087412, 359.9997425007168, 359.9997425007168, 359.99972804274876, 359.99972804274876, 359.99971554277, 359.99971554277, 359.9997044177726, 359.9997044177726, 359.9996763758827, 359.9996763758827, 359.99966725090053, 359.99966725090053, 359.9996557928389, 359.9996557928389, 359.99962600076105, 359.99962600076105, 359.999616250745, 359.999616250745, 359.99960350082256, 359.99960350082256, 359.99958683375735, 359.99958683375735, 359.999575125752, 359.999575125752, 359.99956354277674, 359.99956354277674, 359.99955391779076, 359.99955391779076, 359.9995452098083, 359.9995452098083, 359.9995387508534, 359.9995387508534, 359.9995304598706, 359.9995304598706, 359.9995142938569, 359.9995142938569, 359.9994970028056, 359.9994970028056, 359.99948387790937, 359.99948387790937, 359.99947196186986, 359.99947196186986, 359.99946471187286], "rat_caught": [false, false, false, false, false, false, false, false, false, false, false, false, false, false, false, false, false, false, false, false, false, false, false, false, false, false, false, false, false, false, false, false, false, false, false, false, false, false, false, false, false, false, false, false, false, false, false, false, false, false, false, false, false, false, false, false, false, false, false, false, false, false, false, false, false, false, false, false, false, false, false, false, false, false, false, false, false, false, false, false], "left_behind": ["prime", "prime", "plain", "plain", "plain", "prime", "plain", "prime", "prime", "carpet", "carpet", "plain", "plain", "prime", "plain", "carpet", "plain", "plain", "plain", "plain", "prime", "plain", "plain", "plain", "plain", "prime", "plain", "carpet", "prime", "plain", "carpet", "plain", "plain", "prime", "prime", "prime", "plain", "carpet", "prime", "plain", "carpet", "plain", "plain", "carpet", "plain", "plain", "plain", "plain", "prime", "plain", "carpet", "plain", "plain", "plain", "prime", "prime", "carpet", "plain", "carpet", "plain", "plain", "prime", "plain", "carpet", "plain", "plain", "plain", "plain", "plain", "plain", "plain", "prime", "plain", "carpet", "plain", "plain", "plain", "plain", "plain", "plain"], "errlog_a": "gg, the rat never stood a chance", "errlog_b": "", "start_time": 360, "start_moves": 80, "turn_count": 80, "result": 1, "reason": "POINTS", "trapdoors": [[0, 6], [0, 6], [0, 5], [0, 4], [0, 4], [0, 4], [0, 3], [0, 3], [0, 3], [0, 3], [0, 3], [0, 2], [0, 1], [0, 1], [0, 1], [0, 1], [0, 1], [1, 1], [1, 1], [1, 1], [1, 1], [1, 1], [1, 1], [1, 2], [1, 2], [1, 2], [0, 2], [0, 2], [0, 1], [0, 1], [0, 1], [0, 1], [0, 1], [0, 1], [0, 1], [0, 1], [0, 0], [0, 0], [1, 0], [2, 0], [3, 0], [3, 0], [4, 0], [5, 0], [5, 0], [5, 0], [5, 0], [5, 0], [5, 0], [6, 0], [5, 0], [5, 0], [6, 0], [7, 0], [7, 0], [7, 0], [7, 0], [7, 0], [7, 0], [7, 1], [7, 2], [7, 3], [7, 4], [7, 4], [7, 5], [7, 5], [7, 5], [7, 5], [7, 5], [7, 5], [7, 5], [7, 6], [7, 6], [7, 6], [7, 6], [7, 6], [7, 6], [7, 7], [7, 7], [7, 7], [7, 7]], "spawn_a": [3, 3], "spawn_b": [4, 3]}