{"pos": [[1, 3], [5, 2], [1, 4], [4, 2], [1, 5], [5, 2], [1, 4], [4, 2], [1, 5], [3, 2], [1, 4], [3, 3], [1, 5], [4, 3], [1, 4], [2, 3], [2, 4], [3, 3], [2, 5], [2, 3], [2, 4], [2, 2], [2, 3], [3, 2], [2, 4], [3, 3], [3, 4], [4, 3], [3, 5], [3, 3], [2, 5], [4, 3], [3, 5], [3, 3], [3, 6], [2, 3], [4, 6], [2, 2], [4, 7], [1, 2], [3, 7], [0, 2], [3, 6], [0, 3], [4, 6], [1, 3], [3, 6], [1, 4], [3, 5], [0, 4], [3, 4], [0, 5], [4, 4], [1, 5], [4, 3], [1, 4], [5, 3], [1, 5], [4, 3], [0, 5], [4, 4], [1, 5], [3, 4], [1, 4], [3, 5], [0, 4], [2, 5], [0, 5], [2, 4], [0, 4], [2, 5], [1, 4], [3, 5], [1, 3], [3, 4], [1, 2], [3, 3], [2, 2], [4, 3], [4, 2]], "a_points": [1, 1, 2, 2, 2, 2, 3, 3, 2, 2, 2, 2, 3, 3, 2, 2, 2, 2, 2, 2, 2, 2, 2, 2, 2, 2, 2, 2, 3, 3, 4, 4, 3, 3, 3, 3, 4, 4, 4, 4, 5, 5, 4, 4, 4, 4, 4, 4, 4, 4, 3, 3, 3, 3, 4, 4, 4, 4, 4, 4, 3, 3, 3, 3, 3, 3, 3, 3, 3, 3, 4, 4, 5, 5, 5, 5, 5, 5, 5, 5], "b_points": [0, 0, 0, 0, 0, 0, 0, 0, 0, 1, 1, 1, 1, 2, 2, 4, 4, 4, 4, 4, 4, 4, 4, 5, 5, 6, 6, 6, 6, 7, 7, 6, 6, 6, 6, 6, 6, 5, 5, 5, 5, 5, 5, 6, 6, 5, 5, 5, 5, 5, 5, 6, 6, 7, 7, 7, 7, 7, 7, 6, 6, 6, 6, 6, 6, 5, 5, 5, 5, 5, 5, 5, 5, 5, 5, 5, 5, 6, 6, 8], "a_turns_left": [39, 39, 38, 38, 37, 37, 36, 36, 35, 35, 34, 34, 33, 33, 32, 32, 31, 31, 30, 30, 29, 29, 28, 28, 27, 27, 26, 26, 25, 25, 24, 24, 23, 23, 22, 22, 21, 21, 20, 20, 19, 19, 18, 18, 17, 17, 16, 16, 15, 15, 14, 14, 13, 13, 12, 12, 11, 11, 10, 10, 9, 9, 8, 8, 7, 7, 6, 6, 5, 5, 4, 4, 3, 3, 2, 2, 1, 1, 0, 0], "b_turns_left": [40, 39, 39, 38, 38, 37, 37, 36, 36, 35, 35, 34, 34, 33, 33, 32, 32, 31, 31, 30, 30, 29, 29, 28, 28, 27, 27, 26, 26, 25, 25, 24, 24, 23, 23, 22, 22, 21, 21, 20, 20, 19, 19, 18, 18, 17, 17, 16, 16, 15, 15, 14, 14, 13, 13, 12, 12, 11, 11, 10, 10, 9, 9, 8, 8, 7, 7, 6, 6, 5, 5, 4, 4, 3, 3, 2, 2, 1, 1, 0], "a_time_left": [359.9998916249024, 359.9998916249024, 359.99981199984904, 359.99981199984904, 359.9997415828984, 359.9997415828984, 359.99968379188795, 359.99968379188795, 359.9995929589495, 359.9995929589495, 359.99951141688507, 359.99951141688507, 359.99942045786884, 359.99942045786884, 359.9993380829692, 359.9993380829692, 359.999244207982, 359.999244207982, 359.9991602919763, 359.9991602919763, 359.99907608295325, 359.99907608295325, 359.99900712503586, 359.99900712503586, 359.9989457920892, 359.9989457920892, 359.99889270903077, 359.99889270903077, 359.99883600103203, 359.99883600103203, 359.9987648760434, 359.9987648760434, 359.9987110430375, 359.9987110430375, 359.9986497090431, 359.9986497090431, 359.9985846669879, 359.9985846669879, 359.99853191699367, 359.99853191699367, 359.9984811668983, 359.9984811668983, 359.99843095894903, 359.99843095894903, 359.99838237592485, 359.99838237592485, 359.9983325419016, 359.9983325419016, 359.99828499986324, 359.99828499986324, 359.9982384998584, 359.9982384998584, 359.9981843328569, 359.9981843328569, 359.9981300828513, 359.9981300828513, 359.99807599990163, 359.99807599990163, 359.99801387498155, 359.99801387498155, 359.9979590830626, 359.9979590830626, 359.9979068740504, 359.9979068740504, 359.99785037408583, 359.99785037408583, 359.9977976650698, 359.9977976650698, 359.9977431651205, 359.9977431651205, 359.99767758208327, 359.99767758208327, 359.9976235399954, 359.9976235399954, 359.99756303988397, 359.99756303988397, 359.9975098319119, 359.9975098319119, 359.9974552069325, 359.9974552069325], "b_time_left": [360, 359.9999785409309, 359.9999785409309, 359.999964123941, 359.999964123941, 359.99995424889494, 359.99995424889494, 359.9999424988637, 359.9999424988637, 359.999929956859, 359.999929956859, 359.99991445685737, 359.99991445685737, 359.99989895685576, 359.99989895685576, 359.99988245684654, 359.99988245684654, 359.99986845685635, 359.99986845685635, 359.9998577068327, 359.9998577068327, 359.9998467908008, 359.9998467908008, 359.99983787478413, 359.99983787478413, 359.99982891685795, 359.99982891685795, 359.999819124816, 359.999819124816, 359.9998100838857, 359.9998100838857, 359.999799208832, 359.999799208832, 359.99978974985424, 359.99978974985424, 359.9997826667968, 359.9997826667968, 359.9997757917736, 359.9997757917736, 359.99976704176515, 359.99976704176515, 359.99975949979853, 359.99975949979853, 359.9997526668012, 359.9997526668012, 359.99974574986845, 359.99974574986845, 359.99973970791325, 359.99973970791325, 359.99973341589794, 359.99973341589794, 359.99972541595344, 359.99972541595344, 359.9997177909827, 359.9997177909827, 359.9997110409895, 359.9997110409895, 359.9997020820156, 359.9997020820156, 359.9996946649626, 359.9996946649626, 359.9996883319691, 359.9996883319691, 359.99968145694584, 359.99968145694584, 359.9996714158915, 359.9996714158915, 359.9996621658793, 359.9996621658793, 359.9996564158937, 359.9996564158937, 359.9996501657879, 359.9996501657879, 359.9996407487197, 359.9996407487197, 359.9996342067607, 359.9996342067607, 359.9996265406953, 359.9996265406953, 359.99961712467484], "rat_caught": [false, false, false, false, false, false, false, false, false, false, false, false, false, false, false, false, false, false, false, false, false, false, false, false, false, false, false, false, false, false, false, false, false, false, false, false, false, false, false, false, false, false, false, false, false, false, false, false, false, false, false, false, false, false, false, false, false, false, false, false, false, false, false, false, false, false, false, false, false, false, false, false, false, false, false, false, false, false, false, false], "left_behind": ["prime", "plain", "prime", "plain", "plain", "plain", "prime", "plain", "carpet", "prime", "plain", "plain", "prime", "prime", "carpet", "carpet", "plain", "plain", "plain", "plain", "plain", "plain", "plain", "prime", "plain", "prime", "plain", "plain", "prime", "prime", "prime", "carpet", "carpet", "plain", "plain", "plain", "prime", "carpet", "plain", "plain", "prime", "plain", "carpet", "prime", "plain", "carpet", "plain", "plain", "plain", "plain", "carpet", "prime", "plain", "prime", "prime", "plain", "plain", "plain", "plain", "carpet", "carpet", "plain", "plain", "plain", "plain", "carpet", "plain", "plain", "plain", "plain", "prime", "plain", "prime", "plain", "plain", "plain", "plain", "prime", "plain", "carpet"], "errlog_a": "gg, the rat never stood a chance", "errlog_b": "", "start_time": 360, "start_moves": 80, "turn_count": 80, "result": 1, "reason": "POINTS", "trapdoors": [[5, 7], [4, 7], [4, 7], [4, 7], [4, 7], [4, 7], [4, 7], [4, 7], [4, 7], [3, 7], [3, 7], [3, 7], [2, 7], [1, 7], [1, 7], [1, 7], [1, 7], [0, 7], [0, 7], [1, 7], [1, 7], [1, 7], [0, 7], [0, 7], [0, 7], [0, 6], [0, 6], [0, 5], [0, 5], [0, 4], [0, 3], [0, 3], [0, 2], [0, 1], [0, 1], [0, 1], [0, 0], [0, 1], [0, 0], [0, 0], [0, 0], [1, 0], [2, 0], [2, 0], [2, 0], [2, 0], [1, 0], [1, 0], [1, 0], [1, 0], [1, 0], [2, 0], [3, 0], [4, 0], [4, 0], [4, 0], [4, 0], [4, 0], [4, 0], [5, 0], [5, 0], [6, 0], [6, 0], [6, 0], [6, 0], [6, 0], [7, 0], [7, 1], [7, 1], [7, 1], [6, 1], [7, 1], [7, 2], [7, 3], [7, 4], [7, 4], [7, 3], [7, 4], [7, 4], [7, 4], [7, 4]], "spawn_a": [2, 3], "spawn_b": [5, 3]}