{"pos": [[2, 4], [6, 5], [2, 5], [7, 5], [2, 6], [5, 5], [2, 5], [6, 5], [3, 5], [5, 5], [4, 5], [6, 5], [4, 6], [6, 4], [4, 5], [6, 5], [5, 5], [7, 5], [6, 5], [7, 4], [7, 5], [7, 3], [7, 4], [6, 3], [6, 4], [7, 3], [7, 4], [6, 3], [7, 5], [7, 3], [7, 4], [6, 3], [7, 3], [6, 4], [6, 3], [7, 4], [5, 3], [6, 4], [5, 4], [6, 3], [6, 4], [7, 3], [6, 3], [7, 4], [6, 4], [7, 3], [6, 3], [7, 4], [6, 4], [7, 5], [6, 3], [7, 4], [7, 3], [7, 5], [6, 3], [6, 5], [5, 3], [5, 5], [6, 3], [4, 5], [6, 4], [4, 6], [6, 3], [4, 5], [7, 3], [4, 4], [6, 3], [5, 4], [5, 3], [4, 4], [5, 2], [4, 3], [4, 2], [4, 6], [4, 1], [4, 7], [3, 1], [3, 7], [3, 2], [4, 7]], "a_points": [0, 0, 1, 1, 1, 1, 1, 1, 1, 1, 2, 2, 2, 2, 2, 2, 2, 2, 2, 2, 1, 1, 1, 1, 0, 0, 0, 0, 1, 1, 0, 0, 0, 0, 0, 0, 1, 1, 1, 1, 1, 1, 1, 1, 1, 1, 1, 1, 1, 1, 1, 1, 1, 1, 1, 1, 1, 1, 1, 1, 1, 1, 1, 1, 1, 1, 1, 1, 1, 1, 1, 1, 2, 2, 3, 3, 3, 3, 4, 4], "b_points": [0, 1, 1, 2, 2, 4, 4, 4, 4, 4, 4, 4, 4, 4, 4, 5, 5, 5, 5, 6, 6, 6, 6, 6, 6, 6, 6, 7, 7, 6, 6, 6, 6, 6, 6, 6, 6, 6, 6, 5, 5, 5, 5, 5, 5, 5, 5, 5, 5, 5, 5, 5, 5, 5, 5, 5, 5, 5, 5, 5, 5, 5, 5, 6, 6, 7, 7, 7, 7, 7, 7, 8, 8, 12, 12, 12, 12, 13, 13, 12], "a_turns_left": [39, 39, 38, 38, 37, 37, 36, 36, 35, 35, 34, 34, 33, 33, 32, 32, 31, 31, 30, 30, 29, 29, 28, 28, 27, 27, 26, 26, 25, 25, 24, 24, 23, 23, 22, 22, 21, 21, 20, 20, 19, 19, 18, 18, 17, 17, 16, 16, 15, 15, 14, 14, 13, 13, 12, 12, 11, 11, 10, 10, 9, 9, 8, 8, 7, 7, 6, 6, 5, 5, 4, 4, 3, 3, 2, 2, 1, 1, 0, 0], "b_turns_left": [40, 39, 39, 38, 38, 37, 37, 36, 36, 35, 35, 34, 34, 33, 33, 32, 32, 31, 31, 30, 30, 29, 29, 28, 28, 27, 27, 26, 26, 25, 25, 24, 24, 23, 23, 22, 22, 21, 21, 20, 20, 19, 19, 18, 18, 17, 17, 16, 16, 15, 15, 14, 14, 13, 13, 12, 12, 11, 11, 10, 10, 9, 9, 8, 8, 7, 7, 6, 6, 5, 5, 4, 4, 3, 3, 2, 2, 1, 1, 0], "a_time_left": [359.99922283296473, 359.99922283296473, 359.9991298329551, 359.9991298329551, 359.99905887490604, 359.99905887490604, 359.99898737482727, 359.99898737482727, 359.99891204189043, 359.99891204189043, 359.99884870881215, 359.99884870881215, 359.9987796257483, 359.9987796257483, 359.9987177926814, 359.9987177926814, 359.998636542703, 359.998636542703, 359.9985682927072, 359.9985682927072, 359.9984909177292, 359.9984909177292, 359.9984316256596, 359.9984316256596, 359.9983697925927, 359.9983697925927, 359.99829983361997, 359.99829983361997, 359.9982356246328, 359.9982356246328, 359.9981660415651, 359.9981660415651, 359.9981052496005, 359.9981052496005, 359.9980297916336, 359.9980297916336, 359.99795812461525, 359.99795812461525, 359.9978941666195, 359.9978941666195, 359.99783379165456, 359.99783379165456, 359.99777691671625, 359.99777691671625, 359.9977207496995, 359.9977207496995, 359.99764445773326, 359.99764445773326, 359.9975819158135, 359.9975819158135, 359.9975079988362, 359.9975079988362, 359.9974469158333, 359.9974469158333, 359.9973831658717, 359.9973831658717, 359.9972935828846, 359.9972935828846, 359.9972130408278, 359.9972130408278, 359.99715224886313, 359.99715224886313, 359.9970883318456, 359.9970883318456, 359.99701912282035, 359.99701912282035, 359.9969490817748, 359.9969490817748, 359.9968869567383, 359.9968869567383, 359.9968271657126, 359.9968271657126, 359.9967693736544, 359.9967693736544, 359.996685040649, 359.996685040649, 359.99659954058006, 359.99659954058006, 359.99653974862304, 359.99653974862304], "b_time_left": [360, 359.99998079100624, 359.99998079100624, 359.99996920803096, 359.99996920803096, 359.99996145803016, 359.99996145803016, 359.9999545830069, 359.9999545830069, 359.9999466249719, 359.9999466249719, 359.9999404170085, 359.9999404170085, 359.99993383302353, 359.99993383302353, 359.99992470804136, 359.99992470804136, 359.9999151659431, 359.9999151659431, 359.99990949896164, 359.99990949896164, 359.9999027909944, 359.9999027909944, 359.9998964990955, 359.9998964990955, 359.99988995702006, 359.99988995702006, 359.9998837900348, 359.9998837900348, 359.999876581016, 359.999876581016, 359.9998711220687, 359.9998711220687, 359.9998613720527, 359.9998613720527, 359.99985303811263, 359.99985303811263, 359.999846455059, 359.999846455059, 359.99983999703545, 359.99983999703545, 359.9998345380882, 359.9998345380882, 359.9998299961444, 359.9998299961444, 359.99982549622655, 359.99982549622655, 359.99982112122234, 359.99982112122234, 359.9998164132703, 359.9998164132703, 359.99981074617244, 359.99981074617244, 359.9998044122476, 359.9998044122476, 359.9997960792389, 359.9997960792389, 359.999786537257, 359.999786537257, 359.99977882928215, 359.99977882928215, 359.9997706633294, 359.9997706633294, 359.99976324639283, 359.99976324639283, 359.99975195445586, 359.99975195445586, 359.99974395439494, 359.99974395439494, 359.9997377874097, 359.9997377874097, 359.9997308293823, 359.9997308293823, 359.9997184954118, 359.9997184954118, 359.9997095784638, 359.9997095784638, 359.99970270344056, 359.99970270344056, 359.99969591142144], "rat_caught": [false, false, false, false, false, false, false, false, false, false, false, false, false, false, false, false, false, false, false, false, false, false, false, false, false, false, false, false, false, false, false, false, false, false, false, false, false, false, false, false, false, false, false, false, false, false, false, false, false, false, false, false, false, false, false, false, false, false, false, false, false, false, false, false, false, false, false, false, false, false, false, false, false, false, false, false, false, false, false, false], "left_behind": ["plain", "prime", "prime", "prime", "plain", "carpet", "plain", "plain", "plain", "plain", "prime", "plain", "plain", "plain", "plain", "prime", "plain", "plain", "plain", "prime", "carpet", "plain", "plain", "plain", "carpet", "plain", "plain", "prime", "prime", "carpet", "carpet", "plain", "plain", "plain", "plain", "plain", "prime", "plain", "plain", "carpet", "plain", "plain", "plain", "plain", "plain", "plain", "plain", "plain", "plain", "plain", "plain", "plain", "plain", "plain", "plain", "plain", "plain", "plain", "plain", "plain", "plain", "plain", "plain", "prime", "plain", "prime", "plain", "plain", "plain", "plain", "plain", "prime", "prime", "carpet", "prime", "plain", "plain", "prime", "prime", "carpet"], "errlog_a": "gg, the rat never stood a chance", "errlog_b": "", "start_time": 360, "start_moves": 80, "turn_count": 80, "result": 1, "reason": "POINTS", "trapdoors": [[7, 5], [7, 5], [7, 6], [7, 6], [7, 6], [7, 7], [7, 7], [7, 7], [6, 7], [6, 7], [6, 7], [6, 7], [6, 7], [6, 7], [5, 7], [4, 7], [3, 7], [3, 7], [3, 7], [3, 7], [3, 7], [3, 7], [3, 7], [2, 7], [1, 7], [1, 7], [1, 7], [1, 7], [1, 7], [1, 7], [1, 7], [0, 7], [0, 6], [0, 6], [0, 6], [0, 6], [0, 6], [0, 6], [0, 6], [0, 6], [0, 5], [0, 5], [0, 5], [1, 5], [1, 5], [1, 4], [1, 4], [1, 3], [1, 3], [1, 3], [1, 2], [0, 2], [0, 2], [0, 2], [0, 1], [0, 1], [0, 1], [1, 1], [1, 1], [1, 1], [1, 1], [1, 1], [1, 0], [2, 0], [3, 0], [3, 0], [3, 0], [3, 0], [3, 0], [3, 1], [3, 1], [4, 1], [4, 1], [5, 1], [6, 1], [6, 2], [6, 2], [6, 2], [6, 3], [6, 4], [6, 4]], "spawn_a": [2, 5], "spawn_b": [5, 5]}