{"pos": [[3, 3], [5, 4], [3, 4], [5, 5], [3, 5], [6, 5], [3, 6], [7, 5], [3, 7], [7, 4], [3, 3], [7, 5], [4, 3], [6, 5], [5, 3], [5, 5], [6, 3], [6, 5], [6, 4], [5, 5], [6, 5], [5, 4], [6, 3], [5, 5], [6, 2], [6, 5], [7, 2], [7, 5], [6, 2], [6, 5], [5, 2], [5, 5], [5, 1], [5, 4], [5, 0], [6, 4], [4, 0], [7, 4], [4, 1], [7, 3], [4, 2], [7, 4], [3, 2], [7, 3], [2, 2], [6, 3], [1, 2], [6, 2], [5, 2], [6, 3], [5, 3], [6, 2], [5, 2], [7, 2], [5, 3], [6, 2], [5, 2], [7, 2], [5, 3], [6, 2], [5, 2], [7, 2], [4, 2], [7, 3], [4, 0], [7, 2], [4, 1], [6, 2], [3, 1], [6, 3], [3, 0], [6, 4], [2, 0], [7, 4], [2, 1], [7, 5], [2, 2], [6, 5], [2, 0], [6, 4]], "a_points": [1, 1, 2, 2, 3, 3, 4, 4, 5, 5, 11, 11, 11, 11, 12, 12, 12, 12, 13, 13, 14, 14, 16, 16, 16, 16, 16, 16, 17, 17, 18, 18, 19, 19, 20, 20, 21, 21, 22, 22, 23, 23, 24, 24, 25, 25, 26, 26, 32, 32, 32, 32, 32, 32, 32, 32, 32, 32, 32, 32, 32, 32, 32, 32, 34, 34, 34, 34, 34, 34, 35, 35, 36, 36, 37, 37, 38, 38, 40, 40], "b_points": [0, 0, 0, 1, 1, 2, 2, 3, 3, 3, 3, 4, 4, 3, 3, 2, 2, 2, 2, 2, 2, 1, 1, 1, 1, 1, 1, 1, 1, 1, 1, 1, 1, 1, 1, 1, 1, 0, 0, 0, 0, 1, 1, 0, 0, 0, 0, -1, -1, -1, -1, -1, -1, -2, -2, -2, -2, -2, -2, -2, -2, -2, -2, -2, -2, -2, -2, -2, -2, -2, -2, -2, -2, -2, -2, -2, -2, -2, -2, -2], "a_turns_left": [39, 39, 38, 38, 37, 37, 36, 36, 35, 35, 34, 34, 33, 33, 32, 32, 31, 31, 30, 30, 29, 29, 28, 28, 27, 27, 26, 26, 25, 25, 24, 24, 23, 23, 22, 22, 21, 21, 20, 20, 19, 19, 18, 18, 17, 17, 16, 16, 15, 15, 14, 14, 13, 13, 12, 12, 11, 11, 10, 10, 9, 9, 8, 8, 7, 7, 6, 6, 5, 5, 4, 4, 3, 3, 2, 2, 1, 1, 0, 0], "b_turns_left": [40, 39, 39, 38, 38, 37, 37, 36, 36, 35, 35, 34, 34, 33, 33, 32, 32, 31, 31, 30, 30, 29, 29, 28, 28, 27, 27, 26, 26, 25, 25, 24, 24, 23, 23, 22, 22, 21, 21, 20, 20, 19, 19, 18, 18, 17, 17, 16, 16, 15, 15, 14, 14, 13, 13, 12, 12, 11, 11, 10, 10, 9, 9, 8, 8, 7, 7, 6, 6, 5, 5, 4, 4, 3, 3, 2, 2, 1, 1, 0], "a_time_left": [352.3259703749791, 352.3259703749791, 344.8603220829973, 344.8603220829973, 337.7663558329223, 337.7663558329223, 329.9148371249903, 329.9148371249903, 322.0415655419929, 322.0415655419929, 317.772686042008, 317.772686042008, 310.1907827919349, 310.1907827919349, 302.7781627919758, 302.7781627919758, 297.46174679195974, 297.46174679195974, 289.18086391699035, 289.18086391699035, 280.87936391693074, 280.87936391693074, 274.4011224168353, 274.4011224168353, 267.6547230418073, 267.6547230418073, 260.31374008290004, 260.31374008290004, 254.81039604195394, 254.81039604195394, 250.2238292088732, 250.2238292088732, 242.45783670886885, 242.45783670886885, 234.28540379193146, 234.28540379193146, 227.57721124996897, 227.57721124996897, 219.5142544999253, 219.5142544999253, 214.0500859998865, 214.0500859998865, 207.83217191696167, 207.83217191696167, 201.69745199999306, 201.69745199999306, 195.80426783289295, 195.80426783289295, 186.078902082867, 186.078902082867, 178.38030212488957, 178.38030212488957, 172.23180245782714, 172.23180245782714, 166.16078804177232, 166.16078804177232, 159.80893304175697, 159.80893304175697, 152.16405929171015, 152.16405929171015, 139.69331020873506, 139.69331020873506, 127.87790333374869, 127.87790333374869, 120.13539187575225, 120.13539187575225, 115.3961467097979, 115.3961467097979, 114.49798033479601, 114.49798033479601, 114.20496133482084, 114.20496133482084, 114.12676516885404, 114.12676516885404, 114.06597716885153, 114.06597716885153, 114.06095146085136, 114.06095146085136, 114.05475862778258, 114.05475862778258], "b_time_left": [360, 359.9997840409633, 359.9997840409633, 359.9997676239582, 359.9997676239582, 359.9934199579293, 359.9934199579293, 359.9933711249614, 359.9933711249614, 359.99335112492554, 359.99335112492554, 359.9933364589233, 359.9933364589233, 359.99332308396697, 359.99332308396697, 359.99330170894973, 359.99330170894973, 359.99328825087287, 359.99328825087287, 359.9932666668901, 359.9932666668901, 359.99325220892206, 359.99325220892206, 359.993157000863, 359.993157000863, 359.99314383382443, 359.99314383382443, 359.9930808758363, 359.9930808758363, 359.9930670837639, 359.9930670837639, 359.9930542927468, 359.9930542927468, 359.99300458375365, 359.99300458375365, 359.99293879175093, 359.99293879175093, 359.9929253747687, 359.9929253747687, 359.9928767918609, 359.9928767918609, 359.9928146258462, 359.9928146258462, 359.99280141782947, 359.99280141782947, 359.9927534589078, 359.9927534589078, 359.99270225095097, 359.99270225095097, 359.9926479168935, 359.9926479168935, 359.99262220889796, 359.99262220889796, 359.99260625091847, 359.99260625091847, 359.99258662597276, 359.99258662597276, 359.992574125994, 359.992574125994, 359.99241729301866, 359.99241729301866, 359.9923638351029, 359.9923638351029, 359.99231387709733, 359.99231387709733, 359.99226387706585, 359.99226387706585, 359.99225179408677, 359.99225179408677, 359.992239294108, 359.992239294108, 359.9922257520957, 359.9922257520957, 359.99221454316285, 359.99221454316285, 359.9922017091885, 359.9922017091885, 359.9921922511421, 359.9921922511421, 359.9921844601631], "rat_caught": [false, false, false, false, false, false, false, false, false, false, false, false, false, false, false, false, false, false, false, false, false, false, false, false, false, false, false, false, false, false, false, false, false, false, false, false, false, false, false, false, false, false, false, false, false, false, false, false, false, false, false, false, false, false, false, false, false, false, false, false, false, false, false, false, false, false, false, false, false, false, false, false, false, false, false, false, false, false, false, false], "left_behind": ["prime", "plain", "prime", "prime", "prime", "prime", "prime", "prime", "prime", "plain", "carpet", "prime", "plain", "carpet", "prime", "carpet", "plain", "plain", "prime", "plain", "prime", "carpet", "carpet", "plain", "plain", "plain", "plain", "plain", "prime", "plain", "prime", "plain", "prime", "plain", "prime", "plain", "prime", "carpet", "prime", "plain", "prime", "prime", "prime", "carpet", "prime", "plain", "prime", "carpet", "carpet", "plain", "plain", "plain", "plain", "carpet", "plain", "plain", "plain", "plain", "plain", "plain", "plain", "plain", "plain", "plain", "carpet", "plain", "plain", "plain", "plain", "plain", "prime", "plain", "prime", "plain", "prime", "plain", "prime", "plain", "carpet", "plain"], "errlog_a": "gg, the rat never stood a chance", "errlog_b": "", "start_time": 360, "start_moves": 80, "turn_count": 80, "result": 0, "reason": "POINTS", "trapdoors": [[2, 0], [1, 0], [1, 0], [1, 1], [1, 1], [1, 1], [1, 1], [1, 1], [1, 1], [1, 2], [1, 2], [1, 1], [1, 1], [1, 1], [0, 1], [0, 1], [0, 1], [1, 1], [1, 1], [1, 1], [1, 1], [1, 1], [1, 1], [1, 1], [1, 2], [1, 2], [1, 2], [2, 2], [2, 3], [2, 3], [1, 3], [1, 3], [1, 3], [1, 4], [1, 4], [1, 4], [1, 4], [1, 5], [0, 5], [0, 5], [0, 5], [0, 6], [0, 7], [0, 7], [0, 7], [1, 7], [1, 7], [2, 7], [2, 7], [3, 7], [2, 7], [2, 7], [2, 7], [2, 6], [3, 6], [3, 6], [3, 6], [3, 6], [3, 5], [3, 6], [3, 6], [3, 6], [3, 6], [4, 6], [4, 6], [4, 6], [4, 6], [4, 6], [4, 6], [4, 5], [4, 5], [5, 5], [5, 5], [5, 5], [5, 5], [5, 5], [5, 4], [5, 4], [5, 4], [5, 5], [5, 4]], "spawn_a": [2, 3], "spawn_b": [5, 3]}