{"pos": [[3, 3], [5, 4], [4, 3], [4, 4], [5, 3], [4, 5], [6, 3], [5, 5], [6, 4], [4, 5], [6, 5], [3, 5], [7, 5], [3, 4], [6, 5], [3, 5], [5, 5], [2, 5], [6, 5], [3, 5], [5, 5], [4, 5], [5, 4], [5, 5], [5, 3], [3, 5], [4, 3], [3, 6], [3, 3], [3, 7], [4, 3], [4, 7], [4, 4], [4, 6], [3, 4], [4, 7], [2, 4], [3, 7], [3, 4], [2, 7], [3, 5], [2, 6], [4, 5], [3, 6], [3, 5], [3, 7], [3, 4], [4, 7], [3, 5], [3, 7], [3, 6], [4, 7], [3, 5], [4, 6], [4, 5], [4, 7], [3, 5], [3, 7], [3, 4], [3, 6], [3, 3], [4, 6], [3, 4], [4, 5], [3, 3], [4, 6], [4, 3], [4, 7], [4, 4], [3, 7], [4, 3], [3, 6], [3, 3], [2, 6], [3, 4], [2, 5], [3, 5], [2, 6], [4, 5], [2, 5]], "a_points": [1, 1, 2, 2, 3, 3, 4, 4, 4, 4, 5, 5, 5, 5, 6, 6, 6, 6, 7, 7, 6, 6, 6, 6, 5, 5, 4, 4, 3, 3, 3, 3, 2, 2, 2, 2, 2, 2, 2, 2, 2, 2, 2, 2, 2, 2, 2, 2, 2, 2, 2, 2, 3, 3, 3, 3, 3, 3, 3, 3, 3, 3, 3, 3, 3, 3, 3, 3, 3, 3, 3, 3, 3, 3, 3, 3, 3, 3, 3, 3], "b_points": [0, 0, 0, 0, 0, 1, 1, 1, 1, 1, 1, 1, 1, 0, 0, 0, 0, 0, 0, 0, 0, 1, 1, 2, 2, 4, 4, 4, 4, 4, 4, 4, 4, 4, 4, 5, 5, 5, 5, 6, 6, 6, 6, 7, 7, 6, 6, 6, 6, 6, 6, 6, 6, 5, 5, 5, 5, 5, 5, 4, 4, 4, 4, 4, 4, 4, 4, 4, 4, 4, 4, 4, 4, 3, 3, 3, 3, 3, 3, 3], "a_turns_left": [39, 39, 38, 38, 37, 37, 36, 36, 35, 35, 34, 34, 33, 33, 32, 32, 31, 31, 30, 30, 29, 29, 28, 28, 27, 27, 26, 26, 25, 25, 24, 24, 23, 23, 22, 22, 21, 21, 20, 20, 19, 19, 18, 18, 17, 17, 16, 16, 15, 15, 14, 14, 13, 13, 12, 12, 11, 11, 10, 10, 9, 9, 8, 8, 7, 7, 6, 6, 5, 5, 4, 4, 3, 3, 2, 2, 1, 1, 0, 0], "b_turns_left": [40, 39, 39, 38, 38, 37, 37, 36, 36, 35, 35, 34, 34, 33, 33, 32, 32, 31, 31, 30, 30, 29, 29, 28, 28, 27, 27, 26, 26, 25, 25, 24, 24, 23, 23, 22, 22, 21, 21, 20, 20, 19, 19, 18, 18, 17, 17, 16, 16, 15, 15, 14, 14, 13, 13, 12, 12, 11, 11, 10, 10, 9, 9, 8, 8, 7, 7, 6, 6, 5, 5, 4, 4, 3, 3, 2, 2, 1, 1, 0], "a_time_left": [359.9998742090538, 359.9998742090538, 359.99979287502356, 359.99979287502356, 359.9997310420731, 359.9997310420731, 359.9996611670358, 359.9996611670358, 359.99958508403506, 359.99958508403506, 359.9995289170183, 359.9995289170183, 359.99947512499057, 359.99947512499057, 359.9994062499609, 359.9994062499609, 359.99935099994764, 359.99935099994764, 359.99929349997547, 359.99929349997547, 359.99923687498085, 359.99923687498085, 359.9991840419825, 359.9991840419825, 359.9991238339571, 359.9991238339571, 359.9990678759059, 359.9990678759059, 359.99901745992247, 359.99901745992247, 359.9989561259281, 359.9989561259281, 359.998901791987, 359.998901791987, 359.9988485010108, 359.9988485010108, 359.99879816698376, 359.99879816698376, 359.99874854204245, 359.99874854204245, 359.998697167146, 359.998697167146, 359.9986473331228, 359.9986473331228, 359.9985985001549, 359.9985985001549, 359.99853383307345, 359.99853383307345, 359.9984837920638, 359.9984837920638, 359.9984352090396, 359.9984352090396, 359.9983600010164, 359.9983600010164, 359.99828866811004, 359.99828866811004, 359.99822387704626, 359.99822387704626, 359.9981611270923, 359.9981611270923, 359.9981037940597, 359.9981037940597, 359.99803858611267, 359.99803858611267, 359.99798708606977, 359.99798708606977, 359.9979390030494, 359.9979390030494, 359.99788721103687, 359.99788721103687, 359.99783858598676, 359.99783858598676, 359.99778929399326, 359.99778929399326, 359.9977320020553, 359.9977320020553, 359.9976807520725, 359.9976807520725, 359.99763300211634, 359.99763300211634], "b_time_left": [360, 359.99998054199386, 359.99998054199386, 359.99996720906347, 359.99996720906347, 359.99992116808426, 359.99992116808426, 359.99991196009796, 359.99991196009796, 359.9999017100781, 359.9999017100781, 359.99989158508833, 359.99989158508833, 359.99988104309887, 359.99988104309887, 359.99986987607554, 359.99986987607554, 359.99986100103706, 359.99986100103706, 359.9998538349755, 359.9998538349755, 359.99984616797883, 359.99984616797883, 359.9998356680153, 359.9998356680153, 359.9998282510787, 359.9998282510787, 359.9998213760555, 359.9998213760555, 359.99981425108854, 359.99981425108854, 359.9998066260014, 359.9998066260014, 359.9997987919487, 359.9997987919487, 359.99979183299, 359.99979183299, 359.9997858329443, 359.9997858329443, 359.99977962393314, 359.99977962393314, 359.99977266497444, 359.99977266497444, 359.9997665809933, 359.9997665809933, 359.9997603310039, 359.9997603310039, 359.9997542059282, 359.9997542059282, 359.99974762194324, 359.99974762194324, 359.9997398299165, 359.9997398299165, 359.9997292049229, 359.9997292049229, 359.9997189959977, 359.9997189959977, 359.999710620963, 359.999710620963, 359.99969887093175, 359.99969887093175, 359.9996890379116, 359.9996890379116, 359.99968287092634, 359.99968287092634, 359.999676037929, 359.999676037929, 359.9996703299694, 359.9996703299694, 359.9996641209582, 359.9996641209582, 359.9996582879685, 359.9996582879685, 359.9996522879228, 359.9996522879228, 359.9996436209185, 359.9996436209185, 359.99963716289494, 359.99963716289494, 359.99963203794323], "rat_caught": [false, false, false, false, false, false, false, false, false, false, false, false, false, false, false, false, false, false, false, false, false, false, false, false, false, false, false, false, false, false, false, false, false, false, false, false, false, false, false, false, false, false, false, false, false, false, false, false, false, false, false, false, false, false, false, false, false, false, false, false, false, false, false, false, false, false, false, false, false, false, false, false, false, false, false, false, false, false, false, false], "left_behind": ["prime", "plain", "prime", "plain", "prime", "prime", "prime", "plain", "plain", "plain", "prime", "plain", "plain", "carpet", "prime", "plain", "plain", "plain", "prime", "plain", "carpet", "prime", "plain", "prime", "carpet", "carpet", "carpet", "plain", "carpet", "plain", "plain", "plain", "carpet", "plain", "plain", "prime", "plain", "plain", "plain", "prime", "plain", "plain", "plain", "prime", "plain", "carpet", "plain", "plain", "plain", "plain", "plain", "plain", "prime", "carpet", "plain", "plain", "plain", "plain", "plain", "carpet", "plain", "plain", "plain", "plain", "plain", "plain", "plain", "plain", "plain", "plain", "plain", "plain", "plain", "carpet", "plain", "plain", "plain", "plain", "plain", "plain"], "errlog_a": "gg, the rat never stood a chance", "errlog_b": "", "start_time": 360, "start_moves": 80, "turn_count": 80, "result": 2, "reason": "POINTS", "trapdoors": [[3, 0], [2, 0], [3, 0], [3, 0], [3, 0], [3, 0], [3, 1], [3, 1], [3, 1], [4, 1], [4, 1], [4, 1], [3, 1], [3, 2], [3, 2], [3, 2], [3, 2], [3, 2], [3, 2], [3, 2], [3, 2], [3, 2], [2, 2], [2, 2], [2, 2], [2, 2], [2, 2], [2, 2], [2, 3], [2, 2], [2, 2], [2, 2], [2, 2], [2, 2], [2, 3], [2, 4], [2, 4], [2, 4], [1, 4], [1, 4], [1, 4], [1, 4], [1, 5], [1, 5], [0, 5], [1, 5], [1, 5], [1, 5], [1, 5], [2, 5], [2, 5], [1, 5], [1, 6], [1, 6], [2, 6], [2, 6], [2, 6], [3, 6], [3, 6], [3, 5], [2, 5], [2, 5], [2, 5], [2, 6], [3, 6], [3, 6], [3, 6], [3, 6], [4, 6], [4, 6], [5, 6], [5, 6], [5, 5], [5, 5], [5, 5], [5, 5], [4, 5], [4, 5], [4, 5], [4, 5], [4, 5]], "spawn_a": [3, 4], "spawn_b": [4, 4]}