{"pos": [[2, 3], [4, 2], [2, 4], [4, 3], [2, 5], [4, 4], [2, 6], [5, 4], [2, 7], [5, 3], [2, 2], [6, 3], [3, 2], [6, 4], [3, 3], [5, 4], [3, 4], [4, 4], [3, 5], [5, 4], [3, 6], [5, 5], [3, 7], [4, 5], [3, 2], [4, 6], [3, 3], [4, 7], [4, 3], [5, 7], [4, 4], [4, 7], [4, 5], [5, 7], [3, 5], [5, 6], [5, 5], [5, 7], [5, 4], [5, 6], [5, 5], [5, 7], [4, 5], [5, 6], [4, 3], [5, 5], [4, 2], [4, 5], [4, 1], [5, 5], [5, 1], [5, 6], [5, 0], [5, 5], [4, 0], [5, 4], [3, 0], [5, 3], [3, 1], [6, 3], [2, 1], [7, 3], [5, 1], [7, 4], [5, 2], [6, 4], [5, 1], [6, 3], [5, 3], [6, 4], [5, 4], [6, 3], [6, 4], [7, 3], [6, 3], [7, 4], [7, 3], [6, 4], [7, 4], [5, 4]], "a_points": [1, 1, 2, 2, 3, 3, 4, 4, 5, 5, 15, 15, 15, 15, 16, 16, 17, 17, 18, 18, 19, 19, 20, 20, 30, 30, 30, 30, 30, 30, 31, 31, 32, 32, 33, 33, 35, 35, 35, 35, 36, 36, 36, 36, 38, 38, 38, 38, 39, 39, 40, 40, 41, 41, 42, 42, 43, 43, 44, 44, 45, 45, 49, 49, 49, 49, 50, 50, 52, 52, 52, 52, 52, 52, 53, 53, 53, 53, 53, 53], "b_points": [0, 0, 0, 0, 0, 0, 0, 0, 0, 0, 0, 0, 0, 0, 0, 0, 0, 0, 0, 0, 0, 0, 0, 1, 1, 1, 1, 2, 2, 3, 3, 2, 2, 2, 2, 3, 3, 2, 2, 2, 2, 2, 2, 2, 2, 2, 2, 2, 2, 2, 2, 2, 2, 2, 2, 1, 1, 1, 1, 2, 2, 2, 2, 3, 3, 4, 4, 4, 4, 5, 5, 4, 4, 3, 3, 2, 2, 1, 1, 1], "a_turns_left": [39, 39, 38, 38, 37, 37, 36, 36, 35, 35, 34, 34, 33, 33, 32, 32, 31, 31, 30, 30, 29, 29, 28, 28, 27, 27, 26, 26, 25, 25, 24, 24, 23, 23, 22, 22, 21, 21, 20, 20, 19, 19, 18, 18, 17, 17, 16, 16, 15, 15, 14, 14, 13, 13, 12, 12, 11, 11, 10, 10, 9, 9, 8, 8, 7, 7, 6, 6, 5, 5, 4, 4, 3, 3, 2, 2, 1, 1, 0, 0], "b_turns_left": [40, 39, 39, 38, 38, 37, 37, 36, 36, 35, 35, 34, 34, 33, 33, 32, 32, 31, 31, 30, 30, 29, 29, 28, 28, 27, 27, 26, 26, 25, 25, 24, 24, 23, 23, 22, 22, 21, 21, 20, 20, 19, 19, 18, 18, 17, 17, 16, 16, 15, 15, 14, 14, 13, 13, 12, 12, 11, 11, 10, 10, 9, 9, 8, 8, 7, 7, 6, 6, 5, 5, 4, 4, 3, 3, 2, 2, 1, 1, 0], "a_time_left": [352.2373227920616, 352.2373227920616, 344.45456716709305, 344.45456716709305, 336.9685719170375, 336.9685719170375, 331.3773393749725, 331.3773393749725, 326.5984587080311, 326.5984587080311, 318.6854080000194, 318.6854080000194, 314.3878077500267, 314.3878077500267, 307.18133983411826, 307.18133983411826, 300.7962091250811, 300.7962091250811, 296.17681983311195, 296.17681983311195, 291.26190049911384, 291.26190049911384, 282.6881061650347, 282.6881061650347, 276.79391920694616, 276.79391920694616, 272.20038733188994, 272.20038733188994, 263.2971419568639, 263.2971419568639, 254.59544253989588, 254.59544253989588, 246.51230983086862, 246.51230983086862, 237.45300345576834, 237.45300345576834, 228.35733583080582, 228.35733583080582, 219.51119978982024, 219.51119978982024, 214.2679285397753, 214.2679285397753, 207.64762133173645, 207.64762133173645, 200.24051578971557, 200.24051578971557, 190.4335329567548, 190.4335329567548, 184.7792610398028, 184.7792610398028, 178.2211606648052, 178.2211606648052, 170.93934174790047, 170.93934174790047, 160.14307612297125, 160.14307612297125, 153.1507929150248, 153.1507929150248, 141.8474127900554, 141.8474127900554, 132.04234362300485, 132.04234362300485, 123.55385937297251, 123.55385937297251, 111.39547537302133, 111.39547537302133, 99.00153299805243, 99.00153299805243, 92.06305099814199, 92.06305099814199, 88.34510987310205, 88.34510987310205, 87.34989020612556, 87.34989020612556, 87.2793044981081, 87.2793044981081, 87.26458820619155, 87.26458820619155, 87.2624202062143, 87.2624202062143], "b_time_left": [360, 359.9998762089526, 359.9998762089526, 359.99938620906323, 359.99938620906323, 359.9992998340167, 359.9992998340167, 359.99927504197694, 359.99927504197694, 359.99917908303905, 359.99917908303905, 359.9991634170292, 359.9991634170292, 359.9990607079817, 359.9990607079817, 359.99904608295765, 359.99904608295765, 359.9989737079013, 359.9989737079013, 359.99895633291453, 359.99895633291453, 359.99894183292054, 359.99894183292054, 359.99887374893297, 359.99887374893297, 359.9988564149244, 359.9988564149244, 359.9988274569623, 359.9988274569623, 359.9988122069044, 359.9988122069044, 359.9987979149446, 359.9987979149446, 359.99878403998446, 359.99878403998446, 359.99871508195065, 359.99871508195065, 359.99870199896395, 359.99870199896395, 359.9986399579793, 359.9986399579793, 359.99861954094376, 359.99861954094376, 359.9985538319452, 359.9985538319452, 359.99853658198845, 359.99853658198845, 359.9984697489999, 359.9984697489999, 359.99845404096413, 359.99845404096413, 359.9983782079071, 359.9983782079071, 359.9983598749386, 359.9983598749386, 359.99829224986024, 359.99829224986024, 359.99826895887963, 359.99826895887963, 359.9982504588552, 359.9982504588552, 359.9981745838886, 359.9981745838886, 359.9981603748165, 359.9981603748165, 359.9981002078857, 359.9981002078857, 359.998079749872, 359.998079749872, 359.998021749896, 359.998021749896, 359.9980083749397, 359.9980083749397, 359.9979959168704, 359.9979959168704, 359.99798774986994, 359.99798774986994, 359.9979784579482, 359.9979784579482, 359.99797137395944], "rat_caught": [false, false, false, false, false, false, false, false, false, false, false, false, false, false, false, false, false, false, false, false, false, false, false, false, false, false, false, false, false, false, false, false, false, false, false, false, false, false, false, false, false, false, false, false, false, false, false, false, false, false, false, false, false, false, false, false, false, false, false, false, false, false, false, false, false, false, false, false, false, false, false, false, false, false, false, false, false, false, false, false], "left_behind": ["prime", "plain", "prime", "plain", "prime", "plain", "prime", "plain", "prime", "plain", "carpet", "plain", "plain", "plain", "prime", "plain", "prime", "plain", "prime", "plain", "prime", "plain", "prime", "prime", "carpet", "plain", "plain", "prime", "plain", "prime", "prime", "carpet", "prime", "plain", "prime", "prime", "carpet", "carpet", "plain", "plain", "prime", "plain", "plain", "plain", "carpet", "plain", "plain", "plain", "prime", "plain", "prime", "plain", "prime", "plain", "prime", "carpet", "prime", "plain", "prime", "prime", "prime", "plain", "carpet", "prime", "plain", "prime", "prime", "plain", "carpet", "prime", "plain", "carpet", "plain", "carpet", "prime", "carpet", "plain", "carpet", "plain", "plain"], "errlog_a": "gg, the rat never stood a chance", "errlog_b": "", "start_time": 360, "start_moves": 80, "turn_count": 80, "result": 0, "reason": "POINTS", "trapdoors": [[6, 7], [6, 7], [6, 7], [5, 7], [5, 7], [6, 7], [6, 7], [6, 7], [6, 7], [7, 7], [7, 7], [7, 7], [7, 6], [7, 6], [7, 5], [7, 5], [7, 5], [7, 5], [7, 5], [7, 5], [7, 4], [6, 4], [6, 4], [6, 4], [6, 4], [6, 4], [7, 4], [6, 4], [5, 4], [5, 4], [5, 4], [5, 5], [5, 5], [5, 5], [4, 5], [4, 5], [4, 6], [5, 6], [5, 5], [4, 5], [5, 5], [5, 5], [4, 5], [4, 5], [4, 5], [4, 5], [4, 5], [4, 5], [4, 5], [4, 5], [4, 5], [4, 6], [4, 6], [4, 6], [4, 6], [4, 6], [4, 6], [4, 6], [4, 6], [4, 6], [4, 6], [4, 6], [4, 6], [5, 6], [5, 7], [5, 6], [5, 6], [5, 6], [5, 7], [6, 7], [7, 7], [6, 7], [7, 7], [7, 7], [7, 7], [7, 7], [7, 7], [7, 6], [7, 6], [7, 5], [7, 5]], "spawn_a": [2, 2], "spawn_b": [5, 2]}