{"pos": [[2, 4], [4, 5], [1, 4], [4, 4], [2, 4], [5, 4], [3, 4], [5, 5], [3, 3], [5, 6], [2, 3], [4, 6], [1, 3], [4, 4], [0, 3], [4, 3], [0, 4], [5, 3], [0, 3], [5, 4], [0, 4], [4, 4], [0, 5], [4, 3], [0, 4], [4, 2], [0, 3], [5, 2], [1, 3], [6, 2], [1, 4], [4, 2], [1, 3], [5, 2], [0, 3], [4, 2], [0, 4], [3, 2], [0, 5], [3, 3], [1, 5], [3, 2], [0, 5], [3, 1], [0, 4], [3, 2], [0, 3], [4, 2], [0, 4], [5, 2], [0, 5], [6, 2], [1, 5], [6, 3], [0, 5], [4, 3], [1, 5], [4, 4], [2, 5], [4, 5], [3, 5], [5, 5], [2, 5], [5, 4], [3, 5], [6, 4], [4, 5], [6, 5], [4, 6], [7, 5], [5, 6], [7, 4], [5, 5], [7, 3], [6, 5], [7, 2], [6, 4], [7, 3], [5, 4], [6, 3]], "a_points": [1, 1, 1, 1, 2, 2, 1, 1, 1, 1, 1, 1, 1, 1, 1, 1, 2, 2, 1, 1, 1, 1, 1, 1, 1, 1, 2, 2, 2, 2, 1, 1, 1, 1, 2, 2, 1, 1, 1, 1, 1, 1, 1, 1, 2, 2, 2, 2, 2, 2, 1, 1, 1, 1, 1, 1, 1, 1, 2, 2, 2, 2, 3, 3, 2, 2, 2, 2, 2, 2, 3, 3, 3, 3, 2, 2, 1, 1, 1, 1], "b_points": [0, 0, 0, 1, 1, 2, 2, 2, 2, 3, 3, 3, 3, 5, 5, 5, 5, 5, 5, 6, 6, 7, 7, 7, 7, 8, 8, 9, 9, 10, 10, 12, 12, 12, 12, 12, 12, 12, 12, 12, 12, 13, 13, 13, 13, 14, 14, 15, 15, 15, 15, 15, 15, 16, 16, 18, 18, 18, 18, 18, 18, 17, 17, 16, 16, 16, 16, 17, 17, 18, 18, 18, 18, 18, 18, 18, 18, 19, 19, 19], "a_turns_left": [39, 39, 38, 38, 37, 37, 36, 36, 35, 35, 34, 34, 33, 33, 32, 32, 31, 31, 30, 30, 29, 29, 28, 28, 27, 27, 26, 26, 25, 25, 24, 24, 23, 23, 22, 22, 21, 21, 20, 20, 19, 19, 18, 18, 17, 17, 16, 16, 15, 15, 14, 14, 13, 13, 12, 12, 11, 11, 10, 10, 9, 9, 8, 8, 7, 7, 6, 6, 5, 5, 4, 4, 3, 3, 2, 2, 1, 1, 0, 0], "b_turns_left": [40, 39, 39, 38, 38, 37, 37, 36, 36, 35, 35, 34, 34, 33, 33, 32, 32, 31, 31, 30, 30, 29, 29, 28, 28, 27, 27, 26, 26, 25, 25, 24, 24, 23, 23, 22, 22, 21, 21, 20, 20, 19, 19, 18, 18, 17, 17, 16, 16, 15, 15, 14, 14, 13, 13, 12, 12, 11, 11, 10, 10, 9, 9, 8, 8, 7, 7, 6, 6, 5, 5, 4, 4, 3, 3, 2, 2, 1, 1, 0], "a_time_left": [359.999784582993, 359.999784582993, 359.99966641690116, 359.99966641690116, 359.99956095800735, 359.99956095800735, 359.9994645420229, 359.9994645420229, 359.99938887602184, 359.99938887602184, 359.9993118760176, 359.9993118760176, 359.999236709089, 359.999236709089, 359.99916637607384, 359.99916637607384, 359.99910175113473, 359.99910175113473, 359.99903695913963, 359.99903695913963, 359.9989618761465, 359.9989618761465, 359.9988917510491, 359.9988917510491, 359.99882704298943, 359.99882704298943, 359.9987590840319, 359.9987590840319, 359.9986772510456, 359.9986772510456, 359.99860458401963, 359.99860458401963, 359.998538917047, 359.998538917047, 359.99847820808645, 359.99847820808645, 359.9984098330606, 359.9984098330606, 359.99834058305714, 359.99834058305714, 359.9982747910544, 359.9982747910544, 359.9981987910578, 359.9981987910578, 359.99813574913424, 359.99813574913424, 359.99806783208624, 359.99806783208624, 359.9979864991037, 359.9979864991037, 359.99790845706593, 359.99790845706593, 359.9978477071272, 359.9978477071272, 359.99778274912387, 359.99778274912387, 359.9977200831054, 359.9977200831054, 359.99766299908515, 359.99766299908515, 359.997604791075, 359.997604791075, 359.99754712404683, 359.99754712404683, 359.9974852070445, 359.9974852070445, 359.99742174812127, 359.99742174812127, 359.9973417901201, 359.9973417901201, 359.9972566231154, 359.9972566231154, 359.997189706075, 359.997189706075, 359.9971094561042, 359.9971094561042, 359.99704779009335, 359.99704779009335, 359.99698254012037, 359.99698254012037], "b_time_left": [360, 359.99997441703454, 359.99997441703454, 359.9999612920219, 359.9999612920219, 359.9999481670093, 359.9999481670093, 359.99993874994107, 359.99993874994107, 359.99993020901456, 359.99993020901456, 359.99992191803176, 359.99992191803176, 359.9999121680157, 359.9999121680157, 359.9999055429362, 359.9999055429362, 359.9998978759395, 359.9998978759395, 359.999889708939, 359.999889708939, 359.9998456669273, 359.9998456669273, 359.9998397498857, 359.9998397498857, 359.9998327498324, 359.9998327498324, 359.999823291786, 359.999823291786, 359.9998152918415, 359.9998152918415, 359.99980766675435, 359.99980766675435, 359.99980041675735, 359.99980041675735, 359.9997920007445, 359.9997920007445, 359.99978395865764, 359.99978395865764, 359.99977712566033, 359.99977712566033, 359.9997696256032, 359.9997696256032, 359.99976291751955, 359.99976291751955, 359.9997553755529, 359.9997553755529, 359.9997461255407, 359.9997461255407, 359.9997349586338, 359.9997349586338, 359.99972670862917, 359.99972670862917, 359.999719624524, 359.999719624524, 359.9997114165453, 359.9997114165453, 359.99970595759805, 359.99970595759805, 359.9997004575562, 359.9997004575562, 359.99969599954784, 359.99969599954784, 359.99968999961857, 359.99968999961857, 359.99968479166273, 359.99968479166273, 359.9996753745945, 359.9996753745945, 359.9996677916497, 359.9996677916497, 359.9996574165998, 359.9996574165998, 359.99965004157275, 359.99965004157275, 359.9996441246476, 359.9996441246476, 359.999636415625, 359.999636415625, 359.99963029054925], "rat_caught": [false, false, false, false, false, false, false, false, false, false, false, false, false, false, false, false, false, false, false, false, false, false, false, false, false, false, false, false, false, false, false, false, false, false, false, false, false, false, false, false, false, false, false, false, false, false, false, false, false, false, false, false, false, false, false, false, false, false, false, false, false, false, false, false, false, false, false, false, false, false, false, false, false, false, false, false, false, false, false, false], "left_behind": ["prime", "plain", "plain", "prime", "prime", "prime", "carpet", "plain", "plain", "prime", "plain", "plain", "plain", "carpet", "plain", "plain", "prime", "plain", "carpet", "prime", "plain", "prime", "plain", "plain", "plain", "prime", "prime", "prime", "plain", "prime", "carpet", "carpet", "plain", "plain", "prime", "plain", "carpet", "plain", "plain", "plain", "plain", "prime", "plain", "plain", "prime", "prime", "plain", "prime", "plain", "plain", "carpet", "plain", "plain", "prime", "plain", "carpet", "plain", "plain", "prime", "plain", "plain", "carpet", "prime", "carpet", "carpet", "plain", "plain", "prime", "plain", "prime", "prime", "plain", "plain", "plain", "carpet", "plain", "carpet", "prime", "plain", "plain"], "errlog_a": "gg, the rat never stood a chance", "errlog_b": "", "start_time": 360, "start_moves": 80, "turn_count": 80, "result": 1, "reason": "POINTS", "trapdoors": [[5, 1], [4, 1], [4, 2], [5, 2], [5, 1], [5, 0], [5, 0], [5, 0], [4, 0], [3, 0], [2, 0], [2, 1], [3, 1], [3, 1], [3, 2], [3, 2], [3, 3], [3, 3], [3, 3], [3, 3], [3, 3], [3, 3], [3, 3], [3, 3], [3, 4], [2, 4], [1, 4], [0, 4], [0, 5], [0, 6], [0, 6], [0, 6], [0, 6], [0, 6], [1, 6], [2, 6], [2, 6], [2, 6], [2, 6], [2, 6], [2, 6], [2, 7], [2, 7], [3, 7], [3, 7], [4, 7], [5, 7], [5, 7], [5, 7], [5, 7], [5, 7], [5, 7], [5, 7], [5, 6], [5, 5], [5, 4], [5, 4], [5, 4], [6, 4], [6, 3], [5, 3], [5, 3], [5, 3], [5, 2], [5, 2], [5, 1], [4, 1], [4, 1], [4, 1], [4, 1], [4, 0], [4, 0], [4, 0], [4, 0], [4, 0], [5, 0], [5, 0], [5, 0], [5, 0], [4, 0], [4, 1]], "spawn_a": [3, 4], "spawn_b": [4, 4]}