{"pos": [[2, 4], [4, 5], [2, 4], [4, 6], [2, 3], [5, 6], [3, 3], [5, 7], [4, 3], [4, 7], [5, 3], [4, 6], [6, 3], [3, 6], [7, 3], [4, 6], [2, 3], [4, 7], [3, 3], [4, 6], [2, 3], [5, 6], [2, 2], [5, 7], [2, 2], [5, 6], [2, 3], [5, 5], [1, 3], [5, 4], [1, 4], [5, 5], [1, 4], [5, 6], [0, 4], [4, 6], [3, 4], [4, 5], [3, 5], [5, 5], [2, 5], [5, 4], [1, 5], [5, 3], [1, 5], [5, 2], [1, 5], [4, 2], [0, 5], [4, 1], [3, 5], [3, 1], [3, 6], [2, 1], [3, 6], [3, 1], [4, 6], [2, 1], [4, 7], [2, 2], [5, 7], [3, 2], [4, 7], [2, 2], [4, 7], [2, 1], [3, 7], [3, 1], [3, 7], [3, 2], [2, 7], [4, 2], [2, 6], [4, 3], [2, 5], [4, 4], [2, 7], [4, 5], [5, 7], [5, 5]], "a_points": [1, 1, 5, 5, 6, 6, 7, 7, 8, 8, 9, 9, 10, 10, 11, 11, 21, 21, 21, 21, 21, 21, 21, 21, 25, 25, 26, 26, 26, 26, 27, 27, 31, 31, 32, 32, 36, 36, 36, 36, 37, 37, 38, 38, 36, 36, 40, 40, 41, 41, 45, 45, 45, 45, 49, 49, 50, 50, 50, 50, 50, 50, 51, 51, 49, 49, 50, 50, 48, 48, 49, 49, 50, 50, 51, 51, 53, 53, 57, 57], "b_points": [0, 0, 0, 0, 0, 1, 1, 1, 1, 1, 1, 0, 0, 0, 0, 0, 0, 0, 0, 0, 0, 0, 0, 1, 1, 0, 0, 0, 0, 1, 1, 0, 0, 0, 0, 0, 0, 0, 0, 0, 0, 0, 0, 1, 1, 1, 1, 2, 2, 2, 2, 3, 3, 4, 4, 3, 3, 3, 3, 2, 2, 2, 2, 3, 3, 3, 3, 4, 4, 3, 3, 3, 3, 3, 3, 3, 3, 3, 3, 3], "a_turns_left": [39, 39, 38, 38, 37, 37, 36, 36, 35, 35, 34, 34, 33, 33, 32, 32, 31, 31, 30, 30, 29, 29, 28, 28, 27, 27, 26, 26, 25, 25, 24, 24, 23, 23, 22, 22, 21, 21, 20, 20, 19, 19, 18, 18, 17, 17, 16, 16, 15, 15, 14, 14, 13, 13, 12, 12, 11, 11, 10, 10, 9, 9, 8, 8, 7, 7, 6, 6, 5, 5, 4, 4, 3, 3, 2, 2, 1, 1, 0, 0], "b_turns_left": [40, 39, 39, 38, 38, 37, 37, 36, 36, 35, 35, 34, 34, 33, 33, 32, 32, 31, 31, 30, 30, 29, 29, 28, 28, 27, 27, 26, 26, 25, 25, 24, 24, 23, 23, 22, 22, 21, 21, 20, 20, 19, 19, 18, 18, 17, 17, 16, 16, 15, 15, 14, 14, 13, 13, 12, 12, 11, 11, 10, 10, 9, 9, 8, 8, 7, 7, 6, 6, 5, 5, 4, 4, 3, 3, 2, 2, 1, 1, 0], "a_time_left": [353.65593620797154, 353.65593620797154, 347.1579357079463, 347.1579357079463, 342.5853951248573, 342.5853951248573, 337.1462819998851, 337.1462819998851, 332.5629848749377, 332.5629848749377, 328.2702355829533, 328.2702355829533, 322.9042342909379, 322.9042342909379, 316.8231311660493, 316.8231311660493, 311.85837874910794, 311.85837874910794, 307.3276234571822, 307.3276234571822, 298.55763866519555, 298.55763866519555, 293.9552980401786, 293.9552980401786, 285.9940023322124, 285.9940023322124, 281.2065156651661, 281.2065156651661, 272.52348437311593, 272.52348437311593, 263.12796349811833, 263.12796349811833, 256.01004274818115, 256.01004274818115, 248.35055712319445, 248.35055712319445, 239.7409850822296, 239.7409850822296, 233.09709270717576, 233.09709270717576, 223.28252304019406, 223.28252304019406, 213.33399816520978, 213.33399816520978, 203.57712087326217, 203.57712087326217, 196.06448541523423, 196.06448541523423, 185.87940774823073, 185.87940774823073, 175.6258668731898, 175.6258668731898, 166.56861133116763, 166.56861133116763, 155.81873270624783, 155.81873270624783, 148.34771666524466, 148.34771666524466, 141.9592484573368, 141.9592484573368, 132.97934870724566, 132.97934870724566, 121.02613287325948, 121.02613287325948, 109.09805408131797, 109.09805408131797, 100.76422645628918, 100.76422645628918, 94.17082491435576, 94.17082491435576, 90.31601278926246, 90.31601278926246, 89.73151833121665, 89.73151833121665, 89.44369674718473, 89.44369674718473, 89.4304067051271, 89.4304067051271, 89.26171120512299, 89.26171120512299], "b_time_left": [360, 359.99994370900095, 359.99994370900095, 359.99992608395405, 359.99992608395405, 359.99986683402676, 359.99986683402676, 359.9998482930241, 359.9998482930241, 359.99979908496607, 359.99979908496607, 359.9997765850276, 359.9997765850276, 359.9997210020665, 359.9997210020665, 359.99970708508044, 359.99970708508044, 359.9996599180158, 359.9996599180158, 359.99964612699114, 359.99964612699114, 359.99954571097624, 359.99954571097624, 359.99953225289937, 359.99953225289937, 359.9993870028993, 359.9993870028993, 359.9993301278446, 359.9993301278446, 359.99927004484925, 359.99927004484925, 359.9992527118884, 359.9992527118884, 359.99893196183257, 359.99893196183257, 359.99887946178205, 359.99887946178205, 359.9988270448521, 359.9988270448521, 359.99877683690283, 359.99877683690283, 359.9987269209232, 359.9987269209232, 359.9986782959895, 359.9986782959895, 359.998625795939, 359.998625795939, 359.9986035869224, 359.9986035869224, 359.99854300392326, 359.99854300392326, 359.9984930870123, 359.9984930870123, 359.9984786279965, 359.9984786279965, 359.99841842008755, 359.99841842008755, 359.99840442009736, 359.99840442009736, 359.99838217010256, 359.99838217010256, 359.9983700030716, 359.9983700030716, 359.99831662804354, 359.99831662804354, 359.9982990450226, 359.9982990450226, 359.9982501290506, 359.9982501290506, 359.9982361710863, 359.9982361710863, 359.9982167960843, 359.9982167960843, 359.9982039211318, 359.9982039211318, 359.9981925881002, 359.9981925881002, 359.99818300514016, 359.99818300514016, 359.99817188014276], "rat_caught": [false, false, true, false, false, false, false, false, false, false, false, false, false, false, false, false, false, false, false, false, false, false, false, false, true, false, false, false, false, false, false, false, true, false, false, false, false, false, false, false, false, false, false, false, false, false, true, false, false, false, false, false, false, false, true, false, false, false, false, false, false, false, false, false, false, false, false, false, false, false, false, false, false, false, false, false, false, false, false, false], "left_behind": ["prime", "plain", "search", "plain", "prime", "prime", "prime", "plain", "prime", "plain", "prime", "carpet", "prime", "plain", "prime", "plain", "carpet", "plain", "plain", "plain", "plain", "plain", "plain", "prime", "search", "carpet", "prime", "plain", "plain", "prime", "prime", "carpet", "search", "plain", "prime", "plain", "carpet", "plain", "plain", "plain", "prime", "plain", "prime", "prime", "search", "plain", "search", "prime", "prime", "plain", "carpet", "prime", "plain", "prime", "search", "carpet", "prime", "plain", "plain", "carpet", "plain", "plain", "prime", "prime", "search", "plain", "prime", "prime", "search", "carpet", "prime", "plain", "prime", "plain", "prime", "plain", "carpet", "plain", "carpet", "plain"], "errlog_a": "gg, the rat never stood a chance", "errlog_b": "", "start_time": 360, "start_moves": 80, "turn_count": 80, "result": 0, "reason": "POINTS", "trapdoors": [[2, 3], [2, 3], [2, 3], [4, 4], [4, 5], [4, 5], [4, 6], [3, 6], [2, 6], [2, 6], [2, 6], [2, 5], [2, 5], [1, 5], [1, 5], [1, 5], [1, 5], [1, 4], [1, 4], [1, 3], [1, 3], [1, 3], [1, 2], [1, 2], [2, 2], [7, 3], [7, 3], [7, 2], [7, 2], [7, 1], [7, 1], [7, 1], [6, 1], [4, 5], [4, 5], [4, 5], [4, 5], [4, 6], [5, 6], [5, 6], [6, 6], [6, 5], [6, 4], [6, 3], [6, 2], [5, 2], [5, 2], [1, 4], [1, 3], [1, 2], [1, 2], [1, 2], [2, 2], [2, 2], [2, 2], [4, 4], [4, 4], [4, 4], [4, 5], [5, 5], [6, 5], [6, 5], [6, 5], [6, 5], [6, 5], [6, 5], [6, 5], [6, 4], [6, 3], [6, 3], [5, 3], [5, 4], [5, 4], [5, 5], [5, 5], [5, 5], [6, 5], [6, 5], [6, 5], [6, 5], [6, 5]], "spawn_a": [3, 4], "spawn_b": [4, 4]}