{"pos": [[3, 4], [6, 4], [3, 3], [7, 4], [3, 2], [7, 3], [3, 4], [6, 3], [4, 4], [5, 3], [4, 3], [5, 2], [4, 2], [5, 1], [4, 1], [5, 2], [4, 4], [5, 3], [5, 4], [6, 3], [5, 5], [5, 3], [4, 5], [6, 3], [3, 5], [6, 2], [2, 5], [5, 2], [1, 5], [4, 2], [0, 5], [5, 2], [5, 5], [6, 2], [5, 6], [6, 3], [5, 7], [6, 4], [4, 7], [5, 4], [4, 6], [5, 3], [3, 6], [4, 3], [3, 5], [4, 2], [2, 5], [3, 2], [1, 5], [3, 3], [1, 4], [2, 3], [1, 3], [3, 3], [1, 2], [3, 2], [2, 2], [4, 2], [3, 2], [5, 2], [4, 2], [5, 3], [4, 1], [5, 2], [3, 1], [6, 2], [2, 1], [6, 3], [2, 0], [6, 2], [3, 0], [5, 2], [4, 0], [5, 1], [5, 0], [5, 2], [2, 0], [5, 1], [2, 4], [4, 1]], "a_points": [1, 1, 2, 2, 3, 3, 5, 5, 5, 5, 6, 6, 7, 7, 8, 8, 12, 12, 12, 12, 13, 13, 14, 14, 15, 15, 16, 16, 17, 17, 18, 18, 28, 28, 28, 28, 29, 29, 30, 30, 31, 31, 32, 32, 33, 33, 33, 33, 33, 33, 33, 33, 34, 34, 34, 34, 35, 35, 36, 36, 36, 36, 36, 36, 37, 37, 37, 37, 38, 38, 39, 39, 40, 40, 41, 41, 45, 45, 51, 51], "b_points": [0, 0, 0, 1, 1, 2, 2, 3, 3, 3, 3, 3, 3, 3, 3, 3, 3, 4, 4, 4, 4, 4, 4, 4, 4, 4, 4, 3, 3, 3, 3, 3, 3, 3, 3, 4, 4, 3, 3, 2, 2, 2, 2, 3, 3, 3, 3, 3, 3, 4, 4, 4, 4, 5, 5, 4, 4, 4, 4, 4, 4, 3, 3, 3, 3, 2, 2, 2, 2, 3, 3, 3, 3, 3, 3, 4, 4, 3, 3, 2], "a_turns_left": [39, 39, 38, 38, 37, 37, 36, 36, 35, 35, 34, 34, 33, 33, 32, 32, 31, 31, 30, 30, 29, 29, 28, 28, 27, 27, 26, 26, 25, 25, 24, 24, 23, 23, 22, 22, 21, 21, 20, 20, 19, 19, 18, 18, 17, 17, 16, 16, 15, 15, 14, 14, 13, 13, 12, 12, 11, 11, 10, 10, 9, 9, 8, 8, 7, 7, 6, 6, 5, 5, 4, 4, 3, 3, 2, 2, 1, 1, 0, 0], "b_turns_left": [40, 39, 39, 38, 38, 37, 37, 36, 36, 35, 35, 34, 34, 33, 33, 32, 32, 31, 31, 30, 30, 29, 29, 28, 28, 27, 27, 26, 26, 25, 25, 24, 24, 23, 23, 22, 22, 21, 21, 20, 20, 19, 19, 18, 18, 17, 17, 16, 16, 15, 15, 14, 14, 13, 13, 12, 12, 11, 11, 10, 10, 9, 9, 8, 8, 7, 7, 6, 6, 5, 5, 4, 4, 3, 3, 2, 2, 1, 1, 0], "a_time_left": [354.396515334025, 354.396515334025, 346.5635696250247, 346.5635696250247, 338.7100148340687, 338.7100148340687, 330.83557987504173, 330.83557987504173, 325.70597912510857, 325.70597912510857, 319.75145045807585, 319.75145045807585, 315.0392976660514, 315.0392976660514, 310.9034753331216, 310.9034753331216, 302.51542633317877, 302.51542633317877, 294.16775312519167, 294.16775312519167, 285.702421125141, 285.702421125141, 281.31111395917833, 281.31111395917833, 275.76025637611747, 275.76025637611747, 268.3628159171203, 268.3628159171203, 262.79895779211074, 262.79895779211074, 256.30055770801846, 256.30055770801846, 247.84289866604377, 247.84289866604377, 242.80355183198117, 242.80355183198117, 233.3822125409497, 233.3822125409497, 225.73583195789251, 225.73583195789251, 220.34245558292605, 220.34245558292605, 214.60942899994552, 214.60942899994552, 205.31442883296404, 205.31442883296404, 199.57569608301856, 199.57569608301856, 189.07306404109113, 189.07306404109113, 182.05296983313747, 182.05296983313747, 174.1712224581279, 174.1712224581279, 168.52049870812334, 168.52049870812334, 159.7254139170982, 159.7254139170982, 149.44064770813566, 149.44064770813566, 143.19912624917924, 143.19912624917924, 134.3939945831662, 134.3939945831662, 120.83943050017115, 120.83943050017115, 112.16810108418576, 112.16810108418576, 104.85815266810823, 104.85815266810823, 102.80561745911837, 102.80561745911837, 102.73667354218196, 102.73667354218196, 102.65766504220665, 102.65766504220665, 102.65205408411566, 102.65205408411566, 102.64552800008096, 102.64552800008096], "b_time_left": [360, 359.99976604199037, 359.99976604199037, 359.9997005419573, 359.9997005419573, 359.9996639168821, 359.9996639168821, 359.9996331668226, 359.9996331668226, 359.9996179168811, 359.9996179168811, 359.9996043748688, 359.9996043748688, 359.99954404088203, 359.99954404088203, 359.999484081869, 359.999484081869, 359.999429415795, 359.999429415795, 359.9994041658938, 359.9994041658938, 359.9993398329243, 359.9993398329243, 359.99932470789645, 359.99932470789645, 359.9992696659174, 359.9992696659174, 359.9992556240177, 359.9992556240177, 359.99924204009585, 359.99924204009585, 359.9991741650738, 359.9991741650738, 359.9991589570418, 359.9991589570418, 359.99913641496096, 359.99913641496096, 359.9991159979254, 359.9991159979254, 359.9990520810243, 359.9990520810243, 359.99897858093027, 359.99897858093027, 359.99890741496347, 359.99890741496347, 359.9988438319415, 359.9988438319415, 359.99883016594686, 359.99883016594686, 359.9987412908813, 359.9987412908813, 359.99866666586604, 359.99866666586604, 359.998650206835, 359.998650206835, 359.99853495683055, 359.99853495683055, 359.99852212378755, 359.99852212378755, 359.99845849873964, 359.99845849873964, 359.99843970674556, 359.99843970674556, 359.9983852477744, 359.9983852477744, 359.9983267057687, 359.9983267057687, 359.99831233080477, 359.99831233080477, 359.9982979558408, 359.9982979558408, 359.99828424688894, 359.99828424688894, 359.9982730798656, 359.9982730798656, 359.9982609959552, 359.9982609959552, 359.99825028690975, 359.99825028690975, 359.9982400778681], "rat_caught": [false, false, false, false, false, false, false, false, false, false, false, false, false, false, false, false, false, false, false, false, false, false, false, false, false, false, false, false, false, false, false, false, false, false, false, false, false, false, false, false, false, false, false, false, false, false, false, false, false, false, false, false, false, false, false, false, false, false, false, false, false, false, false, false, false, false, false, false, false, false, false, false, false, false, false, false, false, false, false, false], "left_behind": ["prime", "plain", "prime", "prime", "prime", "prime", "carpet", "prime", "plain", "plain", "prime", "plain", "prime", "plain", "prime", "plain", "carpet", "prime", "plain", "plain", "prime", "plain", "prime", "plain", "prime", "plain", "prime", "carpet", "prime", "plain", "prime", "plain", "carpet", "plain", "plain", "prime", "prime", "carpet", "prime", "carpet", "prime", "plain", "prime", "prime", "prime", "plain", "plain", "plain", "plain", "prime", "plain", "plain", "prime", "prime", "plain", "carpet", "prime", "plain", "prime", "plain", "plain", "carpet", "plain", "plain", "prime", "carpet", "plain", "plain", "prime", "prime", "prime", "plain", "prime", "plain", "prime", "prime", "carpet", "carpet", "carpet", "carpet"], "errlog_a": "gg, the rat never stood a chance", "errlog_b": "", "start_time": 360, "start_moves": 80, "turn_count": 80, "result": 0, "reason": "POINTS", "trapdoors": [[3, 6], [3, 6], [4, 6], [4, 7], [5, 7], [5, 7], [5, 6], [5, 6], [5, 7], [5, 7], [5, 7], [6, 7], [6, 7], [6, 7], [6, 7], [6, 6], [6, 5], [6, 5], [5, 5], [5, 4], [5, 3], [5, 3], [5, 3], [5, 3], [5, 2], [5, 2], [5, 2], [4, 2], [3, 2], [3, 2], [2, 2], [2, 2], [2, 2], [2, 3], [2, 3], [2, 4], [2, 4], [1, 4], [1, 4], [1, 4], [1, 3], [2, 3], [2, 3], [2, 3], [2, 3], [2, 3], [2, 4], [2, 4], [1, 4], [1, 5], [1, 4], [0, 4], [0, 4], [0, 4], [0, 5], [1, 5], [2, 5], [2, 5], [2, 4], [2, 4], [1, 4], [1, 4], [1, 4], [1, 4], [1, 4], [1, 5], [1, 5], [1, 6], [1, 7], [1, 7], [1, 7], [1, 7], [1, 7], [1, 7], [1, 7], [1, 7], [2, 7], [2, 7], [3, 7], [4, 7], [3, 7]], "spawn_a": [2, 4], "spawn_b": [5, 4]}