{"pos": [[3, 4], [4, 4], [3, 5], [5, 4], [2, 5], [3, 4], [3, 5], [3, 3], [3, 6], [3, 4], [3, 5], [4, 4], [3, 6], [5, 4], [2, 6], [5, 3], [2, 7], [4, 3], [3, 7], [3, 3], [4, 7], [3, 2], [2, 7], [2, 2], [3, 7], [2, 1], [2, 7], [2, 2], [2, 6], [2, 1], [2, 5], [2, 0], [3, 5], [3, 0], [2, 5], [3, 1], [2, 6], [2, 1], [3, 6], [3, 1], [2, 6], [2, 1], [2, 5], [2, 0], [3, 5], [2, 1], [2, 5], [3, 1], [3, 5], [3, 0], [4, 5], [4, 0], [4, 4], [4, 1], [3, 4], [4, 0], [3, 3], [4, 1], [3, 2], [4, 2], [2, 2], [4, 3], [2, 1], [4, 2], [2, 2], [4, 3], [2, 3], [4, 2], [2, 2], [4, 3], [2, 3], [4, 4], [3, 3], [3, 4], [4, 3], [4, 4], [5, 3], [4, 3], [6, 3], [5, 3]], "a_points": [1, 1, 2, 2, 2, 2, 2, 2, 2, 2, 2, 2, 2, 2, 3, 3, 3, 3, 4, 4, 5, 5, 7, 7, 7, 7, 7, 7, 7, 7, 7, 7, 7, 7, 8, 8, 9, 9, 8, 8, 8, 8, 7, 7, 6, 6, 6, 6, 6, 6, 6, 6, 6, 6, 6, 6, 6, 6, 5, 5, 5, 5, 5, 5, 5, 5, 5, 5, 6, 6, 5, 5, 5, 5, 5, 5, 5, 5, 6, 6], "b_points": [0, 1, 1, 2, 2, 4, 4, 3, 3, 3, 3, 3, 3, 3, 3, 4, 4, 3, 3, 3, 3, 3, 3, 4, 4, 5, 5, 4, 4, 4, 4, 5, 5, 5, 5, 5, 5, 4, 4, 4, 4, 5, 5, 5, 5, 5, 5, 4, 4, 4, 4, 4, 4, 5, 5, 4, 4, 4, 4, 5, 5, 5, 5, 5, 5, 6, 6, 5, 5, 5, 5, 5, 5, 5, 5, 5, 5, 5, 5, 4], "a_turns_left": [39, 39, 38, 38, 37, 37, 36, 36, 35, 35, 34, 34, 33, 33, 32, 32, 31, 31, 30, 30, 29, 29, 28, 28, 27, 27, 26, 26, 25, 25, 24, 24, 23, 23, 22, 22, 21, 21, 20, 20, 19, 19, 18, 18, 17, 17, 16, 16, 15, 15, 14, 14, 13, 13, 12, 12, 11, 11, 10, 10, 9, 9, 8, 8, 7, 7, 6, 6, 5, 5, 4, 4, 3, 3, 2, 2, 1, 1, 0, 0], "b_turns_left": [40, 39, 39, 38, 38, 37, 37, 36, 36, 35, 35, 34, 34, 33, 33, 32, 32, 31, 31, 30, 30, 29, 29, 28, 28, 27, 27, 26, 26, 25, 25, 24, 24, 23, 23, 22, 22, 21, 21, 20, 20, 19, 19, 18, 18, 17, 17, 16, 16, 15, 15, 14, 14, 13, 13, 12, 12, 11, 11, 10, 10, 9, 9, 8, 8, 7, 7, 6, 6, 5, 5, 4, 4, 3, 3, 2, 2, 1, 1, 0], "a_time_left": [359.9998986669816, 359.9998986669816, 359.99982695898507, 359.99982695898507, 359.99976937507745, 359.99976937507745, 359.9997192911105, 359.9997192911105, 359.9996254161233, 359.9996254161233, 359.9995600831462, 359.9995600831462, 359.99950937519316, 359.99950937519316, 359.9994463751791, 359.9994463751791, 359.99939029221423, 359.99939029221423, 359.99933154229075, 359.99933154229075, 359.99927741719875, 359.99927741719875, 359.99922683427576, 359.99922683427576, 359.9991790842032, 359.9991790842032, 359.9990986682242, 359.9990986682242, 359.99902920925524, 359.99902920925524, 359.99896245927084, 359.99896245927084, 359.99890516721644, 359.99890516721644, 359.9988385011675, 359.9988385011675, 359.99876829225104, 359.99876829225104, 359.9987115842523, 359.9987115842523, 359.998639501282, 359.998639501282, 359.99858800135553, 359.99858800135553, 359.9985246673459, 359.9985246673459, 359.99845383444335, 359.99845383444335, 359.99840445944574, 359.99840445944574, 359.9983495423803, 359.9983495423803, 359.99829070828855, 359.99829070828855, 359.99823700031266, 359.99823700031266, 359.99817316629924, 359.99817316629924, 359.9981135833077, 359.9981135833077, 359.99806004134007, 359.99806004134007, 359.9980141663691, 359.9980141663691, 359.9979686663719, 359.9979686663719, 359.9979242082918, 359.9979242082918, 359.9978734583128, 359.9978734583128, 359.9978243333753, 359.9978243333753, 359.99777329235803, 359.99777329235803, 359.99772229243536, 359.99772229243536, 359.99765841744374, 359.99765841744374, 359.99760666745715, 359.99760666745715], "b_time_left": [360, 359.99997958296444, 359.99997958296444, 359.99996729090344, 359.99996729090344, 359.99995712493546, 359.99995712493546, 359.9999451249605, 359.9999451249605, 359.99993116687983, 359.99993116687983, 359.9999228748493, 359.9999228748493, 359.9999156668782, 359.9999156668782, 359.9999035418732, 359.9999035418732, 359.9998923748499, 359.9998923748499, 359.9998849998228, 359.9998849998228, 359.99987849977333, 359.99987849977333, 359.99987104174215, 359.99987104174215, 359.99986229173373, 359.99986229173373, 359.9998498337809, 359.9998498337809, 359.9998397087911, 359.9998397087911, 359.9998291247757, 359.9998291247757, 359.99981862469576, 359.99981862469576, 359.99980770773254, 359.99980770773254, 359.9997947907541, 359.9997947907541, 359.9997860407457, 359.9997860407457, 359.99977508268785, 359.99977508268785, 359.99976833269466, 359.99976833269466, 359.9997609576676, 359.9997609576676, 359.99975254165474, 359.99975254165474, 359.9997444996843, 359.9997444996843, 359.99973712465726, 359.99973712465726, 359.99972895765677, 359.99972895765677, 359.9997207496781, 359.9997207496781, 359.9997142906068, 359.9997142906068, 359.99970645667054, 359.99970645667054, 359.99969529069494, 359.99969529069494, 359.99968783266377, 359.99968783266377, 359.9996798747452, 359.9996798747452, 359.9996723748045, 359.9996723748045, 359.99966566672083, 359.99966566672083, 359.9996595417615, 359.9996595417615, 359.9996507917531, 359.9996507917531, 359.9996442917036, 359.9996442917036, 359.99963862472214, 359.99963862472214, 359.9996286666719], "rat_caught": [false, false, false, false, false, false, false, false, false, false, false, false, false, false, false, false, false, false, false, false, false, false, false, false, false, false, false, false, false, false, false, false, false, false, false, false, false, false, false, false, false, false, false, false, false, false, false, false, false, false, false, false, false, false, false, false, false, false, false, false, false, false, false, false, false, false, false, false, false, false, false, false, false, false, false, false, false, false, false, false], "left_behind": ["prime", "prime", "prime", "prime", "plain", "carpet", "plain", "carpet", "plain", "plain", "plain", "plain", "plain", "plain", "prime", "prime", "plain", "carpet", "prime", "plain", "prime", "plain", "carpet", "prime", "plain", "prime", "plain", "carpet", "plain", "plain", "plain", "prime", "plain", "plain", "prime", "plain", "prime", "carpet", "carpet", "plain", "plain", "prime", "carpet", "plain", "carpet", "plain", "plain", "carpet", "plain", "plain", "plain", "plain", "plain", "prime", "plain", "carpet", "plain", "plain", "carpet", "prime", "plain", "plain", "plain", "plain", "plain", "prime", "plain", "carpet", "prime", "plain", "carpet", "plain", "plain", "plain", "plain", "plain", "plain", "plain", "prime", "carpet"], "errlog_a": "gg, the rat never stood a chance", "errlog_b": "", "start_time": 360, "start_moves": 80, "turn_count": 80, "result": 0, "reason": "POINTS", "trapdoors": [[1, 1], [1, 0], [1, 0], [2, 0], [2, 0], [2, 0], [2, 0], [2, 0], [3, 0], [3, 0], [3, 0], [3, 0], [3, 0], [3, 0], [4, 0], [4, 0], [4, 0], [4, 0], [4, 0], [4, 0], [4, 0], [4, 0], [3, 0], [3, 0], [3, 0], [2, 0], [3, 0], [3, 0], [3, 0], [3, 1], [4, 1], [4, 1], [4, 1], [4, 1], [4, 1], [4, 1], [5, 1], [5, 1], [5, 1], [5, 2], [5, 2], [5, 2], [5, 2], [5, 2], [5, 2], [6, 2], [6, 2], [7, 2], [7, 2], [7, 2], [7, 2], [7, 3], [7, 3], [7, 3], [7, 3], [7, 4], [7, 5], [7, 5], [7, 5], [6, 5], [6, 5], [6, 6], [6, 6], [6, 7], [6, 7], [7, 7], [7, 7], [7, 7], [7, 7], [7, 7], [6, 7], [6, 7], [6, 7], [5, 7], [4, 7], [3, 7], [3, 7], [3, 7], [3, 7], [2, 7], [2, 7]], "spawn_a": [3, 3], "spawn_b": [4, 3]}