{"pos": [[2, 2], [6, 3], [3, 2], [7, 3], [3, 1], [7, 2], [4, 1], [6, 2], [3, 1], [7, 2], [4, 1], [7, 3], [5, 1], [6, 3], [5, 0], [7, 3], [4, 0], [7, 4], [3, 0], [7, 3], [4, 0], [6, 3], [4, 1], [6, 4], [3, 1], [7, 4], [3, 0], [6, 4], [3, 1], [7, 4], [4, 1], [6, 4], [3, 1], [6, 3], [3, 0], [6, 4], [4, 0], [6, 3], [4, 1], [6, 4], [5, 1], [6, 3], [5, 2], [6, 4], [6, 2], [6, 3], [7, 2], [6, 2], [7, 3], [7, 2], [6, 3], [6, 2], [5, 3], [5, 2], [4, 3], [5, 3], [3, 3], [5, 2], [4, 3], [4, 2], [5, 3], [4, 1], [4, 3], [5, 1], [3, 3], [5, 2], [3, 2], [5, 1], [3, 3], [5, 0], [5, 3], [5, 1], [4, 3], [5, 2], [3, 3], [5, 3], [3, 2], [5, 4], [3, 3], [4, 4]], "a_points": [1, 1, 2, 2, 3, 3, 4, 4, 3, 3, 3, 3, 3, 3, 3, 3, 4, 4, 4, 4, 4, 4, 4, 4, 4, 4, 4, 4, 4, 4, 4, 4, 4, 4, 4, 4, 4, 4, 5, 5, 5, 5, 6, 6, 6, 6, 6, 6, 6, 6, 6, 6, 6, 6, 6, 6, 6, 6, 6, 6, 6, 6, 7, 7, 8, 8, 7, 7, 7, 7, 9, 9, 9, 9, 9, 9, 10, 10, 9, 9], "b_points": [0, 0, 0, 0, 0, 0, 0, 1, 1, 0, 0, 0, 0, 0, 0, 1, 1, 2, 2, 1, 1, 0, 0, 0, 0, 0, 0, 0, 0, 0, 0, 0, 0, 0, 0, 0, 0, 1, 1, 0, 0, 0, 0, 0, 0, 0, 0, 0, 0, 0, 0, 0, 0, 0, 0, 1, 1, 0, 0, 0, 0, 1, 1, 0, 0, 0, 0, 0, 0, -1, -1, -1, -1, -1, -1, -1, -1, -1, -1, 0], "a_turns_left": [39, 39, 38, 38, 37, 37, 36, 36, 35, 35, 34, 34, 33, 33, 32, 32, 31, 31, 30, 30, 29, 29, 28, 28, 27, 27, 26, 26, 25, 25, 24, 24, 23, 23, 22, 22, 21, 21, 20, 20, 19, 19, 18, 18, 17, 17, 16, 16, 15, 15, 14, 14, 13, 13, 12, 12, 11, 11, 10, 10, 9, 9, 8, 8, 7, 7, 6, 6, 5, 5, 4, 4, 3, 3, 2, 2, 1, 1, 0, 0], "b_turns_left": [40, 39, 39, 38, 38, 37, 37, 36, 36, 35, 35, 34, 34, 33, 33, 32, 32, 31, 31, 30, 30, 29, 29, 28, 28, 27, 27, 26, 26, 25, 25, 24, 24, 23, 23, 22, 22, 21, 21, 20, 20, 19, 19, 18, 18, 17, 17, 16, 16, 15, 15, 14, 14, 13, 13, 12, 12, 11, 11, 10, 10, 9, 9, 8, 8, 7, 7, 6, 6, 5, 5, 4, 4, 3, 3, 2, 2, 1, 1, 0], "a_time_left": [359.9997830000939, 359.9997830000939, 359.9996911251219, 359.9996911251219, 359.9995844580699, 359.9995844580699, 359.99949583306443, 359.99949583306443, 359.9994118330069, 359.9994118330069, 359.99932666600216, 359.99932666600216, 359.9992381250486, 359.9992381250486, 359.9991666250862, 359.9991666250862, 359.99910104100127, 359.99910104100127, 359.9990292080911, 359.9990292080911, 359.99896720808465, 359.99896720808465, 359.99890358303674, 359.99890358303674, 359.9988190829754, 359.9988190829754, 359.99874262395315, 359.99874262395315, 359.99867229000665, 359.99867229000665, 359.99855820601806, 359.99855820601806, 359.9984867470339, 359.9984867470339, 359.9984135380946, 359.9984135380946, 359.99834649602417, 359.99834649602417, 359.9982828289503, 359.9982828289503, 359.9982181619853, 359.9982181619853, 359.9981270369608, 359.9981270369608, 359.9980579948751, 359.9980579948751, 359.9979729949264, 359.9979729949264, 359.99789428699296, 359.99789428699296, 359.9978109949734, 359.9978109949734, 359.99773616192397, 359.99773616192397, 359.9976602039533, 359.9976602039533, 359.99758445390034, 359.99758445390034, 359.99751820391975, 359.99751820391975, 359.99744861992076, 359.99744861992076, 359.9973858699668, 359.9973858699668, 359.9973193280166, 359.9973193280166, 359.9972542870091, 359.9972542870091, 359.9971886209678, 359.9971886209678, 359.9971177459229, 359.9971177459229, 359.99704320391174, 359.99704320391174, 359.99697386985645, 359.99697386985645, 359.99689886986744, 359.99689886986744, 359.9968350789277, 359.9968350789277], "b_time_left": [360, 359.999980457942, 359.999980457942, 359.99996412487235, 359.99996412487235, 359.9999548328342, 359.9999548328342, 359.9999473327771, 359.9999473327771, 359.9999349578284, 359.9999349578284, 359.99992612481583, 359.99992612481583, 359.99991724989377, 359.99991724989377, 359.99990149983205, 359.99990149983205, 359.99989208276384, 359.99989208276384, 359.99988199886866, 359.99988199886866, 359.9998748739017, 359.9998748739017, 359.99986479082145, 359.99986479082145, 359.99985512380954, 359.99985512380954, 359.9998466237448, 359.9998466237448, 359.9998396236915, 359.9998396236915, 359.9998277067207, 359.9998277067207, 359.99981870665215, 359.99981870665215, 359.99981145665515, 359.99981145665515, 359.999804831692, 359.999804831692, 359.99979549762793, 359.99979549762793, 359.9997880817391, 359.9997880817391, 359.99978024873417, 359.99978024873417, 359.9997728327289, 359.9997728327289, 359.9997636657208, 359.9997636657208, 359.9997541656485, 359.9997541656485, 359.9997458317084, 359.9997458317084, 359.99973812373355, 359.99973812373355, 359.9997263317928, 359.9997263317928, 359.99971733172424, 359.99971733172424, 359.99970941478387, 359.99970941478387, 359.9997020397568, 359.9997020397568, 359.99969516473357, 359.99969516473357, 359.9996889147442, 359.9996889147442, 359.9996822477551, 359.9996822477551, 359.9996759557398, 359.9996759557398, 359.99966762273107, 359.99966762273107, 359.9996613727417, 359.9996613727417, 359.9996524977032, 359.9996524977032, 359.9996434566565, 359.9996434566565, 359.99963320675306], "rat_caught": [false, false, false, false, false, false, false, false, false, false, false, false, false, false, false, false, false, false, false, false, false, false, false, false, false, false, false, false, false, false, false, false, false, false, false, false, false, false, false, false, false, false, false, false, false, false, false, false, false, false, false, false, false, false, false, false, false, false, false, false, false, false, false, false, false, false, false, false, false, false, false, false, false, false, false, false, false, false, false, false], "left_behind": ["prime", "plain", "prime", "plain", "prime", "plain", "prime", "prime", "carpet", "carpet", "plain", "plain", "plain", "plain", "plain", "prime", "prime", "prime", "plain", "carpet", "plain", "carpet", "plain", "plain", "plain", "plain", "plain", "plain", "plain", "plain", "plain", "plain", "plain", "plain", "plain", "plain", "plain", "prime", "prime", "carpet", "plain", "plain", "prime", "plain", "plain", "plain", "plain", "plain", "plain", "plain", "plain", "plain", "plain", "plain", "plain", "prime", "plain", "carpet", "plain", "plain", "plain", "prime", "prime", "carpet", "prime", "plain", "carpet", "plain", "plain", "carpet", "carpet", "plain", "plain", "plain", "plain", "plain", "prime", "plain", "carpet", "prime"], "errlog_a": "gg, the rat never stood a chance", "errlog_b": "", "start_time": 360, "start_moves": 80, "turn_count": 80, "result": 0, "reason": "POINTS", "trapdoors": [[1, 4], [2, 4], [1, 4], [1, 4], [1, 5], [1, 5], [1, 5], [1, 6], [1, 6], [1, 7], [0, 7], [0, 7], [1, 7], [1, 7], [2, 7], [3, 7], [4, 7], [4, 7], [4, 7], [5, 7], [5, 6], [5, 6], [5, 6], [5, 6], [5, 6], [5, 6], [5, 6], [5, 6], [5, 6], [5, 6], [5, 7], [5, 7], [5, 7], [6, 7], [7, 7], [7, 7], [7, 7], [7, 7], [7, 7], [7, 7], [6, 7], [6, 7], [6, 7], [6, 6], [5, 6], [5, 6], [5, 6], [5, 7], [5, 7], [5, 7], [5, 6], [5, 5], [5, 5], [5, 5], [4, 5], [3, 5], [3, 5], [2, 5], [2, 4], [2, 4], [2, 5], [2, 5], [2, 5], [2, 5], [2, 5], [2, 5], [1, 5], [1, 5], [1, 5], [1, 5], [1, 5], [2, 5], [2, 6], [2, 6], [2, 7], [2, 7], [2, 7], [2, 7], [2, 7], [3, 7], [4, 7]], "spawn_a": [2, 3], "spawn_b": [5, 3]}