{"pos": [[3, 2], [3, 3], [3, 1], [3, 4], [2, 1], [2, 4], [2, 2], [1, 4], [2, 1], [1, 3], [2, 0], [1, 2], [3, 0], [1, 3], [4, 0], [1, 4], [3, 0], [2, 4], [3, 1], [1, 4], [4, 1], [0, 4], [3, 1], [0, 3], [3, 0], [0, 4], [3, 1], [0, 3], [2, 1], [0, 2], [2, 0], [1, 2], [2, 1], [0, 2], [2, 0], [2, 2], [2, 1], [2, 3], [3, 1], [3, 3], [3, 0], [2, 3], [3, 1], [1, 3], [3, 2], [1, 4], [3, 1], [0, 4], [3, 0], [1, 4], [2, 0], [1, 3], [3, 0], [2, 3], [3, 1], [2, 4], [4, 1], [2, 3], [4, 2], [2, 4], [3, 2], [2, 3], [2, 2], [2, 4], [2, 1], [2, 5], [2, 2], [2, 4], [1, 2], [2, 3], [1, 3], [2, 2], [1, 2], [2, 3], [2, 2], [3, 3], [2, 1], [2, 3], [2, 2], [3, 3]], "a_points": [0, 0, 1, 1, 1, 1, 1, 1, 2, 2, 3, 3, 3, 3, 3, 3, 4, 4, 5, 5, 5, 5, 5, 5, 4, 4, 4, 4, 3, 3, 3, 3, 3, 3, 3, 3, 4, 4, 4, 4, 4, 4, 4, 4, 3, 3, 3, 3, 3, 3, 2, 2, 2, 2, 2, 2, 2, 2, 3, 3, 4, 4, 4, 4, 4, 4, 4, 4, 4, 4, 4, 4, 4, 4, 4, 4, 4, 4, 4, 4], "b_points": [0, 1, 1, 1, 1, 1, 1, 1, 1, 2, 2, 3, 3, 2, 2, 1, 1, 1, 1, 2, 2, 2, 2, 3, 3, 2, 2, 2, 2, 2, 2, 2, 2, 3, 3, 5, 5, 5, 5, 5, 5, 5, 5, 5, 5, 5, 5, 5, 5, 5, 5, 5, 5, 5, 5, 4, 4, 4, 4, 5, 5, 4, 4, 4, 4, 4, 4, 5, 5, 5, 5, 5, 5, 5, 5, 5, 5, 5, 5, 5], "a_turns_left": [39, 39, 38, 38, 37, 37, 36, 36, 35, 35, 34, 34, 33, 33, 32, 32, 31, 31, 30, 30, 29, 29, 28, 28, 27, 27, 26, 26, 25, 25, 24, 24, 23, 23, 22, 22, 21, 21, 20, 20, 19, 19, 18, 18, 17, 17, 16, 16, 15, 15, 14, 14, 13, 13, 12, 12, 11, 11, 10, 10, 9, 9, 8, 8, 7, 7, 6, 6, 5, 5, 4, 4, 3, 3, 2, 2, 1, 1, 0, 0], "b_turns_left": [40, 39, 39, 38, 38, 37, 37, 36, 36, 35, 35, 34, 34, 33, 33, 32, 32, 31, 31, 30, 30, 29, 29, 28, 28, 27, 27, 26, 26, 25, 25, 24, 24, 23, 23, 22, 22, 21, 21, 20, 20, 19, 19, 18, 18, 17, 17, 16, 16, 15, 15, 14, 14, 13, 13, 12, 12, 11, 11, 10, 10, 9, 9, 8, 8, 7, 7, 6, 6, 5, 5, 4, 4, 3, 3, 2, 2, 1, 1, 0], "a_time_left": [359.99977274995763, 359.99977274995763, 359.9997046670178, 359.9997046670178, 359.9996401250828, 359.9996401250828, 359.99958366609644, 359.99958366609644, 359.99953062518034, 359.99953062518034, 359.99946929118596, 359.99946929118596, 359.9994149581762, 359.9994149581762, 359.9993661241606, 359.9993661241606, 359.9992987071164, 359.9992987071164, 359.9957196661271, 359.9957196661271, 359.995614624233, 359.995614624233, 359.9954944992205, 359.9954944992205, 359.9951019992586, 359.9951019992586, 359.99498599919025, 359.99498599919025, 359.99486629024614, 359.99486629024614, 359.9945742902346, 359.9945742902346, 359.9943209992489, 359.9943209992489, 359.99420337425545, 359.99420337425545, 359.994113790337, 359.994113790337, 359.99404454033356, 359.99404454033356, 359.99397170729935, 359.99397170729935, 359.9938747913111, 359.9938747913111, 359.99378349934705, 359.99378349934705, 359.993700165418, 359.993700165418, 359.9936379153514, 359.9936379153514, 359.99358520738315, 359.99358520738315, 359.99352545745205, 359.99352545745205, 359.9934769994579, 359.9934769994579, 359.9934290825622, 359.9934290825622, 359.99335666547995, 359.99335666547995, 359.99328699847683, 359.99328699847683, 359.9932317484636, 359.9932317484636, 359.9931802074425, 359.9931802074425, 359.9930934574222, 359.9930934574222, 359.99303812440485, 359.99303812440485, 359.99297158338595, 359.99297158338595, 359.99290479242336, 359.99290479242336, 359.99284141743556, 359.99284141743556, 359.99278695939574, 359.99278695939574, 359.9926927094348, 359.9926927094348], "b_time_left": [360, 359.9999806670239, 359.9999806670239, 359.9999682920752, 359.9999682920752, 359.99995733308606, 359.99995733308606, 359.9999490000773, 359.9999490000773, 359.99993920803536, 359.99993920803536, 359.99993091705255, 359.99993091705255, 359.99992120906245, 359.99992120906245, 359.9999078341061, 359.9999078341061, 359.99986170907505, 359.99986170907505, 359.9998442090582, 359.9998442090582, 359.9998256670078, 359.9998256670078, 359.9997875840636, 359.9997875840636, 359.99976766703185, 359.99976766703185, 359.9997486670036, 359.9997486670036, 359.9997330419719, 359.9997330419719, 359.9997128759278, 359.9997128759278, 359.9996923349099, 359.9996923349099, 359.9996766258264, 359.9996766258264, 359.99966345890425, 359.99966345890425, 359.99965091689955, 359.99965091689955, 359.9996198749868, 359.9996198749868, 359.9995964169502, 359.9995964169502, 359.9995869168779, 359.9995869168779, 359.9995738748694, 359.9995738748694, 359.9995671248762, 359.9995671248762, 359.99955733388197, 359.99955733388197, 359.9995489588473, 359.9995489588473, 359.99954083387274, 359.99954083387274, 359.9995334589621, 359.9995334589621, 359.99952187598683, 359.99952187598683, 359.9995119168889, 359.9995119168889, 359.99950554186944, 359.99950554186944, 359.99949320883024, 359.99949320883024, 359.99948187579866, 359.99948187579866, 359.99947241682094, 359.99947241682094, 359.9994614578318, 359.9994614578318, 359.99945333285723, 359.99945333285723, 359.99944616586436, 359.99944616586436, 359.99943212384824, 359.99943212384824, 359.99942078988533], "rat_caught": [false, false, false, false, false, false, false, false, false, false, false, false, false, false, false, false, false, false, false, false, false, false, false, false, false, false, false, false, false, false, false, false, false, false, false, false, false, false, false, false, false, false, false, false, false, false, false, false, false, false, false, false, false, false, false, false, false, false, false, false, false, false, false, false, false, false, false, false, false, false, false, false, false, false, false, false, false, false, false, false], "left_behind": ["plain", "prime", "prime", "plain", "plain", "plain", "plain", "plain", "prime", "prime", "prime", "prime", "plain", "carpet", "plain", "carpet", "prime", "plain", "prime", "prime", "plain", "plain", "plain", "prime", "carpet", "carpet", "plain", "plain", "carpet", "plain", "plain", "plain", "plain", "prime", "plain", "carpet", "prime", "plain", "plain", "plain", "plain", "plain", "plain", "plain", "carpet", "plain", "plain", "plain", "plain", "plain", "carpet", "plain", "plain", "plain", "plain", "carpet", "plain", "plain", "prime", "prime", "prime", "carpet", "plain", "plain", "plain", "plain", "plain", "prime", "plain", "plain", "plain", "plain", "plain", "plain", "plain", "plain", "plain", "plain", "plain", "plain"], "errlog_a": "gg, the rat never stood a chance", "errlog_b": "", "start_time": 360, "start_moves": 80, "turn_count": 80, "result": 1, "reason": "POINTS", "trapdoors": [[4, 6], [4, 6], [5, 6], [5, 6], [5, 6], [5, 6], [5, 6], [5, 7], [5, 6], [5, 6], [5, 6], [6, 6], [7, 6], [7, 5], [7, 5], [7, 5], [7, 4], [7, 4], [7, 4], [7, 4], [7, 4], [7, 3], [7, 2], [7, 2], [7, 1], [7, 1], [7, 1], [6, 1], [5, 1], [4, 1], [4, 1], [4, 1], [4, 1], [4, 1], [4, 2], [4, 3], [4, 2], [4, 2], [3, 2], [3, 3], [3, 3], [3, 3], [3, 3], [3, 3], [3, 3], [3, 3], [3, 3], [3, 2], [3, 2], [3, 1], [3, 1], [3, 1], [3, 2], [3, 2], [3, 2], [3, 2], [3, 2], [3, 2], [3, 2], [3, 2], [3, 2], [3, 2], [3, 2], [3, 2], [3, 3], [3, 3], [3, 3], [3, 3], [3, 3], [3, 2], [3, 2], [3, 2], [3, 2], [3, 3], [3, 3], [3, 4], [3, 4], [3, 4], [3, 5], [3, 5], [3, 6]], "spawn_a": [3, 3], "spawn_b": [4, 3]}