{"pos": [[2, 4], [5, 2], [2, 5], [5, 3], [3, 5], [4, 3], [2, 5], [3, 3], [3, 5], [2, 3], [4, 5], [2, 2], [5, 5], [2, 3], [5, 6], [1, 3], [5, 7], [2, 3], [4, 7], [1, 3], [3, 7], [0, 3], [3, 6], [2, 3], [4, 6], [2, 4], [3, 6], [3, 4], [2, 6], [4, 4], [2, 5], [4, 3], [2, 6], [3, 3], [2, 5], [2, 3], [5, 5], [1, 3], [4, 5], [2, 3], [4, 6], [1, 3], [4, 5], [2, 3], [4, 6], [2, 2], [4, 5], [2, 1], [4, 6], [2, 2], [4, 5], [2, 3], [3, 5], [3, 3], [2, 5], [2, 3], [3, 5], [2, 2], [3, 4], [3, 2], [3, 3], [3, 1], [2, 3], [4, 1], [2, 4], [4, 0], [3, 4], [3, 0], [2, 4], [2, 0], [2, 5], [3, 0], [2, 6], [4, 0], [2, 5], [3, 0], [3, 5], [3, 2], [3, 6], [2, 2]], "a_points": [0, 0, 1, 1, 2, 2, 1, 1, 1, 1, 2, 2, 3, 3, 4, 4, 5, 5, 5, 5, 6, 6, 7, 7, 7, 7, 7, 7, 7, 7, 7, 7, 7, 7, 7, 7, 11, 11, 11, 11, 11, 11, 12, 12, 11, 11, 11, 11, 11, 11, 11, 11, 11, 11, 11, 11, 11, 11, 11, 11, 12, 12, 12, 12, 12, 12, 11, 11, 11, 11, 11, 11, 11, 11, 11, 11, 11, 11, 11, 11], "b_points": [0, 0, 0, 0, 0, 0, 0, 0, 0, 0, 0, 0, 0, 1, 1, 1, 1, 1, 1, 2, 2, 3, 3, 5, 5, 4, 4, 4, 4, 4, 4, 4, 4, 5, 5, 6, 6, 6, 6, 6, 6, 6, 6, 6, 6, 5, 5, 5, 5, 5, 5, 5, 5, 4, 4, 4, 4, 4, 4, 4, 4, 5, 5, 6, 6, 7, 7, 8, 8, 9, 9, 8, 8, 7, 7, 7, 7, 9, 9, 9], "a_turns_left": [39, 39, 38, 38, 37, 37, 36, 36, 35, 35, 34, 34, 33, 33, 32, 32, 31, 31, 30, 30, 29, 29, 28, 28, 27, 27, 26, 26, 25, 25, 24, 24, 23, 23, 22, 22, 21, 21, 20, 20, 19, 19, 18, 18, 17, 17, 16, 16, 15, 15, 14, 14, 13, 13, 12, 12, 11, 11, 10, 10, 9, 9, 8, 8, 7, 7, 6, 6, 5, 5, 4, 4, 3, 3, 2, 2, 1, 1, 0, 0], "b_turns_left": [40, 39, 39, 38, 38, 37, 37, 36, 36, 35, 35, 34, 34, 33, 33, 32, 32, 31, 31, 30, 30, 29, 29, 28, 28, 27, 27, 26, 26, 25, 25, 24, 24, 23, 23, 22, 22, 21, 21, 20, 20, 19, 19, 18, 18, 17, 17, 16, 16, 15, 15, 14, 14, 13, 13, 12, 12, 11, 11, 10, 10, 9, 9, 8, 8, 7, 7, 6, 6, 5, 5, 4, 4, 3, 3, 2, 2, 1, 1, 0], "a_time_left": [359.99986729200464, 359.99986729200464, 359.9997774590738, 359.9997774590738, 359.9996766260592, 359.9996766260592, 359.9995791260153, 359.9995791260153, 359.9994794590166, 359.9994794590166, 359.9993956669932, 359.9993956669932, 359.9993151249364, 359.9993151249364, 359.99923179193866, 359.99923179193866, 359.99914183386136, 359.99914183386136, 359.9990517918486, 359.9990517918486, 359.9989858327899, 359.9989858327899, 359.99891699885484, 359.99891699885484, 359.99885008181445, 359.99885008181445, 359.99878599785734, 359.99878599785734, 359.9987280397909, 359.9987280397909, 359.998674164759, 359.998674164759, 359.9986055397894, 359.9986055397894, 359.9985482067568, 359.9985482067568, 359.9984966648044, 359.9984966648044, 359.99843045673333, 359.99843045673333, 359.9983537067892, 359.9983537067892, 359.9982973318547, 359.9982973318547, 359.99824108183384, 359.99824108183384, 359.99819174886215, 359.99819174886215, 359.99814341485035, 359.99814341485035, 359.99809512286447, 359.99809512286447, 359.99804691481404, 359.99804691481404, 359.99799883179367, 359.99799883179367, 359.99788078980055, 359.99788078980055, 359.9978168318048, 359.9978168318048, 359.9977553318022, 359.9977553318022, 359.9976975398604, 359.9976975398604, 359.9976416238351, 359.9976416238351, 359.9975798318628, 359.9975798318628, 359.9975229569245, 359.9975229569245, 359.9974734148709, 359.9974734148709, 359.9974214149406, 359.9974214149406, 359.99737091490533, 359.99737091490533, 359.99732403992675, 359.99732403992675, 359.9972595399013, 359.9972595399013], "b_time_left": [360, 359.99997545802034, 359.99997545802034, 359.99995708302595, 359.99995708302595, 359.9999375831103, 359.9999375831103, 359.9999177911086, 359.9999177911086, 359.99990216607694, 359.99990216607694, 359.99988649901934, 359.99988649901934, 359.99987316608895, 359.99987316608895, 359.99986087414436, 359.99986087414436, 359.99984608311206, 359.99984608311206, 359.9998347910587, 359.9998347910587, 359.99982741614804, 359.99982741614804, 359.9998183331918, 359.9998183331918, 359.9998111661989, 359.9998111661989, 359.99980274925474, 359.99980274925474, 359.9997933321865, 359.9997933321865, 359.99978391523473, 359.99978391523473, 359.99977645731997, 359.99977645731997, 359.99976812431123, 359.99976812431123, 359.99976070725825, 359.99976070725825, 359.9997492902912, 359.9997492902912, 359.9997405402828, 359.9997405402828, 359.99973120726645, 359.99973120726645, 359.99972324923147, 359.99972324923147, 359.99971729016397, 359.99971729016397, 359.9997106231749, 359.9997106231749, 359.9997047901852, 359.9997047901852, 359.99969699815847, 359.99969699815847, 359.999689123244, 359.999689123244, 359.9996808732394, 359.9996808732394, 359.9996709981933, 359.9996709981933, 359.99966287321877, 359.99966287321877, 359.9996513731312, 359.9996513731312, 359.99964183114935, 359.99964183114935, 359.99963441409636, 359.99963441409636, 359.9996261220658, 359.9996261220658, 359.99961870501284, 359.99961870501284, 359.99961224605795, 359.99961224605795, 359.99960683006793, 359.99960683006793, 359.99960058007855, 359.99960058007855, 359.9995944551192], "rat_caught": [false, false, false, false, false, false, false, false, false, false, false, false, false, false, false, false, false, false, false, false, false, false, false, false, false, false, false, false, false, false, false, false, false, false, false, false, false, false, false, false, false, false, false, false, false, false, false, false, false, false, false, false, false, false, false, false, false, false, false, false, false, false, false, false, false, false, false, false, false, false, false, false, false, false, false, false, false, false, false, false], "left_behind": ["plain", "plain", "prime", "plain", "prime", "plain", "carpet", "plain", "plain", "plain", "prime", "plain", "prime", "prime", "prime", "plain", "prime", "plain", "plain", "prime", "prime", "prime", "prime", "carpet", "plain", "carpet", "plain", "plain", "plain", "plain", "plain", "plain", "plain", "prime", "plain", "prime", "carpet", "plain", "plain", "plain", "plain", "plain", "prime", "plain", "carpet", "carpet", "plain", "plain", "plain", "plain", "plain", "plain", "plain", "carpet", "plain", "plain", "plain", "plain", "plain", "plain", "prime", "prime", "plain", "prime", "plain", "prime", "carpet", "prime", "plain", "prime", "plain", "carpet", "plain", "carpet", "plain", "plain", "plain", "carpet", "plain", "plain"], "errlog_a": "gg, the rat never stood a chance", "errlog_b": "", "start_time": 360, "start_moves": 80, "turn_count": 80, "result": 0, "reason": "POINTS", "trapdoors": [[4, 6], [4, 7], [5, 7], [4, 7], [4, 7], [5, 7], [5, 7], [5, 7], [5, 7], [5, 7], [6, 7], [6, 7], [6, 6], [6, 6], [6, 6], [6, 6], [6, 7], [6, 7], [6, 7], [6, 6], [6, 5], [6, 5], [6, 5], [5, 5], [5, 5], [5, 5], [4, 5], [3, 5], [3, 4], [3, 4], [3, 4], [3, 4], [3, 4], [2, 4], [2, 5], [2, 5], [2, 5], [2, 5], [2, 5], [2, 6], [2, 6], [2, 6], [2, 6], [2, 6], [2, 6], [2, 6], [2, 6], [2, 6], [2, 6], [2, 6], [2, 5], [2, 4], [2, 4], [2, 4], [2, 4], [2, 4], [1, 4], [1, 4], [1, 4], [1, 4], [1, 4], [1, 4], [1, 5], [1, 4], [1, 3], [1, 3], [1, 3], [0, 3], [0, 4], [0, 4], [0, 4], [0, 4], [0, 5], [0, 5], [0, 6], [0, 6], [0, 6], [0, 7], [1, 7], [1, 7], [2, 7]], "spawn_a": [2, 3], "spawn_b": [5, 3]}