{"pos": [[2, 5], [4, 4], [2, 4], [5, 4], [2, 5], [5, 3], [1, 5], [4, 3], [1, 4], [3, 3], [1, 5], [3, 4], [1, 4], [2, 4], [1, 5], [1, 4], [0, 5], [1, 3], [1, 5], [2, 3], [1, 4], [2, 2], [1, 5], [1, 2], [1, 4], [2, 2], [1, 3], [2, 3], [1, 2], [1, 3], [2, 2], [1, 4], [3, 2], [1, 5], [4, 2], [2, 5], [4, 3], [4, 5], [4, 4], [5, 5], [3, 4], [5, 6], [4, 4], [4, 6], [4, 3], [4, 5], [3, 3], [4, 4], [2, 3], [3, 4], [2, 4], [3, 3], [1, 4], [3, 4], [2, 4], [3, 5], [2, 3], [4, 5], [3, 3], [4, 6], [4, 3], [4, 7], [3, 3], [3, 7], [4, 3], [4, 7], [5, 3], [5, 7], [6, 3], [3, 7], [5, 3], [4, 7], [5, 4], [4, 6], [5, 3], [3, 6], [6, 3], [4, 6], [5, 3], [5, 6]], "a_points": [1, 1, 1, 1, 1, 1, 1, 1, 1, 1, 1, 1, 1, 1, 1, 1, 2, 2, 1, 1, 1, 1, 2, 2, 1, 1, 0, 0, 0, 0, 0, 0, 0, 0, 1, 1, 2, 2, 1, 1, 1, 1, 1, 1, 1, 1, 1, 1, 1, 1, 0, 0, 0, 0, 0, 0, 0, 0, -1, -1, -1, -1, 0, 0, -1, -1, -2, -2, -2, -2, -1, -1, -1, -1, 0, 0, -1, -1, -1, -1], "b_points": [0, 1, 1, 2, 2, 2, 2, 3, 3, 3, 3, 3, 3, 3, 3, 4, 4, 4, 4, 5, 5, 5, 5, 6, 6, 5, 5, 5, 5, 5, 5, 5, 5, 5, 5, 5, 5, 7, 7, 7, 7, 8, 8, 8, 8, 9, 9, 9, 9, 9, 9, 9, 9, 10, 10, 10, 10, 10, 10, 9, 9, 9, 9, 9, 9, 10, 10, 11, 11, 13, 13, 13, 13, 13, 13, 13, 13, 13, 13, 13], "a_turns_left": [39, 39, 38, 38, 37, 37, 36, 36, 35, 35, 34, 34, 33, 33, 32, 32, 31, 31, 30, 30, 29, 29, 28, 28, 27, 27, 26, 26, 25, 25, 24, 24, 23, 23, 22, 22, 21, 21, 20, 20, 19, 19, 18, 18, 17, 17, 16, 16, 15, 15, 14, 14, 13, 13, 12, 12, 11, 11, 10, 10, 9, 9, 8, 8, 7, 7, 6, 6, 5, 5, 4, 4, 3, 3, 2, 2, 1, 1, 0, 0], "b_turns_left": [40, 39, 39, 38, 38, 37, 37, 36, 36, 35, 35, 34, 34, 33, 33, 32, 32, 31, 31, 30, 30, 29, 29, 28, 28, 27, 27, 26, 26, 25, 25, 24, 24, 23, 23, 22, 22, 21, 21, 20, 20, 19, 19, 18, 18, 17, 17, 16, 16, 15, 15, 14, 14, 13, 13, 12, 12, 11, 11, 10, 10, 9, 9, 8, 8, 7, 7, 6, 6, 5, 5, 4, 4, 3, 3, 2, 2, 1, 1, 0], "a_time_left": [359.9998779579764, 359.9998779579764, 359.99980687501375, 359.99980687501375, 359.99974995909724, 359.99974995909724, 359.99969562515616, 359.99969562515616, 359.99963858316187, 359.99963858316187, 359.9995762911858, 359.9995762911858, 359.9995254991809, 359.9995254991809, 359.9994743322022, 359.9994743322022, 359.99942145717796, 359.99942145717796, 359.99936524918303, 359.99936524918303, 359.9992892491864, 359.9992892491864, 359.9992302911123, 359.9992302911123, 359.9991750820773, 359.9991750820773, 359.9991268321173, 359.9991268321173, 359.99908045714255, 359.99908045714255, 359.99901658215094, 359.99901658215094, 359.99896266520955, 359.99896266520955, 359.99891208217014, 359.99891208217014, 359.9988461241592, 359.9988461241592, 359.9987878741231, 359.9987878741231, 359.9987415410578, 359.9987415410578, 359.99867433297914, 359.99867433297914, 359.99861824989785, 359.99861824989785, 359.99856654182076, 359.99856654182076, 359.9985160417855, 359.9985160417855, 359.99846204172354, 359.99846204172354, 359.9984113747487, 359.9984113747487, 359.9983564577997, 359.9983564577997, 359.9982873328263, 359.9982873328263, 359.9982392498059, 359.9982392498059, 359.9981859168038, 359.9981859168038, 359.9981349167647, 359.9981349167647, 359.9980814587325, 359.9980814587325, 359.99801841774024, 359.99801841774024, 359.9979667927837, 359.9979667927837, 359.99789754278027, 359.99789754278027, 359.99784308474045, 359.99784308474045, 359.99779629381374, 359.99779629381374, 359.99774341878947, 359.99774341878947, 359.99768821080215, 359.99768821080215], "b_time_left": [360, 359.9999807080021, 359.9999807080021, 359.99996824993286, 359.99996824993286, 359.9999592079548, 359.9999592079548, 359.9999502078863, 359.9999502078863, 359.9999415829079, 359.9999415829079, 359.99993049993645, 359.99993049993645, 359.9999216658762, 359.9999216658762, 359.99991258291993, 359.99991258291993, 359.99990462500136, 359.99990462500136, 359.999893084052, 359.999893084052, 359.99988062505145, 359.99988062505145, 359.9998717921553, 359.9998717921553, 359.9998643761501, 359.9998643761501, 359.9998581261607, 359.9998581261607, 359.99985083413776, 359.99985083413776, 359.99984133418184, 359.99984133418184, 359.99983404320665, 359.99983404320665, 359.99982825119514, 359.99982825119514, 359.9998202511342, 359.9998202511342, 359.99981233419385, 359.99981233419385, 359.99980541714467, 359.99980541714467, 359.9997962091584, 359.9997962091584, 359.99978895904496, 359.99978895904496, 359.9997807929758, 359.9997807929758, 359.99977458501235, 359.99977458501235, 359.99976833502296, 359.99976833502296, 359.99975979398005, 359.99975979398005, 359.9997525019571, 359.9997525019571, 359.99974579398986, 359.99974579398986, 359.9997395440005, 359.9997395440005, 359.99973008502275, 359.99973008502275, 359.99972208507825, 359.99972208507825, 359.99971487699077, 359.99971487699077, 359.9997067520162, 359.9997067520162, 359.99970029399265, 359.99970029399265, 359.99969325296115, 359.99969325296115, 359.9996880029794, 359.9996880029794, 359.9996831698809, 359.9996831698809, 359.9996765869437, 359.9996765869437, 359.9996711699059], "rat_caught": [false, false, false, false, false, false, false, false, false, false, false, false, false, false, false, false, false, false, false, false, false, false, false, false, false, false, false, false, false, false, false, false, false, false, false, false, false, false, false, false, false, false, false, false, false, false, false, false, false, false, false, false, false, false, false, false, false, false, false, false, false, false, false, false, false, false, false, false, false, false, false, false, false, false, false, false, false, false, false, false], "left_behind": ["prime", "prime", "plain", "prime", "plain", "plain", "plain", "prime", "plain", "plain", "plain", "plain", "plain", "plain", "plain", "prime", "prime", "plain", "carpet", "prime", "plain", "plain", "prime", "prime", "carpet", "carpet", "carpet", "plain", "plain", "plain", "plain", "plain", "plain", "plain", "prime", "plain", "prime", "carpet", "carpet", "plain", "plain", "prime", "plain", "plain", "plain", "prime", "plain", "plain", "plain", "plain", "carpet", "plain", "plain", "prime", "plain", "plain", "plain", "plain", "carpet", "carpet", "plain", "plain", "prime", "plain", "carpet", "prime", "carpet", "prime", "plain", "carpet", "prime", "plain", "plain", "plain", "prime", "plain", "carpet", "plain", "plain", "plain"], "errlog_a": "gg, the rat never stood a chance", "errlog_b": "", "start_time": 360, "start_moves": 80, "turn_count": 80, "result": 1, "reason": "POINTS", "trapdoors": [[7, 2], [6, 2], [6, 2], [6, 2], [6, 2], [5, 2], [5, 2], [5, 2], [5, 2], [5, 2], [5, 3], [5, 3], [5, 4], [5, 4], [5, 4], [5, 5], [5, 5], [5, 5], [5, 5], [5, 5], [5, 4], [5, 5], [5, 5], [6, 5], [7, 5], [7, 4], [7, 3], [7, 3], [7, 2], [7, 2], [7, 2], [7, 2], [6, 2], [6, 2], [6, 2], [6, 3], [6, 3], [6, 2], [5, 2], [5, 2], [5, 2], [5, 3], [5, 4], [5, 4], [5, 4], [5, 4], [5, 5], [5, 5], [5, 5], [5, 5], [5, 5], [5, 6], [6, 6], [6, 6], [6, 6], [6, 7], [7, 7], [7, 6], [7, 6], [6, 6], [6, 5], [6, 4], [6, 4], [6, 4], [6, 4], [6, 4], [6, 3], [6, 3], [6, 3], [6, 3], [6, 4], [6, 4], [7, 4], [7, 4], [7, 3], [7, 2], [7, 2], [7, 2], [7, 1], [6, 1], [6, 1]], "spawn_a": [3, 5], "spawn_b": [4, 5]}