{"pos": [[3, 2], [5, 3], [3, 1], [5, 4], [2, 1], [6, 4], [2, 2], [7, 4], [2, 3], [7, 5], [4, 3], [7, 4], [5, 3], [6, 4], [6, 3], [6, 5], [6, 4], [5, 5], [6, 5], [5, 4], [7, 5], [5, 5], [7, 4], [4, 5], [7, 5], [5, 5], [6, 5], [5, 4], [5, 5], [6, 4], [5, 4], [6, 5], [5, 5], [6, 4], [6, 5], [7, 4], [6, 4], [7, 3], [6, 3], [7, 4], [7, 3], [6, 4], [7, 4], [6, 3], [7, 5], [6, 4], [7, 4], [5, 4], [7, 5], [6, 4], [7, 4], [5, 4], [7, 3], [5, 3], [7, 4], [5, 2], [7, 3], [5, 1], [7, 4], [5, 2], [7, 3], [4, 2], [7, 4], [4, 3], [7, 3], [4, 4], [7, 4], [4, 3], [7, 3], [5, 3], [7, 4], [5, 2], [6, 4], [3, 2], [7, 4], [3, 3], [7, 5], [2, 3], [6, 5], [3, 3]], "a_points": [1, 1, 2, 2, 3, 3, 4, 4, 4, 4, 6, 6, 5, 5, 5, 5, 5, 5, 5, 5, 6, 6, 6, 6, 7, 7, 6, 6, 6, 6, 6, 6, 6, 6, 6, 6, 6, 6, 7, 7, 7, 7, 8, 8, 8, 8, 9, 9, 8, 8, 8, 8, 7, 7, 7, 7, 7, 7, 7, 7, 7, 7, 7, 7, 7, 7, 7, 7, 7, 7, 7, 7, 7, 7, 7, 7, 7, 7, 7, 7], "b_points": [0, 1, 1, 2, 2, 2, 2, 2, 2, 2, 2, 2, 2, 2, 2, 2, 2, 2, 2, 2, 2, 3, 3, 4, 4, 3, 3, 2, 2, 2, 2, 2, 2, 2, 2, 1, 1, 1, 1, 1, 1, 0, 0, 0, 0, 1, 1, 1, 1, 1, 1, 1, 1, 1, 1, 1, 1, 1, 1, 1, 1, 2, 2, 3, 3, 3, 3, 4, 4, 4, 4, 3, 3, 5, 5, 5, 5, 5, 5, 6], "a_turns_left": [39, 39, 38, 38, 37, 37, 36, 36, 35, 35, 34, 34, 33, 33, 32, 32, 31, 31, 30, 30, 29, 29, 28, 28, 27, 27, 26, 26, 25, 25, 24, 24, 23, 23, 22, 22, 21, 21, 20, 20, 19, 19, 18, 18, 17, 17, 16, 16, 15, 15, 14, 14, 13, 13, 12, 12, 11, 11, 10, 10, 9, 9, 8, 8, 7, 7, 6, 6, 5, 5, 4, 4, 3, 3, 2, 2, 1, 1, 0, 0], "b_turns_left": [40, 39, 39, 38, 38, 37, 37, 36, 36, 35, 35, 34, 34, 33, 33, 32, 32, 31, 31, 30, 30, 29, 29, 28, 28, 27, 27, 26, 26, 25, 25, 24, 24, 23, 23, 22, 22, 21, 21, 20, 20, 19, 19, 18, 18, 17, 17, 16, 16, 15, 15, 14, 14, 13, 13, 12, 12, 11, 11, 10, 10, 9, 9, 8, 8, 7, 7, 6, 6, 5, 5, 4, 4, 3, 3, 2, 2, 1, 1, 0], "a_time_left": [359.999895291985, 359.999895291985, 359.99983129196335, 359.99983129196335, 359.9997642089147, 359.9997642089147, 359.9996957089752, 359.9996957089752, 359.9996118339477, 359.9996118339477, 359.99954341794364, 359.99954341794364, 359.9994760430418, 359.9994760430418, 359.99942195997573, 359.99942195997573, 359.99937245994806, 359.99937245994806, 359.99932400195394, 359.99932400195394, 359.9992774609709, 359.9992774609709, 359.999229043955, 359.999229043955, 359.99916483601555, 359.99916483601555, 359.9991112940479, 359.9991112940479, 359.9990529610077, 359.9990529610077, 359.9989668780472, 359.9989668780472, 359.9988792530494, 359.9988792530494, 359.99881650309544, 359.99881650309544, 359.9987514190143, 359.9987514190143, 359.99869250296615, 359.99869250296615, 359.9986430029385, 359.9986430029385, 359.9985775438836, 359.9985775438836, 359.9985190437874, 359.9985190437874, 359.9984552108217, 359.9984552108217, 359.99838475184515, 359.99838475184515, 359.99832350190263, 359.99832350190263, 359.99824720981997, 359.99824720981997, 359.9981870847987, 359.9981870847987, 359.9981348348083, 359.9981348348083, 359.9980837928597, 359.9980837928597, 359.998035167926, 359.998035167926, 359.99798475089483, 359.99798475089483, 359.9979335007956, 359.9979335007956, 359.9978537928546, 359.9978537928546, 359.99779879278503, 359.99779879278503, 359.9977474587504, 359.9977474587504, 359.9976986667607, 359.9976986667607, 359.9976389576914, 359.9976389576914, 359.9975892496295, 359.9975892496295, 359.9975401656702, 359.9975401656702], "b_time_left": [360, 359.9999796668999, 359.9999796668999, 359.99996579193976, 359.99996579193976, 359.99995537498035, 359.99995537498035, 359.9999422499677, 359.9999422499677, 359.99993074988015, 359.99993074988015, 359.9999226669315, 359.9999226669315, 359.99991262494586, 359.99991262494586, 359.999905625009, 359.999905625009, 359.9998995830538, 359.9998995830538, 359.99989329103846, 359.99989329103846, 359.99988645804115, 359.99988645804115, 359.99987683305517, 359.99987683305517, 359.9998688751366, 359.9998688751366, 359.9998628750909, 359.9998628750909, 359.9998538341606, 359.9998538341606, 359.99984233407304, 359.99984233407304, 359.9998314999975, 359.9998314999975, 359.9998219170375, 359.9998219170375, 359.9998147090664, 359.9998147090664, 359.99980775115546, 359.99980775115546, 359.99979879218154, 359.99979879218154, 359.9997909591766, 359.9997909591766, 359.9997807511827, 359.9997807511827, 359.9997709171148, 359.9997709171148, 359.9997628761921, 359.9997628761921, 359.99975554214325, 359.99975554214325, 359.9997460010927, 359.9997460010927, 359.99973612616304, 359.99973612616304, 359.99972841807175, 359.99972841807175, 359.9997207510751, 359.9997207510751, 359.9997138341423, 359.9997138341423, 359.9997066252399, 359.9997066252399, 359.99969620921183, 359.99969620921183, 359.9996880001854, 359.9996880001854, 359.9996772502782, 359.9996772502782, 359.99966900027357, 359.99966900027357, 359.9996622923063, 359.9996622923063, 359.99965320830233, 359.99965320830233, 359.9996460422408, 359.9996460422408, 359.999638125184], "rat_caught": [false, false, false, false, false, false, false, false, false, false, false, false, false, false, false, false, false, false, false, false, false, false, false, false, false, false, false, false, false, false, false, false, false, false, false, false, false, false, false, false, false, false, false, false, false, false, false, false, false, false, false, false, false, false, false, false, false, false, false, false, false, false, false, false, false, false, false, false, false, false, false, false, false, false, false, false, false, false, false, false], "left_behind": ["prime", "prime", "prime", "prime", "prime", "plain", "prime", "plain", "plain", "plain", "carpet", "plain", "carpet", "plain", "plain", "plain", "plain", "plain", "plain", "plain", "prime", "prime", "plain", "prime", "prime", "carpet", "carpet", "carpet", "plain", "plain", "plain", "plain", "plain", "plain", "plain", "carpet", "plain", "plain", "prime", "plain", "plain", "carpet", "prime", "plain", "plain", "prime", "prime", "plain", "carpet", "plain", "plain", "plain", "carpet", "plain", "plain", "plain", "plain", "plain", "plain", "plain", "plain", "prime", "plain", "prime", "plain", "plain", "plain", "prime", "plain", "plain", "plain", "carpet", "plain", "carpet", "plain", "plain", "plain", "plain", "plain", "prime"], "errlog_a": "gg, the rat never stood a chance", "errlog_b": "", "start_time": 360, "start_moves": 80, "turn_count": 80, "result": 0, "reason": "POINTS", "trapdoors": [[7, 6], [7, 7], [7, 7], [7, 7], [7, 7], [7, 7], [6, 7], [6, 7], [5, 7], [4, 7], [4, 6], [3, 6], [4, 6], [4, 6], [4, 6], [4, 6], [3, 6], [3, 6], [3, 6], [3, 6], [3, 7], [3, 7], [2, 7], [2, 7], [1, 7], [1, 7], [1, 7], [1, 7], [0, 7], [0, 7], [0, 7], [0, 6], [0, 6], [0, 5], [0, 6], [0, 6], [0, 6], [0, 5], [0, 5], [0, 5], [0, 5], [0, 5], [0, 4], [0, 4], [0, 3], [0, 4], [0, 4], [0, 3], [0, 3], [0, 3], [0, 3], [1, 3], [1, 3], [1, 3], [1, 3], [1, 2], [1, 2], [1, 2], [1, 2], [0, 2], [0, 2], [1, 2], [1, 2], [1, 2], [1, 2], [1, 1], [1, 1], [1, 1], [1, 1], [1, 1], [1, 0], [1, 0], [2, 0], [2, 0], [2, 0], [2, 0], [2, 0], [2, 0], [3, 0], [3, 0], [3, 0]], "spawn_a": [3, 3], "spawn_b": [4, 3]}