{"pos": [[2, 3], [5, 3], [2, 2], [4, 3], [1, 2], [4, 4], [0, 2], [4, 5], [0, 3], [5, 5], [1, 3], [5, 4], [1, 2], [5, 3], [2, 2], [4, 3], [2, 1], [4, 2], [2, 2], [4, 1], [2, 1], [3, 1], [2, 0], [2, 1], [3, 0], [3, 1], [4, 0], [2, 1], [4, 1], [2, 0], [3, 1], [2, 1], [3, 2], [3, 1], [5, 2], [4, 1], [5, 3], [4, 0], [6, 3], [4, 1], [6, 2], [3, 1], [5, 2], [3, 2], [4, 2], [3, 3], [5, 2], [3, 4], [4, 2], [3, 3], [3, 2], [3, 4], [3, 3], [2, 4], [4, 3], [2, 5], [4, 4], [1, 5], [4, 3], [1, 4], [3, 3], [1, 5], [3, 4], [2, 5], [2, 4], [3, 5], [2, 5], [4, 5], [1, 5], [3, 5], [2, 5], [3, 4], [2, 4], [4, 4], [3, 4], [4, 5], [3, 5], [4, 6], [3, 4], [3, 6]], "a_points": [1, 1, 0, 0, 0, 0, 0, 0, 1, 1, 1, 1, 2, 2, 2, 2, 2, 2, 3, 3, 2, 2, 2, 2, 3, 3, 4, 4, 3, 3, 3, 3, 3, 3, 5, 5, 5, 5, 5, 5, 6, 6, 6, 6, 6, 6, 6, 6, 6, 6, 5, 5, 5, 5, 5, 5, 5, 5, 6, 6, 6, 6, 6, 6, 5, 5, 5, 5, 5, 5, 5, 5, 5, 5, 5, 5, 6, 6, 5, 5], "b_points": [0, 1, 1, 1, 1, 1, 1, 1, 1, 1, 1, 2, 2, 3, 3, 3, 3, 3, 3, 4, 4, 5, 5, 6, 6, 5, 5, 5, 5, 4, 4, 4, 4, 4, 4, 4, 4, 4, 4, 5, 5, 5, 5, 5, 5, 6, 6, 7, 7, 6, 6, 6, 6, 6, 6, 7, 7, 8, 8, 9, 9, 8, 8, 7, 7, 7, 7, 8, 8, 7, 7, 7, 7, 6, 6, 6, 6, 7, 7, 7], "a_turns_left": [39, 39, 38, 38, 37, 37, 36, 36, 35, 35, 34, 34, 33, 33, 32, 32, 31, 31, 30, 30, 29, 29, 28, 28, 27, 27, 26, 26, 25, 25, 24, 24, 23, 23, 22, 22, 21, 21, 20, 20, 19, 19, 18, 18, 17, 17, 16, 16, 15, 15, 14, 14, 13, 13, 12, 12, 11, 11, 10, 10, 9, 9, 8, 8, 7, 7, 6, 6, 5, 5, 4, 4, 3, 3, 2, 2, 1, 1, 0, 0], "b_turns_left": [40, 39, 39, 38, 38, 37, 37, 36, 36, 35, 35, 34, 34, 33, 33, 32, 32, 31, 31, 30, 30, 29, 29, 28, 28, 27, 27, 26, 26, 25, 25, 24, 24, 23, 23, 22, 22, 21, 21, 20, 20, 19, 19, 18, 18, 17, 17, 16, 16, 15, 15, 14, 14, 13, 13, 12, 12, 11, 11, 10, 10, 9, 9, 8, 8, 7, 7, 6, 6, 5, 5, 4, 4, 3, 3, 2, 2, 1, 1, 0], "a_time_left": [359.9998917080229, 359.9998917080229, 359.9998089579167, 359.9998089579167, 359.99974866595585, 359.99974866595585, 359.99968116602395, 359.99968116602395, 359.999621499097, 359.999621499097, 359.9995549990563, 359.9995549990563, 359.9994742490817, 359.9994742490817, 359.99940449907444, 359.99940449907444, 359.9993486650055, 359.9993486650055, 359.99928604008164, 359.99928604008164, 359.9992310811067, 359.9992310811067, 359.9991711641196, 359.9991711641196, 359.9991029141238, 359.9991029141238, 359.99904808111023, 359.99904808111023, 359.99899783113506, 359.99899783113506, 359.9989430811256, 359.9989430811256, 359.9988884141203, 359.9988884141203, 359.99883045617025, 359.99883045617025, 359.9987693731673, 359.9987693731673, 359.9986864561215, 359.9986864561215, 359.9985924140783, 359.9985924140783, 359.99851945613045, 359.99851945613045, 359.9984422061825, 359.9984422061825, 359.99837699823547, 359.99837699823547, 359.99832179013174, 359.99832179013174, 359.9982445400674, 359.9982445400674, 359.99818999809213, 359.99818999809213, 359.99813924811315, 359.99813924811315, 359.99808208213653, 359.99808208213653, 359.998031957075, 359.998031957075, 359.9979783319868, 359.9979783319868, 359.99792287300806, 359.99792287300806, 359.99784854007885, 359.99784854007885, 359.9977701230673, 359.9977701230673, 359.9977040810045, 359.9977040810045, 359.9976403309265, 359.9976403309265, 359.99753253988456, 359.99753253988456, 359.9974687898066, 359.9974687898066, 359.9974142058054, 359.9974142058054, 359.9973539558705, 359.9973539558705], "b_time_left": [360, 359.9999806670239, 359.9999806670239, 359.99996550008655, 359.99996550008655, 359.99995433317963, 359.99995433317963, 359.9999432922341, 359.9999432922341, 359.9999345012475, 359.9999345012475, 359.99992400128394, 359.99992400128394, 359.999911293271, 359.999911293271, 359.99989879329223, 359.99989879329223, 359.99988837738056, 359.99988837738056, 359.99987804342527, 359.99987804342527, 359.9998669604538, 359.9998669604538, 359.999857543502, 359.999857543502, 359.999843751546, 359.999843751546, 359.999836668605, 359.999836668605, 359.9998250436038, 359.9998250436038, 359.9998148776358, 359.9998148776358, 359.9998077946948, 359.9998077946948, 359.9997995867161, 359.9997995867161, 359.9997896706918, 359.9997896706918, 359.99977592076175, 359.99977592076175, 359.99976258783136, 359.99976258783136, 359.9997544627404, 359.9997544627404, 359.999738295679, 359.999738295679, 359.9997285876889, 359.9997285876889, 359.9997155877063, 359.9997155877063, 359.9997058797162, 359.9997058797162, 359.9996954626404, 359.9996954626404, 359.99968662962783, 359.99968662962783, 359.9996784206014, 359.9996784206014, 359.99966879561543, 359.99966879561543, 359.99965912965126, 359.99965912965126, 359.9996487966273, 359.9996487966273, 359.9996362546226, 359.9996362546226, 359.9996260047192, 359.9996260047192, 359.9996156706475, 359.9996156706475, 359.99960308673326, 359.99960308673326, 359.9995900867507, 359.9995900867507, 359.9995809197426, 359.9995809197426, 359.99957404471934, 359.99957404471934, 359.999563044752], "rat_caught": [false, false, false, false, false, false, false, false, false, false, false, false, false, false, false, false, false, false, false, false, false, false, false, false, false, false, false, false, false, false, false, false, false, false, false, false, false, false, false, false, false, false, false, false, false, false, false, false, false, false, false, false, false, false, false, false, false, false, false, false, false, false, false, false, false, false, false, false, false, false, false, false, false, false, false, false, false, false, false, false], "left_behind": ["prime", "prime", "carpet", "plain", "plain", "plain", "plain", "plain", "prime", "plain", "plain", "prime", "prime", "prime", "plain", "plain", "plain", "plain", "prime", "prime", "carpet", "prime", "plain", "prime", "prime", "carpet", "prime", "plain", "carpet", "carpet", "plain", "plain", "plain", "plain", "carpet", "plain", "plain", "plain", "plain", "prime", "prime", "plain", "plain", "plain", "plain", "prime", "plain", "prime", "plain", "carpet", "carpet", "plain", "plain", "plain", "plain", "prime", "plain", "prime", "prime", "prime", "plain", "carpet", "plain", "carpet", "carpet", "plain", "plain", "prime", "plain", "carpet", "plain", "plain", "plain", "carpet", "plain", "plain", "prime", "prime", "carpet", "plain"], "errlog_a": "gg, the rat never stood a chance", "errlog_b": "", "start_time": 360, "start_moves": 80, "turn_count": 80, "result": 1, "reason": "POINTS", "trapdoors": [[3, 3], [3, 3], [3, 3], [3, 3], [3, 3], [3, 3], [4, 3], [4, 3], [4, 3], [4, 3], [4, 3], [4, 3], [4, 3], [4, 3], [4, 3], [4, 3], [4, 3], [4, 3], [4, 3], [4, 3], [4, 2], [4, 2], [4, 2], [4, 2], [4, 1], [4, 0], [4, 0], [4, 1], [3, 1], [3, 1], [3, 1], [3, 0], [3, 0], [2, 0], [2, 0], [2, 0], [1, 0], [1, 0], [1, 1], [1, 2], [1, 1], [1, 1], [1, 1], [1, 2], [1, 2], [1, 3], [1, 2], [1, 2], [1, 2], [1, 3], [1, 3], [1, 3], [2, 3], [2, 3], [2, 4], [1, 4], [1, 4], [0, 4], [0, 5], [0, 5], [1, 5], [1, 6], [1, 6], [1, 6], [1, 6], [0, 6], [0, 6], [1, 6], [1, 6], [1, 6], [2, 6], [2, 6], [2, 6], [2, 6], [2, 6], [3, 6], [3, 6], [4, 6], [4, 5], [3, 5], [3, 5]], "spawn_a": [2, 2], "spawn_b": [5, 2]}