{"pos": [[2, 2], [4, 3], [1, 2], [3, 3], [0, 2], [2, 3], [4, 2], [3, 3], [5, 2], [3, 4], [5, 3], [3, 3], [5, 4], [4, 3], [4, 4], [5, 3], [4, 5], [5, 2], [3, 5], [5, 3], [2, 5], [5, 2], [1, 5], [5, 3], [0, 5], [5, 4], [4, 5], [5, 3], [4, 6], [6, 3], [3, 6], [6, 2], [2, 6], [5, 2], [4, 6], [6, 2], [4, 7], [5, 2], [5, 7], [4, 2], [4, 7], [4, 1], [3, 7], [4, 0], [2, 7], [3, 0], [2, 6], [3, 1], [2, 5], [2, 1], [2, 4], [2, 2], [2, 3], [2, 1], [1, 3], [2, 0], [1, 4], [2, 1], [0, 4], [3, 1], [0, 3], [4, 1], [0, 2], [3, 1], [0, 4], [3, 0], [3, 4], [2, 0], [3, 5], [3, 0], [2, 5], [4, 0], [2, 7], [4, 1], [5, 7], [4, 2], [5, 6], [3, 2], [5, 5], [2, 2]], "a_points": [1, 1, 2, 2, 3, 3, 9, 9, 9, 9, 10, 10, 11, 11, 12, 12, 12, 12, 13, 13, 14, 14, 15, 15, 16, 16, 22, 22, 22, 22, 23, 23, 24, 24, 26, 26, 26, 26, 26, 26, 27, 27, 28, 28, 29, 29, 30, 30, 31, 31, 31, 31, 32, 32, 32, 32, 33, 33, 34, 34, 35, 35, 36, 36, 38, 38, 42, 42, 42, 42, 42, 42, 44, 44, 48, 48, 48, 48, 49, 49], "b_points": [0, 1, 1, 2, 2, 3, 3, 2, 2, 2, 2, 3, 3, 2, 2, 1, 1, 0, 0, 0, 0, 0, 0, 0, 0, -1, -1, -1, -1, -1, -1, -1, -1, 0, 0, -1, -1, -1, -1, -1, -1, -1, -1, 0, 0, 0, 0, 0, 0, 1, 1, 2, 2, 1, 1, 1, 1, 2, 2, 1, 1, 0, 0, 0, 0, 0, 0, -1, -1, -1, -1, 0, 0, 1, 1, 1, 1, 1, 1, 1], "a_turns_left": [39, 39, 38, 38, 37, 37, 36, 36, 35, 35, 34, 34, 33, 33, 32, 32, 31, 31, 30, 30, 29, 29, 28, 28, 27, 27, 26, 26, 25, 25, 24, 24, 23, 23, 22, 22, 21, 21, 20, 20, 19, 19, 18, 18, 17, 17, 16, 16, 15, 15, 14, 14, 13, 13, 12, 12, 11, 11, 10, 10, 9, 9, 8, 8, 7, 7, 6, 6, 5, 5, 4, 4, 3, 3, 2, 2, 1, 1, 0, 0], "b_turns_left": [40, 39, 39, 38, 38, 37, 37, 36, 36, 35, 35, 34, 34, 33, 33, 32, 32, 31, 31, 30, 30, 29, 29, 28, 28, 27, 27, 26, 26, 25, 25, 24, 24, 23, 23, 22, 22, 21, 21, 20, 20, 19, 19, 18, 18, 17, 17, 16, 16, 15, 15, 14, 14, 13, 13, 12, 12, 11, 11, 10, 10, 9, 9, 8, 8, 7, 7, 6, 6, 5, 5, 4, 4, 3, 3, 2, 2, 1, 1, 0], "a_time_left": [353.4118931670673, 353.4118931670673, 347.4994021670427, 347.4994021670427, 339.6240914169466, 339.6240914169466, 331.72744824993424, 331.72744824993424, 326.3628698749235, 326.3628698749235, 320.61750783293974, 320.61750783293974, 313.1520333328517, 313.1520333328517, 307.6452167078387, 307.6452167078387, 300.9253584158141, 300.9253584158141, 296.62102333281655, 296.62102333281655, 292.17917479085736, 292.17917479085736, 283.6421999569284, 283.6421999569284, 278.8807286649244, 278.8807286649244, 270.61497541493736, 270.61497541493736, 265.3195254568709, 265.3195254568709, 259.9262474149, 259.9262474149, 251.711768373847, 251.711768373847, 245.88477162388153, 245.88477162388153, 239.01611041487195, 239.01611041487195, 233.61755437287502, 233.61755437287502, 224.25904833094683, 224.25904833094683, 214.22914620593656, 214.22914620593656, 206.1707637059735, 206.1707637059735, 200.78343387204222, 200.78343387204222, 194.9733749551233, 194.9733749551233, 188.52063662209548, 188.52063662209548, 181.2137566630263, 181.2137566630263, 173.86608078796417, 173.86608078796417, 167.14676620496903, 167.14676620496903, 159.39108495495748, 159.39108495495748, 146.28262028796598, 146.28262028796598, 136.94805487198755, 136.94805487198755, 129.3982229969697, 129.3982229969697, 124.15533566300292, 124.15533566300292, 121.7296664970927, 121.7296664970927, 121.65662787202746, 121.65662787202746, 121.50447070493829, 121.50447070493829, 121.49508895492181, 121.49508895492181, 121.49207249691244, 121.49207249691244, 121.4847997049801, 121.4847997049801], "b_time_left": [360, 359.999832957983, 359.999832957983, 359.9995752489194, 359.9995752489194, 359.9995219159173, 359.9995219159173, 359.9994693748886, 359.9994693748886, 359.9994187079137, 359.9994187079137, 359.9993686658563, 359.9993686658563, 359.999307874823, 359.999307874823, 359.999278166797, 359.999278166797, 359.9992631667992, 359.9992631667992, 359.99921337584965, 359.99921337584965, 359.9991484178463, 359.9991484178463, 359.9991295428481, 359.9991295428481, 359.9991162518272, 359.9991162518272, 359.99906554387417, 359.99906554387417, 359.9990096689435, 359.9990096689435, 359.9989925848786, 359.9989925848786, 359.99885220988654, 359.99885220988654, 359.99876712588593, 359.99876712588593, 359.99874854285736, 359.99874854285736, 359.9987357928185, 359.9987357928185, 359.99866145977285, 359.99866145977285, 359.99860429379623, 359.99860429379623, 359.998507043696, 359.998507043696, 359.9984583776677, 359.9984583776677, 359.998401794699, 359.998401794699, 359.9983806697419, 359.9983806697419, 359.9983591287164, 359.9983591287164, 359.9983446287224, 359.9983446287224, 359.99826125381514, 359.99826125381514, 359.9982060038019, 359.9982060038019, 359.99815750378184, 359.99815750378184, 359.9980208368506, 359.9980208368506, 359.9979530868586, 359.9979530868586, 359.9979375038529, 359.9979375038529, 359.9979191288585, 359.9979191288585, 359.9979062117636, 359.9979062117636, 359.9978917117696, 359.9978917117696, 359.9978561277967, 359.9978561277967, 359.99784562783316, 359.99784562783316, 359.9978358778171], "rat_caught": [false, false, false, false, false, false, false, false, false, false, false, false, false, false, false, false, false, false, false, false, false, false, false, false, false, false, false, false, false, false, false, false, false, false, false, false, false, false, false, false, false, false, false, false, false, false, false, false, false, false, false, false, false, false, false, false, false, false, false, false, false, false, false, false, false, false, false, false, false, false, false, false, false, false, false, false, false, false, false, false], "left_behind": ["prime", "prime", "prime", "prime", "prime", "prime", "carpet", "carpet", "plain", "plain", "prime", "prime", "prime", "carpet", "prime", "carpet", "plain", "carpet", "prime", "plain", "prime", "plain", "prime", "plain", "prime", "carpet", "carpet", "plain", "plain", "plain", "prime", "plain", "prime", "prime", "carpet", "carpet", "plain", "plain", "plain", "plain", "prime", "plain", "prime", "prime", "prime", "plain", "prime", "plain", "prime", "prime", "plain", "prime", "prime", "carpet", "plain", "plain", "prime", "prime", "prime", "carpet", "prime", "carpet", "prime", "plain", "carpet", "plain", "carpet", "carpet", "plain", "plain", "plain", "prime", "carpet", "prime", "carpet", "plain", "plain", "plain", "prime", "plain"], "errlog_a": "gg, the rat never stood a chance", "errlog_b": "", "start_time": 360, "start_moves": 80, "turn_count": 80, "result": 0, "reason": "POINTS", "trapdoors": [[3, 1], [4, 1], [4, 1], [4, 1], [4, 2], [4, 2], [4, 2], [3, 2], [3, 2], [4, 2], [4, 2], [4, 2], [3, 2], [2, 2], [3, 2], [3, 2], [4, 2], [4, 2], [4, 2], [5, 2], [5, 2], [5, 2], [5, 2], [5, 2], [5, 3], [5, 3], [5, 2], [5, 2], [5, 2], [6, 2], [6, 3], [6, 3], [6, 3], [6, 3], [6, 3], [6, 4], [6, 4], [6, 4], [6, 4], [6, 4], [6, 5], [6, 5], [6, 6], [6, 7], [6, 7], [7, 7], [7, 7], [7, 7], [7, 7], [6, 7], [5, 7], [5, 7], [5, 7], [5, 7], [5, 7], [4, 7], [3, 7], [2, 7], [1, 7], [0, 7], [0, 6], [0, 5], [0, 5], [1, 5], [1, 4], [1, 3], [1, 2], [1, 2], [1, 1], [1, 1], [2, 1], [2, 1], [2, 1], [2, 1], [2, 1], [2, 1], [2, 0], [2, 0], [2, 0], [2, 0], [2, 0]], "spawn_a": [3, 2], "spawn_b": [4, 2]}