{"pos": [[3, 4], [5, 5], [3, 5], [5, 4], [3, 4], [5, 5], [3, 3], [5, 6], [3, 4], [5, 7], [3, 5], [5, 6], [3, 4], [5, 5], [3, 5], [4, 5], [3, 6], [5, 5], [3, 7], [5, 6], [4, 7], [5, 5], [3, 7], [4, 5], [4, 7], [5, 5], [5, 7], [4, 5], [4, 7], [4, 6], [5, 7], [5, 6], [4, 7], [5, 7], [4, 6], [4, 7], [3, 6], [3, 7], [4, 6], [4, 7], [4, 5], [5, 7], [3, 5], [4, 7], [3, 6], [3, 7], [2, 6], [3, 6], [2, 7], [3, 7], [2, 6], [2, 7], [3, 6], [2, 6], [3, 5], [3, 6], [2, 5], [4, 6], [3, 5], [3, 6], [3, 4], [2, 6], [3, 5], [2, 7], [3, 4], [3, 7], [3, 5], [3, 6], [4, 5], [4, 6], [4, 4], [3, 6], [5, 4], [3, 7], [4, 4], [3, 6], [4, 3], [2, 6], [3, 3], [3, 6]], "a_points": [0, 0, 1, 1, 0, 0, 0, 0, 1, 1, 1, 1, 2, 2, 1, 1, 1, 1, 1, 1, 1, 1, 1, 1, 2, 2, 3, 3, 2, 2, 2, 2, 3, 3, 3, 3, 4, 4, 3, 3, 3, 3, 3, 3, 3, 3, 3, 3, 3, 3, 3, 3, 2, 2, 2, 2, 2, 2, 3, 3, 3, 3, 3, 3, 3, 3, 3, 3, 3, 3, 3, 3, 4, 4, 3, 3, 3, 3, 2, 2], "b_points": [0, 1, 1, 2, 2, 1, 1, 1, 1, 1, 1, 1, 1, 1, 1, 0, 0, 0, 0, 0, 0, 1, 1, 1, 1, 1, 1, 1, 1, 1, 1, 0, 0, -1, -1, -1, -1, -2, -2, -2, -2, -2, -2, -2, -2, -2, -2, -2, -2, -1, -1, -1, -1, -1, -1, 0, 0, 0, 0, 0, 0, -1, -1, -1, -1, 0, 0, 0, 0, 0, 0, 0, 0, 0, 0, 0, 0, 0, 0, 0], "a_turns_left": [39, 39, 38, 38, 37, 37, 36, 36, 35, 35, 34, 34, 33, 33, 32, 32, 31, 31, 30, 30, 29, 29, 28, 28, 27, 27, 26, 26, 25, 25, 24, 24, 23, 23, 22, 22, 21, 21, 20, 20, 19, 19, 18, 18, 17, 17, 16, 16, 15, 15, 14, 14, 13, 13, 12, 12, 11, 11, 10, 10, 9, 9, 8, 8, 7, 7, 6, 6, 5, 5, 4, 4, 3, 3, 2, 2, 1, 1, 0, 0], "b_turns_left": [40, 39, 39, 38, 38, 37, 37, 36, 36, 35, 35, 34, 34, 33, 33, 32, 32, 31, 31, 30, 30, 29, 29, 28, 28, 27, 27, 26, 26, 25, 25, 24, 24, 23, 23, 22, 22, 21, 21, 20, 20, 19, 19, 18, 18, 17, 17, 16, 16, 15, 15, 14, 14, 13, 13, 12, 12, 11, 11, 10, 10, 9, 9, 8, 8, 7, 7, 6, 6, 5, 5, 4, 4, 3, 3, 2, 2, 1, 1, 0], "a_time_left": [359.99979845795315, 359.99979845795315, 359.99971212493256, 359.99971212493256, 359.99963916593697, 359.99963916593697, 359.99956995795947, 359.99956995795947, 359.9994839999126, 359.9994839999126, 359.9993816248607, 359.9993816248607, 359.99930029094685, 359.99930029094685, 359.999212665949, 359.999212665949, 359.9991087910021, 359.9991087910021, 359.99903304094914, 359.99903304094914, 359.99897045700345, 359.99897045700345, 359.99889233196154, 359.99889233196154, 359.9988298319513, 359.9988298319513, 359.99876874894835, 359.99876874894835, 359.99870408303104, 359.99870408303104, 359.99861266696826, 359.99861266696826, 359.9985368340276, 359.9985368340276, 359.9984514169628, 359.9984514169628, 359.99837466701865, 359.99837466701865, 359.99451629200485, 359.99451629200485, 359.9943812499987, 359.9943812499987, 359.9942639580695, 359.9942639580695, 359.99415916611906, 359.99415916611906, 359.99408854113426, 359.99408854113426, 359.9940309571102, 359.9940309571102, 359.99395845714025, 359.99395845714025, 359.9938717901241, 359.9938717901241, 359.9938078741543, 359.9938078741543, 359.993733291165, 359.993733291165, 359.9936676661018, 359.9936676661018, 359.99359683308285, 359.99359683308285, 359.99352816608734, 359.99352816608734, 359.9934637910919, 359.9934637910919, 359.99339804111514, 359.99339804111514, 359.9933376661502, 359.9933376661502, 359.99325829115696, 359.99325829115696, 359.9931972071063, 359.9931972071063, 359.9931360820774, 359.9931360820774, 359.9930783320451, 359.9930783320451, 359.9930149150314, 359.9930149150314], "b_time_left": [360, 359.9999809579458, 359.9999809579458, 359.99996879091486, 359.99996879091486, 359.99995987385046, 359.99995987385046, 359.99995304085314, 359.99995304085314, 359.99994199885987, 359.99994199885987, 359.9999328328995, 359.9999328328995, 359.9999243329512, 359.9999243329512, 359.9999081658898, 359.9999081658898, 359.9999004579149, 359.9999004579149, 359.9998935828917, 359.9998935828917, 359.9998863748042, 359.9998863748042, 359.9998767498182, 359.9998767498182, 359.9998701658333, 359.9998701658333, 359.9998629158363, 359.9998629158363, 359.999854540918, 359.999854540918, 359.9998465408571, 359.9998465408571, 359.9998399578035, 359.9998399578035, 359.9998329577502, 359.9998329577502, 359.9998232907383, 359.9998232907383, 359.9998025407549, 359.9998025407549, 359.9997723738197, 359.9997723738197, 359.9997609157581, 359.9997609157581, 359.99975066573825, 359.99975066573825, 359.99974270770326, 359.99974270770326, 359.9997335827211, 359.9997335827211, 359.9997265826678, 359.9997265826678, 359.9997200827347, 359.9997200827347, 359.99971416569315, 359.99971416569315, 359.99970408168156, 359.99970408168156, 359.99969724868424, 359.99969724868424, 359.9996900407132, 359.9996900407132, 359.99968370771967, 359.99968370771967, 359.99967704177834, 359.99967704177834, 359.99967129179277, 359.99967129179277, 359.99966474983376, 359.99966474983376, 359.9996590418741, 359.9996590418741, 359.99965387489647, 359.99965387489647, 359.99964841699693, 359.99964841699693, 359.9996430010069, 359.9996430010069, 359.99963745998684], "rat_caught": [false, false, false, false, false, false, false, false, false, false, false, false, false, false, false, false, false, false, false, false, false, false, false, false, false, false, false, false, false, false, false, false, false, false, false, false, false, false, false, false, false, false, false, false, false, false, false, false, false, false, false, false, false, false, false, false, false, false, false, false, false, false, false, false, false, false, false, false, false, false, false, false, false, false, false, false, false, false, false, false], "left_behind": ["plain", "prime", "prime", "prime", "carpet", "carpet", "plain", "plain", "prime", "plain", "plain", "plain", "prime", "plain", "carpet", "carpet", "plain", "plain", "plain", "plain", "plain", "prime", "plain", "plain", "prime", "plain", "prime", "plain", "carpet", "plain", "plain", "carpet", "prime", "carpet", "plain", "plain", "prime", "carpet", "carpet", "plain", "plain", "plain", "plain", "plain", "plain", "plain", "plain", "plain", "plain", "prime", "plain", "plain", "carpet", "plain", "plain", "prime", "plain", "plain", "prime", "plain", "plain", "carpet", "plain", "plain", "plain", "prime", "plain", "plain", "plain", "plain", "plain", "plain", "prime", "plain", "carpet", "plain", "plain", "plain", "carpet", "plain"], "errlog_a": "gg, the rat never stood a chance", "errlog_b": "", "start_time": 360, "start_moves": 80, "turn_count": 80, "result": 0, "reason": "POINTS", "trapdoors": [[2, 2], [2, 3], [2, 3], [3, 3], [3, 3], [3, 3], [3, 3], [4, 3], [5, 3], [5, 4], [5, 3], [5, 3], [5, 4], [5, 4], [5, 4], [4, 4], [4, 4], [4, 3], [4, 3], [4, 3], [4, 3], [4, 3], [5, 3], [5, 3], [5, 2], [5, 3], [5, 3], [5, 2], [5, 2], [5, 2], [5, 2], [5, 2], [5, 1], [5, 1], [5, 1], [4, 1], [4, 1], [4, 2], [4, 3], [4, 3], [4, 3], [4, 3], [4, 3], [5, 3], [5, 3], [5, 2], [5, 2], [5, 2], [5, 1], [5, 1], [4, 1], [4, 1], [4, 1], [4, 1], [3, 1], [3, 1], [3, 2], [3, 2], [3, 2], [3, 3], [3, 4], [3, 4], [2, 4], [2, 4], [2, 4], [2, 4], [2, 4], [2, 4], [2, 4], [2, 4], [2, 4], [2, 4], [3, 4], [3, 4], [2, 4], [1, 4], [1, 4], [0, 4], [0, 4], [0, 4], [0, 4]], "spawn_a": [3, 5], "spawn_b": [4, 5]}