{"pos": [[3, 4], [5, 5], [2, 4], [4, 5], [2, 5], [3, 5], [2, 6], [4, 5], [2, 5], [4, 4], [2, 4], [4, 3], [3, 4], [4, 2], [2, 4], [3, 2], [2, 3], [3, 3], [2, 2], [2, 3], [4, 2], [2, 2], [5, 2], [3, 2], [6, 2], [3, 3], [7, 2], [2, 3], [6, 2], [1, 3], [7, 2], [0, 3], [6, 2], [1, 3], [6, 3], [0, 3], [5, 3], [1, 3], [6, 3], [2, 3], [7, 3], [3, 3], [6, 3], [3, 4], [6, 4], [4, 4], [7, 4], [4, 5], [7, 3], [4, 6], [7, 2], [4, 7], [6, 2], [3, 7], [5, 2], [4, 7], [4, 2], [5, 7], [5, 2], [4, 7], [5, 3], [5, 7], [5, 4], [4, 7], [6, 4], [3, 7], [6, 3], [4, 7], [6, 4], [5, 7], [7, 4], [4, 7], [7, 3], [3, 7], [6, 3], [4, 7], [7, 3], [3, 7], [7, 2], [3, 6]], "a_points": [0, 0, 0, 0, 1, 1, 1, 1, 1, 1, 0, 0, 0, 0, 1, 1, 1, 1, 1, 1, 3, 3, 3, 3, 3, 3, 3, 3, 4, 4, 3, 3, 3, 3, 4, 4, 4, 4, 4, 4, 4, 4, 4, 4, 4, 4, 4, 4, 5, 5, 6, 6, 5, 5, 5, 5, 5, 5, 5, 5, 5, 5, 4, 4, 4, 4, 5, 5, 4, 4, 3, 3, 2, 2, 2, 2, 3, 3, 3, 3], "b_points": [0, 1, 1, 1, 1, 2, 2, 1, 1, 1, 1, 2, 2, 2, 2, 3, 3, 4, 4, 5, 5, 6, 6, 7, 7, 6, 6, 5, 5, 5, 5, 6, 6, 5, 5, 5, 5, 5, 5, 5, 5, 5, 5, 4, 4, 3, 3, 3, 3, 3, 3, 4, 4, 4, 4, 4, 4, 4, 4, 4, 4, 5, 5, 4, 4, 4, 4, 5, 5, 5, 5, 6, 6, 5, 5, 5, 5, 5, 5, 5], "a_turns_left": [39, 39, 38, 38, 37, 37, 36, 36, 35, 35, 34, 34, 33, 33, 32, 32, 31, 31, 30, 30, 29, 29, 28, 28, 27, 27, 26, 26, 25, 25, 24, 24, 23, 23, 22, 22, 21, 21, 20, 20, 19, 19, 18, 18, 17, 17, 16, 16, 15, 15, 14, 14, 13, 13, 12, 12, 11, 11, 10, 10, 9, 9, 8, 8, 7, 7, 6, 6, 5, 5, 4, 4, 3, 3, 2, 2, 1, 1, 0, 0], "b_turns_left": [40, 39, 39, 38, 38, 37, 37, 36, 36, 35, 35, 34, 34, 33, 33, 32, 32, 31, 31, 30, 30, 29, 29, 28, 28, 27, 27, 26, 26, 25, 25, 24, 24, 23, 23, 22, 22, 21, 21, 20, 20, 19, 19, 18, 18, 17, 17, 16, 16, 15, 15, 14, 14, 13, 13, 12, 12, 11, 11, 10, 10, 9, 9, 8, 8, 7, 7, 6, 6, 5, 5, 4, 4, 3, 3, 2, 2, 1, 1, 0], "a_time_left": [359.99983591702767, 359.99983591702767, 359.99975874996744, 359.99975874996744, 359.9996916248929, 359.9996916248929, 359.9996241668705, 359.9996241668705, 359.9995448748814, 359.9995448748814, 359.99946712492965, 359.99946712492965, 359.9994092499837, 359.9994092499837, 359.9993537500268, 359.9993537500268, 359.9992895000614, 359.9992895000614, 359.99920683307573, 359.99920683307573, 359.99912054114975, 359.99912054114975, 359.9990437490633, 359.9990437490633, 359.9989622491412, 359.9989622491412, 359.9988882491598, 359.9988882491598, 359.99879458209034, 359.99879458209034, 359.99873245705385, 359.99873245705385, 359.9986667899648, 359.9986667899648, 359.9985882480396, 359.9985882480396, 359.9985101650236, 359.9985101650236, 359.9984179569874, 359.9984179569874, 359.99833762296475, 359.99833762296475, 359.9982719559921, 359.9982719559921, 359.99820608098526, 359.99820608098526, 359.99811783095356, 359.99811783095356, 359.99803803896066, 359.99803803896066, 359.9979583310196, 359.9979583310196, 359.99788724805694, 359.99788724805694, 359.9978064140305, 359.9978064140305, 359.99774270504713, 359.99774270504713, 359.9976729140617, 359.9976729140617, 359.9975970800733, 359.9975970800733, 359.9975333721377, 359.9975333721377, 359.99747087212745, 359.99747087212745, 359.9974044141127, 359.9974044141127, 359.9973367891507, 359.9973367891507, 359.99728141422383, 359.99728141422383, 359.9972297891509, 359.9972297891509, 359.9971726221265, 359.9971726221265, 359.9971060390817, 359.9971060390817, 359.9970247470774, 359.9970247470774], "b_time_left": [360, 359.9999781670049, 359.9999781670049, 359.99996529193595, 359.99996529193595, 359.9999560829019, 359.9999560829019, 359.9999437498627, 359.9999437498627, 359.99993199983146, 359.99993199983146, 359.9999210408423, 359.9999210408423, 359.99991191586014, 359.99991191586014, 359.99989866581745, 359.99989866581745, 359.9998854158912, 359.9998854158912, 359.9998659158591, 359.9998659158591, 359.9998523738468, 359.9998523738468, 359.9998403318459, 359.9998403318459, 359.9998275398975, 359.9998275398975, 359.9998154558707, 359.9998154558707, 359.9998063307721, 359.9998063307721, 359.9997946647927, 359.9997946647927, 359.99978574877605, 359.99978574877605, 359.99977387383115, 359.99977387383115, 359.9997565408703, 359.9997565408703, 359.99974395683967, 359.99974395683967, 359.9997295817593, 359.9997295817593, 359.9997206237167, 359.9997206237167, 359.9997057907749, 359.9997057907749, 359.9996919988189, 359.9996919988189, 359.9996812908212, 359.9996812908212, 359.9996692908462, 359.9996692908462, 359.99965658190195, 359.99965658190195, 359.9996449148748, 359.9996449148748, 359.99963603983633, 359.99963603983633, 359.999624164775, 359.999624164775, 359.9996146237245, 359.9996146237245, 359.9996047907043, 359.9996047907043, 359.9995948316064, 359.9995948316064, 359.9995849985862, 359.9995849985862, 359.99957641458604, 359.99957641458604, 359.99956899753306, 359.99956899753306, 359.99955878942274, 359.99955878942274, 359.99955178948585, 359.99955178948585, 359.99953962350264, 359.99953962350264, 359.99952916556504], "rat_caught": [false, false, false, false, false, false, false, false, false, false, false, false, false, false, false, false, false, false, false, false, false, false, false, false, false, false, false, false, false, false, false, false, false, false, false, false, false, false, false, false, false, false, false, false, false, false, false, false, false, false, false, false, false, false, false, false, false, false, false, false, false, false, false, false, false, false, false, false, false, false, false, false, false, false, false, false, false, false, false, false], "left_behind": ["plain", "prime", "plain", "plain", "prime", "prime", "plain", "carpet", "plain", "plain", "carpet", "prime", "plain", "plain", "prime", "prime", "plain", "prime", "plain", "prime", "carpet", "prime", "plain", "prime", "plain", "carpet", "plain", "carpet", "prime", "plain", "carpet", "prime", "plain", "carpet", "prime", "plain", "plain", "plain", "plain", "plain", "plain", "plain", "plain", "carpet", "plain", "carpet", "plain", "plain", "prime", "plain", "prime", "prime", "carpet", "plain", "plain", "plain", "plain", "plain", "plain", "plain", "plain", "prime", "carpet", "carpet", "plain", "plain", "prime", "prime", "carpet", "plain", "carpet", "prime", "carpet", "carpet", "plain", "plain", "prime", "plain", "plain", "plain"], "errlog_a": "gg, the rat never stood a chance", "errlog_b": "", "start_time": 360, "start_moves": 80, "turn_count": 80, "result": 1, "reason": "POINTS", "trapdoors": [[2, 6], [2, 6], [2, 6], [2, 5], [2, 4], [2, 4], [2, 4], [2, 5], [2, 6], [2, 5], [2, 6], [2, 6], [2, 5], [2, 5], [2, 5], [2, 4], [1, 4], [2, 4], [2, 4], [2, 4], [1, 4], [1, 5], [1, 5], [0, 5], [1, 5], [1, 5], [1, 5], [1, 5], [1, 5], [1, 4], [2, 4], [1, 4], [1, 5], [0, 5], [1, 5], [1, 6], [1, 6], [2, 6], [1, 6], [0, 6], [0, 6], [0, 6], [0, 6], [0, 6], [0, 5], [0, 5], [0, 4], [0, 5], [0, 6], [1, 6], [1, 7], [2, 7], [2, 7], [2, 7], [2, 7], [3, 7], [3, 7], [4, 7], [5, 7], [5, 6], [5, 6], [5, 5], [5, 4], [6, 4], [5, 4], [5, 5], [5, 6], [5, 6], [5, 5], [5, 5], [5, 5], [5, 4], [5, 4], [5, 3], [6, 3], [6, 3], [6, 3], [7, 3], [7, 3], [7, 3], [7, 2]], "spawn_a": [2, 4], "spawn_b": [5, 4]}