{"pos": [[3, 2], [6, 2], [2, 2], [7, 2], [2, 3], [7, 3], [1, 3], [7, 2], [1, 4], [7, 3], [2, 4], [6, 3], [3, 4], [7, 3], [1, 4], [7, 4], [2, 4], [7, 3], [2, 5], [7, 2], [2, 4], [7, 3], [2, 3], [7, 2], [1, 3], [6, 2], [2, 3], [5, 2], [1, 3], [6, 2], [1, 2], [6, 3], [1, 3], [6, 4], [0, 3], [5, 4], [0, 4], [4, 4], [0, 3], [4, 5], [0, 2], [5, 5], [0, 3], [4, 5], [0, 4], [4, 4], [0, 3], [4, 3], [0, 2], [4, 4], [1, 2], [3, 4], [2, 2], [3, 5], [2, 3], [2, 5], [1, 3], [2, 4], [2, 3], [1, 4], [2, 2], [1, 3], [2, 3], [0, 3], [2, 4], [0, 2], [2, 3], [0, 3], [2, 4], [1, 3], [3, 4], [1, 4], [3, 5], [0, 4], [2, 5], [1, 4], [2, 4], [1, 3], [2, 3], [1, 4]], "a_points": [0, 0, 1, 1, 2, 2, 2, 2, 2, 2, 3, 3, 4, 4, 6, 6, 6, 6, 6, 6, 6, 6, 6, 6, 6, 6, 6, 6, 7, 7, 7, 7, 8, 8, 8, 8, 9, 9, 8, 8, 8, 8, 9, 9, 9, 9, 10, 10, 9, 9, 8, 8, 7, 7, 6, 6, 6, 6, 6, 6, 6, 6, 6, 6, 6, 6, 6, 6, 6, 6, 5, 5, 4, 4, 4, 4, 5, 5, 5, 5], "b_points": [0, 1, 1, 1, 1, 1, 1, 2, 2, 1, 1, 1, 1, 1, 1, 1, 1, 2, 2, 2, 2, 2, 2, 2, 2, 3, 3, 2, 2, 2, 2, 3, 3, 4, 4, 5, 5, 5, 5, 5, 5, 5, 5, 6, 6, 7, 7, 7, 7, 7, 7, 7, 7, 8, 8, 9, 9, 9, 9, 9, 9, 9, 9, 9, 9, 9, 9, 9, 9, 9, 9, 10, 10, 9, 9, 9, 9, 8, 8, 8], "a_turns_left": [39, 39, 38, 38, 37, 37, 36, 36, 35, 35, 34, 34, 33, 33, 32, 32, 31, 31, 30, 30, 29, 29, 28, 28, 27, 27, 26, 26, 25, 25, 24, 24, 23, 23, 22, 22, 21, 21, 20, 20, 19, 19, 18, 18, 17, 17, 16, 16, 15, 15, 14, 14, 13, 13, 12, 12, 11, 11, 10, 10, 9, 9, 8, 8, 7, 7, 6, 6, 5, 5, 4, 4, 3, 3, 2, 2, 1, 1, 0, 0], "b_turns_left": [40, 39, 39, 38, 38, 37, 37, 36, 36, 35, 35, 34, 34, 33, 33, 32, 32, 31, 31, 30, 30, 29, 29, 28, 28, 27, 27, 26, 26, 25, 25, 24, 24, 23, 23, 22, 22, 21, 21, 20, 20, 19, 19, 18, 18, 17, 17, 16, 16, 15, 15, 14, 14, 13, 13, 12, 12, 11, 11, 10, 10, 9, 9, 8, 8, 7, 7, 6, 6, 5, 5, 4, 4, 3, 3, 2, 2, 1, 1, 0], "a_time_left": [359.99968624999747, 359.99968624999747, 359.9995770000387, 359.9995770000387, 359.99949225003365, 359.99949225003365, 359.99937883298844, 359.99937883298844, 359.9992592079798, 359.9992592079798, 359.99916287499946, 359.99916287499946, 359.9990627920488, 359.9990627920488, 359.99892579205334, 359.99892579205334, 359.9988318759715, 359.9988318759715, 359.9987357929349, 359.9987357929349, 359.9986409598496, 359.9986409598496, 359.9985213348409, 359.9985213348409, 359.9984221267514, 359.9984221267514, 359.9982876688009, 359.9982876688009, 359.99816804379225, 359.99816804379225, 359.99805612675846, 359.99805612675846, 359.99794875178486, 359.99794875178486, 359.9978612108389, 359.9978612108389, 359.9977704609046, 359.9977704609046, 359.9976889198879, 359.9976889198879, 359.9975834619254, 359.9975834619254, 359.99749821191654, 359.99749821191654, 359.99742925388273, 359.99742925388273, 359.99736333684996, 359.99736333684996, 359.9972841287963, 359.9972841287963, 359.9972161698388, 359.9972161698388, 359.99714950378984, 359.99714950378984, 359.99703033675905, 359.99703033675905, 359.9969430027995, 359.9969430027995, 359.9968473778572, 359.9968473778572, 359.9967291689245, 359.9967291689245, 359.996640959871, 359.996640959871, 359.99655075080227, 359.99655075080227, 359.9964733758243, 359.9964733758243, 359.9964070848655, 359.9964070848655, 359.996307876776, 359.996307876776, 359.99622562678996, 359.99622562678996, 359.99611716880463, 359.99611716880463, 359.99602579383645, 359.99602579383645, 359.9959490018664, 359.9959490018664], "b_time_left": [360, 359.9999799579382, 359.9999799579382, 359.99996416596696, 359.99996416596696, 359.9999520829879, 359.9999520829879, 359.9999393330654, 359.9999393330654, 359.9999290420674, 359.9999290420674, 359.99991829204373, 359.99991829204373, 359.999905625009, 359.999905625009, 359.99989520804957, 359.99989520804957, 359.9998810410034, 359.9998810410034, 359.99986912403256, 359.99986912403256, 359.9998537909705, 359.9998537909705, 359.9998385409126, 359.9998385409126, 359.99982658191584, 359.99982658191584, 359.999813123839, 359.999813123839, 359.9998029988492, 359.9998029988492, 359.9997887489153, 359.9997887489153, 359.9997754158685, 359.9997754158685, 359.99976466596127, 359.99976466596127, 359.99975304096006, 359.99975304096006, 359.999742457876, 359.999742457876, 359.9997324999422, 359.9997324999422, 359.9997201249935, 359.9997201249935, 359.9997105830116, 359.9997105830116, 359.99970195803326, 359.99970195803326, 359.999693416059, 359.999693416059, 359.9996845830465, 359.9996845830465, 359.9996712910943, 359.9996712910943, 359.99965716607403, 359.99965716607403, 359.9996469160542, 359.9996469160542, 359.99963637511246, 359.99963637511246, 359.9996248340467, 359.9996248340467, 359.9996156260604, 359.9996156260604, 359.99960458511487, 359.99960458511487, 359.9995962100802, 359.9995962100802, 359.99958471010905, 359.99958471010905, 359.99957571015693, 359.99957571015693, 359.99956750217825, 359.99956750217825, 359.9995583771961, 359.9995583771961, 359.99954737722874, 359.99954737722874, 359.9995391272241], "rat_caught": [false, false, false, false, false, false, false, false, false, false, false, false, false, false, false, false, false, false, false, false, false, false, false, false, false, false, false, false, false, false, false, false, false, false, false, false, false, false, false, false, false, false, false, false, false, false, false, false, false, false, false, false, false, false, false, false, false, false, false, false, false, false, false, false, false, false, false, false, false, false, false, false, false, false, false, false, false, false, false, false], "left_behind": ["plain", "prime", "prime", "plain", "prime", "plain", "plain", "prime", "plain", "carpet", "prime", "plain", "prime", "plain", "carpet", "plain", "plain", "prime", "plain", "plain", "plain", "plain", "plain", "plain", "plain", "prime", "plain", "carpet", "prime", "plain", "plain", "prime", "prime", "prime", "plain", "prime", "prime", "plain", "carpet", "plain", "plain", "plain", "prime", "prime", "plain", "prime", "prime", "plain", "carpet", "plain", "carpet", "plain", "carpet", "prime", "carpet", "prime", "plain", "plain", "plain", "plain", "plain", "plain", "plain", "plain", "plain", "plain", "plain", "plain", "plain", "plain", "carpet", "prime", "carpet", "carpet", "plain", "plain", "prime", "carpet", "plain", "plain"], "errlog_a": "gg, the rat never stood a chance", "errlog_b": "", "start_time": 360, "start_moves": 80, "turn_count": 80, "result": 1, "reason": "POINTS", "trapdoors": [[4, 4], [4, 3], [4, 3], [4, 3], [4, 3], [4, 3], [3, 3], [2, 3], [2, 3], [2, 3], [2, 2], [2, 3], [2, 3], [2, 3], [2, 3], [3, 3], [3, 3], [3, 2], [3, 2], [3, 2], [3, 3], [3, 3], [3, 3], [3, 3], [3, 3], [3, 4], [3, 4], [3, 4], [2, 4], [2, 4], [2, 5], [2, 5], [3, 5], [3, 5], [3, 4], [3, 4], [2, 4], [2, 4], [2, 4], [2, 4], [2, 4], [2, 4], [2, 4], [1, 4], [1, 4], [1, 4], [1, 5], [1, 5], [1, 5], [1, 4], [1, 4], [1, 5], [1, 5], [1, 5], [1, 6], [1, 6], [1, 6], [1, 6], [1, 6], [2, 6], [2, 7], [2, 7], [2, 7], [3, 7], [3, 7], [3, 7], [3, 7], [4, 7], [4, 7], [4, 6], [4, 6], [5, 6], [5, 6], [5, 5], [5, 4], [5, 4], [5, 4], [5, 5], [5, 5], [5, 5], [5, 5]], "spawn_a": [2, 2], "spawn_b": [5, 2]}