{"pos": [[2, 6], [5, 4], [2, 5], [5, 5], [3, 5], [4, 5], [3, 6], [5, 5], [3, 5], [5, 6], [3, 4], [5, 7], [3, 5], [5, 6], [3, 6], [5, 5], [4, 6], [4, 5], [4, 7], [3, 5], [3, 7], [3, 6], [4, 7], [5, 6], [3, 7], [5, 5], [4, 7], [5, 4], [5, 7], [6, 4], [4, 7], [7, 4], [4, 6], [7, 3], [5, 6], [7, 4], [4, 6], [7, 3], [3, 6], [7, 4], [3, 7], [7, 3], [3, 6], [6, 3], [4, 6], [5, 3], [4, 5], [4, 3], [3, 5], [4, 4], [3, 6], [4, 5], [4, 6], [5, 5], [4, 7], [4, 5], [4, 6], [3, 5], [4, 5], [3, 4], [4, 6], [2, 4], [4, 5], [3, 4], [4, 6], [3, 3], [4, 7], [2, 3], [5, 7], [2, 4], [5, 6], [3, 4], [5, 7], [3, 5], [4, 7], [4, 5], [5, 7], [4, 4], [4, 7], [4, 5]], "a_points": [0, 0, 0, 0, 1, 1, 2, 2, 1, 1, 1, 1, 2, 2, 2, 2, 3, 3, 4, 4, 4, 4, 4, 4, 4, 4, 4, 4, 4, 4, 4, 4, 5, 5, 5, 5, 5, 5, 5, 5, 5, 5, 6, 6, 6, 6, 6, 6, 6, 6, 6, 6, 6, 6, 5, 5, 5, 5, 5, 5, 5, 5, 5, 5, 5, 5, 5, 5, 5, 5, 5, 5, 5, 5, 6, 6, 5, 5, 5, 5], "b_points": [0, 1, 1, 0, 0, 0, 0, 0, 0, 0, 0, 0, 0, 0, 0, 1, 1, 1, 1, 1, 1, 0, 0, 2, 2, 2, 2, 2, 2, 2, 2, 3, 3, 3, 3, 4, 4, 3, 3, 3, 3, 3, 3, 3, 3, 4, 4, 5, 5, 6, 6, 6, 6, 7, 7, 6, 6, 6, 6, 5, 5, 5, 5, 5, 5, 5, 5, 5, 5, 6, 6, 6, 6, 6, 6, 6, 6, 6, 6, 7], "a_turns_left": [39, 39, 38, 38, 37, 37, 36, 36, 35, 35, 34, 34, 33, 33, 32, 32, 31, 31, 30, 30, 29, 29, 28, 28, 27, 27, 26, 26, 25, 25, 24, 24, 23, 23, 22, 22, 21, 21, 20, 20, 19, 19, 18, 18, 17, 17, 16, 16, 15, 15, 14, 14, 13, 13, 12, 12, 11, 11, 10, 10, 9, 9, 8, 8, 7, 7, 6, 6, 5, 5, 4, 4, 3, 3, 2, 2, 1, 1, 0, 0], "b_turns_left": [40, 39, 39, 38, 38, 37, 37, 36, 36, 35, 35, 34, 34, 33, 33, 32, 32, 31, 31, 30, 30, 29, 29, 28, 28, 27, 27, 26, 26, 25, 25, 24, 24, 23, 23, 22, 22, 21, 21, 20, 20, 19, 19, 18, 18, 17, 17, 16, 16, 15, 15, 14, 14, 13, 13, 12, 12, 11, 11, 10, 10, 9, 9, 8, 8, 7, 7, 6, 6, 5, 5, 4, 4, 3, 3, 2, 2, 1, 1, 0], "a_time_left": [359.9998042919906, 359.9998042919906, 359.9997198340716, 359.9997198340716, 359.9996550431242, 359.9996550431242, 359.9995722931344, 359.9995722931344, 359.9994992931606, 359.9994992931606, 359.99943037715275, 359.99943037715275, 359.9993640021421, 359.9993640021421, 359.9993015441578, 359.9993015441578, 359.999237461132, 359.999237461132, 359.9991770860506, 359.9991770860506, 359.99910171108786, 359.99910171108786, 359.99903616914526, 359.99903616914526, 359.99897187715396, 359.99897187715396, 359.9989100021776, 359.9989100021776, 359.9988507941598, 359.9988507941598, 359.9987917941762, 359.9987917941762, 359.99873096018564, 359.99873096018564, 359.99867075216025, 359.99867075216025, 359.9985919611063, 359.9985919611063, 359.9985023360932, 359.9985023360932, 359.99840829405, 359.99840829405, 359.99830421002116, 359.99830421002116, 359.9982097509783, 359.9982097509783, 359.99813341803383, 359.99813341803383, 359.9980580849806, 359.9980580849806, 359.99797654303256, 359.99797654303256, 359.9979089179542, 359.9979089179542, 359.9978472508956, 359.9978472508956, 359.997783208848, 359.997783208848, 359.9977163338335, 359.9977163338335, 359.9976074588485, 359.9976074588485, 359.99750770884566, 359.99750770884566, 359.997444416862, 359.997444416862, 359.9973832089454, 359.9973832089454, 359.99730937497225, 359.99730937497225, 359.99724770791363, 359.99724770791363, 359.9971802078653, 359.9971802078653, 359.9970961238723, 359.9970961238723, 359.99702554079704, 359.99702554079704, 359.9969494577963, 359.9969494577963], "b_time_left": [360, 359.9999811250018, 359.9999811250018, 359.99996649997775, 359.99996649997775, 359.99995820899494, 359.99995820899494, 359.99994908401277, 359.99994908401277, 359.99994033412077, 359.99994033412077, 359.99993133416865, 359.99993133416865, 359.99992454214953, 359.99992454214953, 359.99991550005507, 359.99991550005507, 359.9999087920878, 359.9999087920878, 359.999901209143, 359.999901209143, 359.9998945421539, 359.9998945421539, 359.9998871671269, 359.9998871671269, 359.99988150119316, 359.99988150119316, 359.99987637612503, 359.99987637612503, 359.99987008515745, 359.99987008515745, 359.9998646271415, 359.9998646271415, 359.9998587521259, 359.9998587521259, 359.9998519180808, 359.9998519180808, 359.9998441271018, 359.9998441271018, 359.99983383505605, 359.99983383505605, 359.9998228350887, 359.9998228350887, 359.99981329310685, 359.99981329310685, 359.99980191816576, 359.99980191816576, 359.99979271017946, 359.99979271017946, 359.9997835442191, 359.9997835442191, 359.9997732102638, 359.9997732102638, 359.99976654327475, 359.99976654327475, 359.9997608353151, 359.9997608353151, 359.99975287739653, 359.99975287739653, 359.99974346044473, 359.99974346044473, 359.9997324604774, 359.9997324604774, 359.9997227934655, 359.9997227934655, 359.9997168354457, 359.9997168354457, 359.9997069184901, 359.9997069184901, 359.9996993774548, 359.9996993774548, 359.9996919183759, 359.9996919183759, 359.9996829604497, 359.9996829604497, 359.99967308540363, 359.99967308540363, 359.9996664193459, 359.9996664193459, 359.9996591274394], "rat_caught": [false, false, false, false, false, false, false, false, false, false, false, false, false, false, false, false, false, false, false, false, false, false, false, false, false, false, false, false, false, false, false, false, false, false, false, false, false, false, false, false, false, false, false, false, false, false, false, false, false, false, false, false, false, false, false, false, false, false, false, false, false, false, false, false, false, false, false, false, false, false, false, false, false, false, false, false, false, false, false, false], "left_behind": ["plain", "prime", "plain", "carpet", "prime", "plain", "prime", "plain", "carpet", "plain", "plain", "plain", "prime", "plain", "plain", "prime", "prime", "plain", "prime", "plain", "plain", "carpet", "plain", "carpet", "plain", "plain", "plain", "plain", "plain", "plain", "plain", "prime", "prime", "plain", "plain", "prime", "plain", "carpet", "plain", "plain", "plain", "plain", "prime", "plain", "plain", "prime", "plain", "prime", "plain", "prime", "plain", "plain", "plain", "prime", "carpet", "carpet", "plain", "plain", "plain", "carpet", "plain", "plain", "plain", "plain", "plain", "plain", "plain", "plain", "plain", "prime", "plain", "plain", "plain", "plain", "prime", "plain", "carpet", "plain", "plain", "prime"], "errlog_a": "gg, the rat never stood a chance", "errlog_b": "", "start_time": 360, "start_moves": 80, "turn_count": 80, "result": 1, "reason": "POINTS", "trapdoors": [[3, 2], [3, 2], [3, 2], [3, 3], [3, 3], [3, 4], [4, 4], [5, 4], [5, 4], [5, 4], [5, 4], [5, 4], [6, 4], [6, 4], [6, 4], [5, 4], [5, 4], [5, 5], [5, 4], [5, 4], [4, 4], [4, 4], [4, 4], [4, 3], [4, 2], [4, 2], [4, 2], [4, 2], [4, 2], [4, 1], [4, 1], [4, 1], [4, 1], [4, 1], [4, 1], [4, 1], [3, 1], [3, 1], [2, 1], [2, 0], [2, 1], [2, 2], [2, 2], [2, 1], [2, 2], [2, 2], [2, 2], [1, 2], [1, 2], [1, 2], [1, 2], [1, 3], [1, 3], [1, 4], [1, 4], [1, 4], [1, 4], [1, 4], [0, 4], [0, 5], [0, 4], [0, 4], [0, 4], [0, 4], [0, 5], [0, 6], [0, 6], [1, 6], [1, 6], [1, 6], [1, 6], [1, 6], [1, 7], [1, 7], [1, 7], [2, 7], [2, 7], [2, 7], [3, 7], [3, 7], [3, 7]], "spawn_a": [2, 5], "spawn_b": [5, 5]}