{"pos": [[2, 3], [5, 3], [3, 3], [4, 3], [3, 4], [4, 4], [3, 5], [2, 4], [3, 4], [2, 5], [2, 4], [1, 5], [1, 4], [0, 5], [1, 3], [0, 4], [0, 3], [0, 5], [5, 3], [3, 5], [5, 2], [3, 4], [4, 2], [4, 4], [3, 2], [4, 5], [2, 2], [4, 6], [1, 2], [4, 7], [0, 2], [3, 7], [5, 2], [4, 7], [6, 2], [5, 7], [6, 3], [4, 7], [6, 4], [4, 4], [7, 4], [3, 4], [7, 5], [2, 4], [6, 5], [0, 4], [6, 5], [0, 3], [5, 5], [0, 2], [4, 5], [1, 2], [6, 5], [1, 3], [6, 5], [1, 4], [6, 4], [0, 4], [6, 4], [0, 5], [6, 5], [0, 4], [6, 2], [0, 2], [6, 2], [0, 3], [6, 2], [0, 2], [6, 2], [0, 3], [7, 2], [0, 2], [7, 3], [0, 3], [7, 3], [0, 2], [7, 2], [0, 3], [7, 5], [0, 2]], "a_points": [1, 1, 2, 2, 3, 3, 4, 4, 5, 5, 5, 5, 5, 5, 6, 6, 7, 7, 17, 17, 17, 17, 18, 18, 19, 19, 20, 20, 21, 21, 22, 22, 32, 32, 32, 32, 33, 33, 34, 34, 34, 34, 35, 35, 36, 36, 40, 40, 41, 41, 42, 42, 44, 44, 42, 42, 42, 42, 40, 40, 41, 41, 45, 45, 43, 43, 41, 41, 45, 45, 45, 45, 45, 45, 49, 49, 50, 50, 54, 54], "b_points": [0, 1, 1, 2, 2, 3, 3, 5, 5, 5, 5, 6, 6, 7, 7, 7, 7, 8, 8, 12, 12, 12, 12, 12, 12, 13, 13, 14, 14, 15, 15, 15, 15, 16, 16, 16, 16, 17, 17, 21, 21, 21, 21, 21, 21, 23, 23, 23, 23, 24, 24, 25, 25, 25, 25, 25, 25, 25, 25, 25, 25, 26, 26, 28, 28, 28, 28, 28, 28, 28, 28, 28, 28, 28, 28, 28, 28, 28, 28, 28], "a_turns_left": [39, 39, 38, 38, 37, 37, 36, 36, 35, 35, 34, 34, 33, 33, 32, 32, 31, 31, 30, 30, 29, 29, 28, 28, 27, 27, 26, 26, 25, 25, 24, 24, 23, 23, 22, 22, 21, 21, 20, 20, 19, 19, 18, 18, 17, 17, 16, 16, 15, 15, 14, 14, 13, 13, 12, 12, 11, 11, 10, 10, 9, 9, 8, 8, 7, 7, 6, 6, 5, 5, 4, 4, 3, 3, 2, 2, 1, 1, 0, 0], "b_turns_left": [40, 39, 39, 38, 38, 37, 37, 36, 36, 35, 35, 34, 34, 33, 33, 32, 32, 31, 31, 30, 30, 29, 29, 28, 28, 27, 27, 26, 26, 25, 25, 24, 24, 23, 23, 22, 22, 21, 21, 20, 20, 19, 19, 18, 18, 17, 17, 16, 16, 15, 15, 14, 14, 13, 13, 12, 12, 11, 11, 10, 10, 9, 9, 8, 8, 7, 7, 6, 6, 5, 5, 4, 4, 3, 3, 2, 2, 1, 1, 0], "a_time_left": [355.1594414579449, 355.1594414579449, 350.33538408298045, 350.33538408298045, 343.4950912488857, 343.4950912488857, 335.90352928987704, 335.90352928987704, 327.8807156229159, 327.8807156229159, 319.8348604568746, 319.8348604568746, 315.7305789978709, 315.7305789978709, 310.63378845585976, 310.63378845585976, 303.719332122826, 303.719332122826, 299.2150683728978, 299.2150683728978, 292.4542036228813, 292.4542036228813, 286.43274349789135, 286.43274349789135, 277.6356868308503, 277.6356868308503, 271.4903764978517, 271.4903764978517, 265.1878227897687, 265.1878227897687, 256.2763249988202, 256.2763249988202, 249.8416886648629, 249.8416886648629, 240.6519422478741, 240.6519422478741, 235.73918558086734, 235.73918558086734, 227.2140712478431, 227.2140712478431, 217.66428974783048, 217.66428974783048, 209.20634191378485, 209.20634191378485, 203.68003162182868, 203.68003162182868, 194.26586803782266, 194.26586803782266, 185.82653195387684, 185.82653195387684, 178.74442570388783, 178.74442570388783, 173.2810148698045, 173.2810148698045, 165.53266736969817, 165.53266736969817, 154.36901582870632, 154.36901582870632, 147.5346824117005, 147.5346824117005, 136.44852566160262, 136.44852566160262, 126.95203682850115, 126.95203682850115, 120.33364499441814, 120.33364499441814, 116.3475288284244, 116.3475288284244, 113.535975661478, 113.535975661478, 113.01449391141068, 113.01449391141068, 112.90669274434913, 112.90669274434913, 112.7665146603249, 112.7665146603249, 112.7381281183334, 112.7381281183334, 112.51729424332734, 112.51729424332734], "b_time_left": [360, 359.9579704160569, 359.9579704160569, 359.9541999580106, 359.9541999580106, 359.9506442080019, 359.9506442080019, 359.94759304099716, 359.94759304099716, 359.9466997490963, 359.9466997490963, 359.94546191510744, 359.94546191510744, 359.9441573731601, 359.9441573731601, 359.94191195617896, 359.94191195617896, 359.93980037316214, 359.93980037316214, 359.93848279025406, 359.93848279025406, 359.93708154023625, 359.93708154023625, 359.9342327072518, 359.9342327072518, 359.9312488322612, 359.9312488322612, 359.9275192072382, 359.9275192072382, 359.9238544983091, 359.9238544983091, 359.92127949825954, 359.92127949825954, 359.9199352482101, 359.9199352482101, 359.9177179142134, 359.9177179142134, 359.9148960391758, 359.9148960391758, 359.91296774707735, 359.91296774707735, 359.9114669971168, 359.9114669971168, 359.9104882470565, 359.9104882470565, 359.9089730810374, 359.9089730810374, 359.9078632059973, 359.9078632059973, 359.90545995603316, 359.90545995603316, 359.9045633309288, 359.9045633309288, 359.90388191491365, 359.90388191491365, 359.9029827899067, 359.9029827899067, 359.9014166239649, 359.9014166239649, 359.9001252069138, 359.9001252069138, 359.89905370702036, 359.89905370702036, 359.8982697490137, 359.8982697490137, 359.89793924905825, 359.89793924905825, 359.8973787489813, 359.8973787489813, 359.8970549160149, 359.8970549160149, 359.8965037490707, 359.8965037490707, 359.8959370830562, 359.8959370830562, 359.89506316708867, 359.89506316708867, 359.89461420918815, 359.89461420918815, 359.89454600121826], "rat_caught": [false, false, false, false, false, false, false, false, false, false, false, false, false, false, false, false, false, false, false, false, false, false, false, false, false, false, false, false, false, false, false, false, false, false, false, false, false, false, false, false, false, false, false, false, false, false, true, false, false, false, false, false, false, false, false, false, false, false, false, false, false, false, false, false, false, false, false, false, true, false, false, false, false, false, true, false, false, false, false, false], "left_behind": ["prime", "prime", "prime", "prime", "prime", "prime", "prime", "carpet", "prime", "plain", "plain", "prime", "plain", "prime", "prime", "plain", "prime", "prime", "carpet", "carpet", "plain", "plain", "prime", "plain", "prime", "prime", "prime", "prime", "prime", "prime", "prime", "plain", "carpet", "prime", "plain", "plain", "prime", "prime", "prime", "carpet", "plain", "plain", "prime", "plain", "prime", "carpet", "search", "plain", "prime", "prime", "prime", "prime", "carpet", "plain", "search", "plain", "plain", "plain", "search", "plain", "prime", "prime", "carpet", "carpet", "search", "plain", "search", "plain", "search", "plain", "plain", "plain", "plain", "plain", "search", "plain", "prime", "plain", "carpet", "plain"], "errlog_a": "gg, the rat never stood a chance", "errlog_b": "I am Albert", "start_time": 360, "start_moves": 80, "turn_count": 80, "result": 0, "reason": "POINTS", "trapdoors": [[4, 0], [4, 1], [4, 1], [4, 1], [4, 1], [5, 1], [5, 1], [5, 1], [5, 1], [6, 1], [6, 1], [6, 2], [5, 2], [5, 2], [5, 2], [5, 2], [5, 3], [5, 4], [5, 4], [5, 5], [5, 5], [5, 6], [5, 7], [4, 7], [4, 7], [4, 7], [4, 7], [4, 7], [4, 7], [4, 7], [3, 7], [3, 7], [3, 7], [3, 7], [2, 7], [1, 7], [1, 7], [1, 7], [1, 7], [1, 7], [1, 7], [1, 6], [1, 7], [1, 7], [1, 7], [1, 6], [1, 5], [6, 5], [6, 6], [6, 7], [6, 7], [6, 7], [6, 7], [7, 7], [7, 6], [7, 6], [7, 6], [7, 6], [7, 6], [7, 6], [7, 6], [7, 6], [7, 6], [7, 6], [7, 6], [7, 6], [7, 7], [6, 7], [6, 7], [3, 0], [3, 0], [3, 0], [3, 0], [4, 0], [4, 0], [0, 0], [0, 0], [0, 0], [1, 0], [1, 0], [2, 0]], "spawn_a": [2, 4], "spawn_b": [5, 4]}