{"pos": [[2, 4], [6, 5], [1, 4], [6, 4], [0, 4], [7, 4], [0, 3], [7, 3], [0, 2], [7, 4], [1, 2], [7, 5], [2, 2], [7, 4], [2, 3], [6, 4], [2, 4], [5, 4], [3, 4], [4, 4], [3, 5], [5, 4], [4, 5], [5, 5], [3, 5], [5, 4], [3, 4], [5, 3], [4, 4], [6, 3], [4, 3], [6, 2], [4, 2], [7, 2], [5, 2], [7, 3], [5, 1], [6, 3], [5, 0], [6, 2], [4, 0], [6, 3], [3, 0], [6, 4], [2, 0], [6, 3], [2, 1], [5, 3], [2, 0], [6, 3], [2, 1], [7, 3], [2, 0], [6, 3], [3, 0], [7, 3], [2, 0], [6, 3], [2, 1], [6, 2], [2, 0], [7, 2], [3, 0], [6, 2], [2, 0], [6, 3], [3, 0], [5, 3], [4, 0], [5, 2], [5, 0], [5, 1], [4, 0], [5, 0], [3, 0], [5, 1], [3, 1], [5, 2], [3, 0], [5, 3]], "a_points": [0, 0, 0, 0, 1, 1, 1, 1, 2, 2, 3, 3, 3, 3, 3, 3, 4, 4, 5, 5, 5, 5, 6, 6, 5, 5, 5, 5, 6, 6, 6, 6, 6, 6, 6, 6, 6, 6, 7, 7, 7, 7, 7, 7, 8, 8, 9, 9, 8, 8, 8, 8, 8, 8, 7, 7, 7, 7, 7, 7, 7, 7, 7, 7, 7, 7, 7, 7, 7, 7, 8, 8, 7, 7, 7, 7, 7, 7, 8, 8], "b_points": [0, 0, 0, 0, 0, 1, 1, 1, 1, 2, 2, 2, 2, 3, 3, 2, 2, 2, 2, 3, 3, 2, 2, 2, 2, 3, 3, 3, 3, 4, 4, 4, 4, 4, 4, 3, 3, 3, 3, 3, 3, 4, 4, 4, 4, 4, 4, 3, 3, 3, 3, 4, 4, 3, 3, 3, 3, 3, 3, 2, 2, 2, 2, 2, 2, 2, 2, 2, 2, 2, 2, 1, 1, 1, 1, 2, 2, 2, 2, 2], "a_turns_left": [39, 39, 38, 38, 37, 37, 36, 36, 35, 35, 34, 34, 33, 33, 32, 32, 31, 31, 30, 30, 29, 29, 28, 28, 27, 27, 26, 26, 25, 25, 24, 24, 23, 23, 22, 22, 21, 21, 20, 20, 19, 19, 18, 18, 17, 17, 16, 16, 15, 15, 14, 14, 13, 13, 12, 12, 11, 11, 10, 10, 9, 9, 8, 8, 7, 7, 6, 6, 5, 5, 4, 4, 3, 3, 2, 2, 1, 1, 0, 0], "b_turns_left": [40, 39, 39, 38, 38, 37, 37, 36, 36, 35, 35, 34, 34, 33, 33, 32, 32, 31, 31, 30, 30, 29, 29, 28, 28, 27, 27, 26, 26, 25, 25, 24, 24, 23, 23, 22, 22, 21, 21, 20, 20, 19, 19, 18, 18, 17, 17, 16, 16, 15, 15, 14, 14, 13, 13, 12, 12, 11, 11, 10, 10, 9, 9, 8, 8, 7, 7, 6, 6, 5, 5, 4, 4, 3, 3, 2, 2, 1, 1, 0], "a_time_left": [359.9997946670046, 359.9997946670046, 359.9997027500067, 359.9997027500067, 359.99963458406273, 359.99963458406273, 359.999578417046, 359.999578417046, 359.9994996249443, 359.9994996249443, 359.99942887504585, 359.99942887504585, 359.99936070805416, 359.99936070805416, 359.9993000420509, 359.9993000420509, 359.99923516705167, 359.99923516705167, 359.9991754590301, 359.9991754590301, 359.99912312603556, 359.99912312603556, 359.99907595897093, 359.99907595897093, 359.999029668048, 359.999029668048, 359.99898525106255, 359.99898525106255, 359.99893879308365, 359.99893879308365, 359.998889293056, 359.998889293056, 359.99884375103284, 359.99884375103284, 359.99876466812566, 359.99876466812566, 359.99870733416174, 359.99870733416174, 359.99865275109187, 359.99865275109187, 359.99860354315024, 359.99860354315024, 359.9985563351074, 359.9985563351074, 359.9985098351026, 359.9985098351026, 359.99846258515026, 359.99846258515026, 359.9984109601937, 359.9984109601937, 359.99834908521734, 359.99834908521734, 359.9982500852784, 359.9982500852784, 359.9981712512672, 359.9981712512672, 359.9981120013399, 359.9981120013399, 359.9980307093356, 359.9980307093356, 359.99796850129496, 359.99796850129496, 359.9979162092786, 359.9979162092786, 359.99786641832907, 359.99786641832907, 359.99781687627546, 359.99781687627546, 359.9977707512444, 359.9977707512444, 359.9977149592014, 359.9977149592014, 359.99766400130466, 359.99766400130466, 359.9976188762812, 359.9976188762812, 359.9975647511892, 359.9975647511892, 359.9975129591767, 359.9975129591767], "b_time_left": [360, 359.99993820802774, 359.99993820802774, 359.9999278750038, 359.9999278750038, 359.99991941603366, 359.99991941603366, 359.9999069570331, 359.9999069570331, 359.9998952070018, 359.9998952070018, 359.9998842480127, 359.9998842480127, 359.9998729979852, 359.9998729979852, 359.99986312293913, 359.99986312293913, 359.999856497976, 359.999856497976, 359.9998482479714, 359.9998482479714, 359.9998403729405, 359.9998403729405, 359.9998340809252, 359.9998340809252, 359.9998280808795, 359.9998280808795, 359.99982133088633, 359.99982133088633, 359.99981512187514, 359.99981512187514, 359.9998073298484, 359.9998073298484, 359.9997961628251, 359.9997961628251, 359.9997879548464, 359.9997879548464, 359.99978224688675, 359.99978224688675, 359.99977137194946, 359.99977137194946, 359.99976432998665, 359.99976432998665, 359.9997575379675, 359.9997575379675, 359.9997523300117, 359.9997523300117, 359.99974328896496, 359.99974328896496, 359.99973762291484, 359.99973762291484, 359.9997211229056, 359.9997211229056, 359.9997075399151, 359.9997075399151, 359.9996971648652, 359.9996971648652, 359.99966512294486, 359.99966512294486, 359.99965399794746, 359.99965399794746, 359.99964599800296, 359.99964599800296, 359.9996395809576, 359.9996395809576, 359.9996343309758, 359.9996343309758, 359.9996255809674, 359.9996255809674, 359.9996168729849, 359.9996168729849, 359.99960803904105, 359.99960803904105, 359.9996023310814, 359.9996023310814, 359.99959566409234, 359.99959566409234, 359.99958912213333, 359.99958912213333, 359.9995827061357], "rat_caught": [false, false, false, false, false, false, false, false, false, false, false, false, false, false, false, false, false, false, false, false, false, false, false, false, false, false, false, false, false, false, false, false, false, false, false, false, false, false, false, false, false, false, false, false, false, false, false, false, false, false, false, false, false, false, false, false, false, false, false, false, false, false, false, false, false, false, false, false, false, false, false, false, false, false, false, false, false, false, false, false], "left_behind": ["plain", "plain", "plain", "plain", "prime", "prime", "plain", "plain", "prime", "prime", "prime", "plain", "plain", "prime", "plain", "carpet", "prime", "plain", "prime", "prime", "plain", "carpet", "prime", "plain", "carpet", "prime", "plain", "plain", "prime", "prime", "plain", "plain", "plain", "plain", "plain", "carpet", "plain", "plain", "prime", "plain", "plain", "prime", "plain", "plain", "prime", "plain", "prime", "carpet", "carpet", "plain", "plain", "prime", "plain", "carpet", "carpet", "plain", "plain", "plain", "plain", "carpet", "plain", "plain", "plain", "plain", "plain", "plain", "plain", "plain", "plain", "plain", "prime", "carpet", "carpet", "plain", "plain", "prime", "plain", "plain", "prime", "plain"], "errlog_a": "gg, the rat never stood a chance", "errlog_b": "", "start_time": 360, "start_moves": 80, "turn_count": 80, "result": 0, "reason": "POINTS", "trapdoors": [[6, 0], [6, 0], [6, 0], [6, 0], [6, 0], [6, 0], [5, 0], [5, 0], [5, 1], [4, 1], [4, 1], [4, 1], [4, 1], [4, 1], [4, 1], [4, 2], [4, 2], [4, 2], [4, 3], [4, 4], [4, 4], [4, 4], [4, 4], [4, 4], [4, 5], [4, 5], [4, 5], [4, 6], [4, 6], [4, 6], [4, 7], [4, 7], [4, 7], [5, 7], [5, 7], [6, 7], [6, 7], [6, 7], [6, 6], [6, 6], [7, 6], [7, 6], [7, 6], [7, 5], [7, 5], [7, 4], [7, 3], [7, 3], [7, 3], [7, 3], [7, 3], [6, 3], [6, 3], [6, 3], [6, 3], [6, 3], [6, 3], [6, 3], [6, 3], [6, 3], [6, 2], [6, 2], [6, 2], [6, 2], [6, 2], [5, 2], [4, 2], [4, 2], [4, 2], [4, 2], [4, 2], [4, 2], [4, 3], [4, 3], [4, 4], [4, 5], [5, 5], [5, 5], [5, 5], [5, 5], [5, 5]], "spawn_a": [2, 5], "spawn_b": [5, 5]}