{"pos": [[2, 1], [4, 2], [2, 0], [4, 3], [3, 0], [5, 3], [4, 0], [5, 4], [5, 0], [5, 5], [5, 1], [6, 5], [5, 0], [5, 5], [5, 2], [4, 5], [6, 2], [4, 4], [6, 3], [4, 3], [6, 4], [5, 3], [5, 4], [6, 3], [6, 4], [5, 3], [7, 4], [6, 3], [7, 5], [5, 3], [7, 4], [5, 4], [6, 4], [5, 5], [6, 5], [5, 4], [5, 5], [7, 4], [6, 5], [7, 3], [7, 5], [6, 3], [6, 5], [7, 3], [6, 4], [7, 2], [5, 4], [6, 2], [5, 3], [5, 2], [5, 4], [4, 2], [5, 3], [3, 2], [4, 3], [4, 2], [3, 3], [4, 1], [2, 3], [4, 2], [2, 2], [5, 2], [3, 2], [6, 2], [3, 3], [6, 3], [4, 3], [6, 4], [4, 4], [6, 3], [3, 4], [6, 4], [2, 4], [5, 4], [3, 4], [6, 4], [2, 4], [5, 4], [4, 4], [5, 3]], "a_points": [1, 1, 1, 1, 2, 2, 2, 2, 3, 3, 3, 3, 4, 4, 6, 6, 6, 6, 6, 6, 7, 7, 7, 7, 8, 8, 8, 8, 8, 8, 8, 8, 9, 9, 10, 10, 10, 10, 10, 10, 10, 10, 11, 11, 11, 11, 11, 11, 11, 11, 11, 11, 11, 11, 11, 11, 12, 12, 13, 13, 12, 12, 11, 11, 10, 10, 9, 9, 9, 9, 10, 10, 10, 10, 10, 10, 11, 11, 13, 13], "b_points": [0, 1, 1, 2, 2, 2, 2, 3, 3, 3, 3, 3, 3, 3, 3, 3, 3, 4, 4, 4, 4, 3, 3, 2, 2, 2, 2, 2, 2, 2, 2, 1, 1, 1, 1, 1, 1, 3, 3, 3, 3, 4, 4, 3, 3, 3, 3, 4, 4, 5, 5, 4, 4, 4, 4, 5, 5, 5, 5, 5, 5, 5, 5, 4, 4, 4, 4, 4, 4, 4, 4, 4, 4, 4, 4, 4, 4, 4, 4, 4], "a_turns_left": [39, 39, 38, 38, 37, 37, 36, 36, 35, 35, 34, 34, 33, 33, 32, 32, 31, 31, 30, 30, 29, 29, 28, 28, 27, 27, 26, 26, 25, 25, 24, 24, 23, 23, 22, 22, 21, 21, 20, 20, 19, 19, 18, 18, 17, 17, 16, 16, 15, 15, 14, 14, 13, 13, 12, 12, 11, 11, 10, 10, 9, 9, 8, 8, 7, 7, 6, 6, 5, 5, 4, 4, 3, 3, 2, 2, 1, 1, 0, 0], "b_turns_left": [40, 39, 39, 38, 38, 37, 37, 36, 36, 35, 35, 34, 34, 33, 33, 32, 32, 31, 31, 30, 30, 29, 29, 28, 28, 27, 27, 26, 26, 25, 25, 24, 24, 23, 23, 22, 22, 21, 21, 20, 20, 19, 19, 18, 18, 17, 17, 16, 16, 15, 15, 14, 14, 13, 13, 12, 12, 11, 11, 10, 10, 9, 9, 8, 8, 7, 7, 6, 6, 5, 5, 4, 4, 3, 3, 2, 2, 1, 1, 0], "a_time_left": [359.9997520829784, 359.9997520829784, 359.99964008294046, 359.99964008294046, 359.99956274894066, 359.99956274894066, 359.9994870398659, 359.9994870398659, 359.9994042898761, 359.9994042898761, 359.999338956899, 359.999338956899, 359.9992669989588, 359.9992669989588, 359.9991920819739, 359.9991920819739, 359.99911870702635, 359.99911870702635, 359.99905383202713, 359.99905383202713, 359.99897737405263, 359.99897737405263, 359.9989142490085, 359.9989142490085, 359.9988523320062, 359.9988523320062, 359.9987916649552, 359.9987916649552, 359.9987281229114, 359.9987281229114, 359.9986666229088, 359.9986666229088, 359.9985967898974, 359.9985967898974, 359.9985367478803, 359.9985367478803, 359.9984534558607, 359.9984534558607, 359.9983842478832, 359.9983842478832, 359.99832416395657, 359.99832416395657, 359.9982642889954, 359.9982642889954, 359.998205497046, 359.998205497046, 359.9981366631109, 359.9981366631109, 359.9980717462022, 359.9980717462022, 359.99800945515744, 359.99800945515744, 359.99794366315473, 359.99794366315473, 359.99787962215487, 359.99787962215487, 359.9978204141371, 359.9978204141371, 359.99776228913106, 359.99776228913106, 359.9976707891328, 359.9976707891328, 359.99757578922436, 359.99757578922436, 359.99750808021054, 359.99750808021054, 359.99742824723944, 359.99742824723944, 359.99735062220134, 359.99735062220134, 359.9972797471564, 359.9972797471564, 359.9972194551956, 359.9972194551956, 359.9971449961886, 359.9971449961886, 359.9970822042087, 359.9970822042087, 359.99702424614225, 359.99702424614225], "b_time_left": [360, 359.9999756249599, 359.9999756249599, 359.99996416596696, 359.99996416596696, 359.99995087389834, 359.99995087389834, 359.9999419578817, 359.9999419578817, 359.99993312486913, 359.99993312486913, 359.99992616684176, 359.99992616684176, 359.99991937493905, 359.99991937493905, 359.9999126669718, 359.9999126669718, 359.9999057499226, 359.9999057499226, 359.9998986669816, 359.9998986669816, 359.999887874932, 359.999887874932, 359.99988087499514, 359.99988087499514, 359.99987366597634, 359.99987366597634, 359.9998667080654, 359.9998667080654, 359.9998604170978, 359.9998604170978, 359.99985304207075, 359.99985304207075, 359.999847625033, 359.999847625033, 359.999842041987, 359.999842041987, 359.9998344590422, 359.9998344590422, 359.9998282509623, 359.9998282509623, 359.9998210009653, 359.9998210009653, 359.999814335024, 359.999814335024, 359.9998068760615, 359.9998068760615, 359.99980021000374, 359.99980021000374, 359.99979271006305, 359.99979271006305, 359.9997861260781, 359.9997861260781, 359.9997786261374, 359.9997786261374, 359.9997718761442, 359.9997718761442, 359.9997650841251, 359.9997650841251, 359.99975675111637, 359.99975675111637, 359.99974775116425, 359.99974775116425, 359.9997410841752, 359.9997410841752, 359.9997319171671, 359.9997319171671, 359.99972241721116, 359.99972241721116, 359.9997143332148, 359.9997143332148, 359.99970766622573, 359.99970766622573, 359.9996999162249, 359.9996999162249, 359.9996916662203, 359.9996916662203, 359.9996855411446, 359.9996855411446, 359.9996802911628], "rat_caught": [false, false, false, false, false, false, false, false, false, false, false, false, false, false, false, false, false, false, false, false, false, false, false, false, false, false, false, false, false, false, false, false, false, false, false, false, false, false, false, false, false, false, false, false, false, false, false, false, false, false, false, false, false, false, false, false, false, false, false, false, false, false, false, false, false, false, false, false, false, false, false, false, false, false, false, false, false, false, false, false], "left_behind": ["prime", "prime", "plain", "prime", "prime", "plain", "plain", "prime", "prime", "plain", "plain", "plain", "prime", "plain", "carpet", "plain", "plain", "prime", "plain", "plain", "prime", "carpet", "plain", "carpet", "prime", "plain", "plain", "plain", "plain", "plain", "plain", "carpet", "prime", "plain", "prime", "plain", "plain", "carpet", "plain", "plain", "plain", "prime", "prime", "carpet", "plain", "plain", "plain", "prime", "plain", "prime", "plain", "carpet", "plain", "plain", "plain", "prime", "prime", "plain", "prime", "plain", "carpet", "plain", "carpet", "carpet", "carpet", "plain", "carpet", "plain", "plain", "plain", "prime", "plain", "plain", "plain", "plain", "plain", "prime", "plain", "carpet", "plain"], "errlog_a": "gg, the rat never stood a chance", "errlog_b": "", "start_time": 360, "start_moves": 80, "turn_count": 80, "result": 0, "reason": "POINTS", "trapdoors": [[6, 7], [6, 7], [6, 7], [6, 7], [7, 7], [7, 6], [7, 6], [7, 6], [7, 7], [7, 6], [7, 6], [7, 5], [7, 4], [7, 4], [6, 4], [6, 4], [6, 4], [6, 4], [6, 4], [5, 4], [4, 4], [4, 4], [4, 5], [4, 6], [4, 7], [4, 7], [4, 7], [4, 7], [4, 7], [5, 7], [6, 7], [6, 7], [6, 7], [7, 7], [7, 6], [7, 5], [7, 5], [6, 5], [6, 5], [6, 5], [6, 5], [6, 4], [5, 4], [4, 4], [4, 5], [4, 5], [4, 4], [4, 5], [4, 5], [4, 5], [4, 5], [4, 5], [4, 5], [4, 5], [4, 5], [4, 5], [4, 5], [4, 5], [4, 5], [4, 5], [4, 6], [4, 6], [4, 6], [4, 6], [4, 6], [4, 6], [4, 6], [4, 6], [4, 7], [5, 7], [6, 7], [6, 7], [7, 7], [7, 7], [7, 6], [7, 5], [7, 4], [7, 4], [6, 4], [6, 4], [5, 4]], "spawn_a": [2, 2], "spawn_b": [5, 2]}