{"pos": [[3, 6], [4, 4], [3, 5], [5, 4], [3, 6], [6, 4], [3, 7], [7, 4], [3, 5], [4, 4], [2, 5], [5, 4], [2, 4], [6, 4], [3, 4], [6, 3], [3, 3], [6, 2], [4, 3], [7, 2], [5, 3], [7, 3], [3, 3], [7, 4], [3, 2], [7, 2], [3, 3], [7, 3], [4, 3], [7, 2], [5, 3], [7, 3], [4, 3], [7, 2], [3, 3], [6, 2], [2, 3], [7, 2], [3, 3], [7, 3], [4, 3], [7, 4], [5, 3], [7, 5], [5, 2], [6, 5], [4, 2], [7, 5], [5, 2], [6, 5], [3, 2], [7, 5], [4, 2], [7, 4], [4, 3], [6, 4], [3, 3], [6, 5], [3, 4], [5, 5], [4, 4], [5, 6], [4, 3], [4, 6], [4, 2], [4, 7], [4, 1], [3, 7], [4, 0], [4, 7], [3, 0], [5, 7], [4, 0], [4, 7], [3, 0], [3, 7], [3, 1], [3, 6], [4, 1], [4, 6]], "a_points": [0, 0, 0, 0, 1, 1, 2, 2, 4, 4, 4, 4, 4, 4, 5, 5, 5, 5, 6, 6, 7, 7, 9, 9, 9, 9, 10, 10, 10, 10, 10, 10, 11, 11, 11, 11, 11, 11, 11, 11, 11, 11, 10, 10, 10, 10, 10, 10, 11, 11, 13, 13, 13, 13, 13, 13, 13, 13, 13, 13, 14, 14, 14, 14, 14, 14, 14, 14, 14, 14, 15, 15, 14, 14, 14, 14, 15, 15, 16, 16], "b_points": [0, 1, 1, 2, 2, 3, 3, 4, 4, 8, 8, 8, 8, 8, 8, 8, 8, 8, 8, 8, 8, 9, 9, 10, 10, 12, 12, 12, 12, 12, 12, 12, 12, 12, 12, 12, 12, 13, 13, 13, 13, 13, 13, 14, 14, 14, 14, 14, 14, 15, 15, 14, 14, 13, 13, 13, 13, 13, 13, 13, 13, 13, 13, 14, 14, 15, 15, 15, 15, 16, 16, 16, 16, 17, 17, 16, 16, 16, 16, 15], "a_turns_left": [39, 39, 38, 38, 37, 37, 36, 36, 35, 35, 34, 34, 33, 33, 32, 32, 31, 31, 30, 30, 29, 29, 28, 28, 27, 27, 26, 26, 25, 25, 24, 24, 23, 23, 22, 22, 21, 21, 20, 20, 19, 19, 18, 18, 17, 17, 16, 16, 15, 15, 14, 14, 13, 13, 12, 12, 11, 11, 10, 10, 9, 9, 8, 8, 7, 7, 6, 6, 5, 5, 4, 4, 3, 3, 2, 2, 1, 1, 0, 0], "b_turns_left": [40, 39, 39, 38, 38, 37, 37, 36, 36, 35, 35, 34, 34, 33, 33, 32, 32, 31, 31, 30, 30, 29, 29, 28, 28, 27, 27, 26, 26, 25, 25, 24, 24, 23, 23, 22, 22, 21, 21, 20, 20, 19, 19, 18, 18, 17, 17, 16, 16, 15, 15, 14, 14, 13, 13, 12, 12, 11, 11, 10, 10, 9, 9, 8, 8, 7, 7, 6, 6, 5, 5, 4, 4, 3, 3, 2, 2, 1, 1, 0], "a_time_left": [359.99988733406644, 359.99988733406644, 359.99981404212303, 359.99981404212303, 359.9997561671771, 359.9997561671771, 359.9997029171791, 359.9997029171791, 359.9996460842667, 359.9996460842667, 359.9995940432418, 359.9995940432418, 359.99953887728043, 359.99953887728043, 359.9994592112489, 359.9994592112489, 359.9993996692356, 359.9993996692356, 359.9993346692063, 359.9993346692063, 359.9992803352652, 359.9992803352652, 359.9992257102858, 359.9992257102858, 359.99917687731795, 359.99917687731795, 359.9991265023127, 359.9991265023127, 359.9990780863445, 359.9990780863445, 359.9990272113355, 359.9990272113355, 359.99897554540075, 359.99897554540075, 359.99892692046706, 359.99892692046706, 359.99887800449505, 359.99887800449505, 359.99881879542954, 359.99881879542954, 359.99876846245024, 359.99876846245024, 359.9987204205245, 359.9987204205245, 359.9986483375542, 359.9986483375542, 359.99859317054506, 359.99859317054506, 359.9985444615595, 359.9985444615595, 359.9984937115805, 359.9984937115805, 359.99844492052216, 359.99844492052216, 359.99839771247935, 359.99839771247935, 359.99834517145064, 359.99834517145064, 359.99829592136666, 359.99829592136666, 359.99824412935413, 359.99824412935413, 359.9981738793431, 359.9981738793431, 359.9981073793024, 359.9981073793024, 359.9980535453651, 359.9980535453651, 359.99800387839787, 359.99800387839787, 359.9979529613629, 359.9979529613629, 359.9979023783235, 359.9979023783235, 359.99785437830724, 359.99785437830724, 359.9978059612913, 359.9978059612913, 359.9977515452774, 359.9977515452774], "b_time_left": [360, 359.99997937493026, 359.99997937493026, 359.9999667078955, 359.9999667078955, 359.9999577909475, 359.9999577909475, 359.99994766595773, 359.99994766595773, 359.99993870791513, 359.99993870791513, 359.99993079085834, 359.99993079085834, 359.99992374982685, 359.99992374982685, 359.99991499981843, 359.99991499981843, 359.999903208809, 359.999903208809, 359.99989404180087, 359.99989404180087, 359.99988766678143, 359.99988766678143, 359.999879791867, 359.999879791867, 359.99987262592185, 359.99987262592185, 359.99986725091003, 359.99986725091003, 359.9998606679728, 359.9998606679728, 359.99985495896544, 359.99985495896544, 359.99984870897606, 359.99984870897606, 359.99984220892657, 359.99984220892657, 359.999834083952, 359.999834083952, 359.9998260010034, 359.9998260010034, 359.9998196680099, 359.9998196680099, 359.9998136680806, 359.9998136680806, 359.9998063350795, 359.9998063350795, 359.9997984600486, 359.9997984600486, 359.99979229294695, 359.99979229294695, 359.9997856679838, 359.9997856679838, 359.99977970996406, 359.99977970996406, 359.99977316800505, 359.99977316800505, 359.99976754304953, 359.99976754304953, 359.9997611680301, 359.9997611680301, 359.99975187703967, 359.99975187703967, 359.9997400860302, 359.9997400860302, 359.9997307950398, 359.9997307950398, 359.999722877983, 359.999722877983, 359.999716336024, 359.999716336024, 359.9997085019713, 359.9997085019713, 359.9997021269519, 359.9997021269519, 359.99969554296695, 359.99969554296695, 359.99969004292507, 359.99969004292507, 359.9996839178493], "rat_caught": [false, false, false, false, false, false, false, false, false, false, false, false, false, false, false, false, false, false, false, false, false, false, false, false, false, false, false, false, false, false, false, false, false, false, false, false, false, false, false, false, false, false, false, false, false, false, false, false, false, false, false, false, false, false, false, false, false, false, false, false, false, false, false, false, false, false, false, false, false, false, false, false, false, false, false, false, false, false, false, false], "left_behind": ["plain", "prime", "plain", "prime", "prime", "prime", "prime", "prime", "carpet", "carpet", "plain", "plain", "plain", "plain", "prime", "plain", "plain", "plain", "prime", "plain", "prime", "prime", "carpet", "prime", "plain", "carpet", "prime", "plain", "plain", "plain", "plain", "plain", "prime", "plain", "plain", "plain", "plain", "prime", "plain", "plain", "plain", "plain", "carpet", "prime", "plain", "plain", "plain", "plain", "prime", "prime", "carpet", "carpet", "plain", "carpet", "plain", "plain", "plain", "plain", "plain", "plain", "prime", "plain", "plain", "prime", "plain", "prime", "plain", "plain", "plain", "prime", "prime", "plain", "carpet", "prime", "plain", "carpet", "prime", "plain", "prime", "carpet"], "errlog_a": "gg, the rat never stood a chance", "errlog_b": "", "start_time": 360, "start_moves": 80, "turn_count": 80, "result": 0, "reason": "POINTS", "trapdoors": [[4, 2], [4, 2], [3, 2], [3, 2], [3, 2], [3, 2], [3, 2], [3, 2], [2, 2], [1, 2], [1, 2], [2, 2], [2, 2], [2, 3], [2, 3], [2, 4], [2, 4], [2, 4], [2, 4], [2, 5], [2, 5], [2, 5], [2, 5], [2, 5], [2, 5], [1, 5], [1, 5], [1, 5], [1, 4], [1, 3], [1, 3], [1, 2], [1, 2], [2, 2], [2, 2], [2, 2], [2, 3], [2, 3], [2, 3], [2, 3], [2, 4], [3, 4], [3, 4], [3, 4], [3, 4], [3, 4], [3, 5], [3, 5], [3, 5], [3, 5], [3, 6], [3, 6], [3, 6], [2, 6], [2, 6], [1, 6], [1, 6], [0, 6], [1, 6], [1, 6], [2, 6], [2, 6], [2, 6], [2, 6], [2, 5], [1, 5], [1, 5], [1, 4], [1, 3], [1, 2], [1, 2], [1, 3], [1, 3], [1, 3], [1, 3], [1, 3], [2, 3], [2, 3], [2, 3], [2, 4], [2, 4]], "spawn_a": [3, 5], "spawn_b": [4, 5]}