{"pos": [[1, 4], [4, 4], [0, 4], [3, 4], [0, 5], [5, 4], [0, 4], [6, 4], [1, 4], [6, 3], [0, 4], [5, 3], [0, 3], [6, 3], [1, 3], [7, 3], [1, 4], [6, 3], [1, 3], [6, 2], [1, 4], [5, 2], [1, 5], [5, 1], [1, 4], [5, 0], [1, 5], [4, 0], [2, 5], [4, 1], [1, 5], [4, 2], [0, 5], [6, 2], [1, 5], [5, 2], [1, 4], [5, 3], [1, 5], [5, 2], [2, 5], [4, 2], [3, 5], [4, 1], [4, 5], [4, 2], [5, 5], [4, 3], [5, 6], [3, 3], [5, 5], [2, 3], [4, 5], [3, 3], [4, 6], [4, 3], [4, 7], [5, 3], [4, 6], [4, 3], [5, 6], [4, 2], [4, 6], [5, 2], [5, 6], [6, 2], [4, 6], [7, 2], [5, 6], [7, 3], [5, 7], [6, 3], [4, 7], [7, 3], [4, 6], [7, 4], [5, 6], [7, 3], [4, 6], [6, 3]], "a_points": [1, 1, 2, 2, 2, 2, 2, 2, 1, 1, 1, 1, 2, 2, 3, 3, 4, 4, 3, 3, 3, 3, 3, 3, 4, 4, 3, 3, 3, 3, 4, 4, 4, 4, 5, 5, 5, 5, 5, 5, 4, 4, 4, 4, 4, 4, 4, 4, 5, 5, 4, 4, 4, 4, 4, 4, 5, 5, 4, 4, 4, 4, 4, 4, 4, 4, 4, 4, 4, 4, 5, 5, 6, 6, 6, 6, 5, 5, 5, 5], "b_points": [0, 1, 1, 2, 2, 4, 4, 4, 4, 5, 5, 5, 5, 6, 6, 6, 6, 7, 7, 7, 7, 8, 8, 9, 9, 10, 10, 11, 11, 12, 12, 12, 12, 14, 14, 14, 14, 13, 13, 13, 13, 13, 13, 14, 14, 13, 13, 13, 13, 13, 13, 13, 13, 13, 13, 14, 14, 14, 14, 14, 14, 15, 15, 15, 15, 15, 15, 15, 15, 14, 14, 14, 14, 15, 15, 15, 15, 15, 15, 14], "a_turns_left": [39, 39, 38, 38, 37, 37, 36, 36, 35, 35, 34, 34, 33, 33, 32, 32, 31, 31, 30, 30, 29, 29, 28, 28, 27, 27, 26, 26, 25, 25, 24, 24, 23, 23, 22, 22, 21, 21, 20, 20, 19, 19, 18, 18, 17, 17, 16, 16, 15, 15, 14, 14, 13, 13, 12, 12, 11, 11, 10, 10, 9, 9, 8, 8, 7, 7, 6, 6, 5, 5, 4, 4, 3, 3, 2, 2, 1, 1, 0, 0], "b_turns_left": [40, 39, 39, 38, 38, 37, 37, 36, 36, 35, 35, 34, 34, 33, 33, 32, 32, 31, 31, 30, 30, 29, 29, 28, 28, 27, 27, 26, 26, 25, 25, 24, 24, 23, 23, 22, 22, 21, 21, 20, 20, 19, 19, 18, 18, 17, 17, 16, 16, 15, 15, 14, 14, 13, 13, 12, 12, 11, 11, 10, 10, 9, 9, 8, 8, 7, 7, 6, 6, 5, 5, 4, 4, 3, 3, 2, 2, 1, 1, 0], "a_time_left": [359.99987983400933, 359.99987983400933, 359.9997934169369, 359.9997934169369, 359.9997318749083, 359.9997318749083, 359.9996740418719, 359.9996740418719, 359.999617666821, 359.999617666821, 359.9995677078841, 359.9995677078841, 359.999513666844, 359.999513666844, 359.9994519589236, 359.9994519589236, 359.9994002088206, 359.9994002088206, 359.9993390837917, 359.9993390837917, 359.99928304180503, 359.99928304180503, 359.9992264168104, 359.9992264168104, 359.99917287484277, 359.99917287484277, 359.9991062078625, 359.9991062078625, 359.99904466595035, 359.99904466595035, 359.9989932499593, 359.9989932499593, 359.99893795885146, 359.99893795885146, 359.99888833379373, 359.99888833379373, 359.99883912480436, 359.99883912480436, 359.9987903328147, 359.9987903328147, 359.9987441247795, 359.9987441247795, 359.99869183276314, 359.99869183276314, 359.9986341247568, 359.9986341247568, 359.99858129175846, 359.99858129175846, 359.99852445779834, 359.99852445779834, 359.99846224871, 359.99846224871, 359.99840799870435, 359.99840799870435, 359.99833620665595, 359.99833620665595, 359.9982756647514, 359.9982756647514, 359.99822803982534, 359.99822803982534, 359.99817758076824, 359.99817758076824, 359.99812737177126, 359.99812737177126, 359.99808141379617, 359.99808141379617, 359.9980344978394, 359.9980344978394, 359.9979849978117, 359.9979849978117, 359.99793303979095, 359.99793303979095, 359.9978852898348, 359.9978852898348, 359.99783866491634, 359.99783866491634, 359.997783164843, 359.997783164843, 359.99773299787194, 359.99773299787194], "b_time_left": [360, 359.99998008308467, 359.99998008308467, 359.9999634580454, 359.9999634580454, 359.99995245807804, 359.99995245807804, 359.999943249044, 359.999943249044, 359.9999357900815, 359.9999357900815, 359.9999273320427, 359.9999273320427, 359.99991974805016, 359.99991974805016, 359.99990970711224, 359.99990970711224, 359.99989916512277, 359.99989916512277, 359.9998885820387, 359.9998885820387, 359.9998811649857, 359.9998811649857, 359.99987374804914, 359.99987374804914, 359.99986337299924, 359.99986337299924, 359.99985233100597, 359.99985233100597, 359.9998415809823, 359.9998415809823, 359.99983287299983, 359.99983287299983, 359.9998252890073, 359.9998252890073, 359.99981899699196, 359.99981899699196, 359.999811872025, 359.999811872025, 359.9998063299572, 359.9998063299572, 359.99980057997163, 359.99980057997163, 359.99979166302364, 359.99979166302364, 359.9997835799586, 359.9997835799586, 359.99977503798436, 359.99977503798436, 359.9997668300057, 359.9997668300057, 359.9997569969855, 359.9997569969855, 359.9997485380154, 359.9997485380154, 359.99973970500287, 359.99973970500287, 359.99973170494195, 359.99973170494195, 359.9997253300389, 359.9997253300389, 359.9997184550157, 359.9997184550157, 359.9997124550864, 359.9997124550864, 359.999705913011, 359.999705913011, 359.99969999701716, 359.99969999701716, 359.9996906219749, 359.9996906219749, 359.9996840809472, 359.9996840809472, 359.9996771229198, 359.9996771229198, 359.99967133183964, 359.99967133183964, 359.99966216494795, 359.99966216494795, 359.99965591495857], "rat_caught": [false, false, false, false, false, false, false, false, false, false, false, false, false, false, false, false, false, false, false, false, false, false, false, false, false, false, false, false, false, false, false, false, false, false, false, false, false, false, false, false, false, false, false, false, false, false, false, false, false, false, false, false, false, false, false, false, false, false, false, false, false, false, false, false, false, false, false, false, false, false, false, false, false, false, false, false, false, false, false, false], "left_behind": ["prime", "prime", "prime", "prime", "plain", "carpet", "plain", "plain", "carpet", "prime", "plain", "plain", "prime", "prime", "prime", "plain", "prime", "prime", "carpet", "plain", "plain", "prime", "plain", "prime", "prime", "prime", "carpet", "prime", "plain", "prime", "prime", "plain", "plain", "carpet", "prime", "plain", "plain", "carpet", "plain", "plain", "carpet", "plain", "plain", "prime", "plain", "carpet", "plain", "plain", "prime", "plain", "carpet", "plain", "plain", "plain", "plain", "prime", "prime", "plain", "carpet", "plain", "plain", "prime", "plain", "plain", "plain", "plain", "plain", "plain", "plain", "carpet", "prime", "plain", "prime", "prime", "plain", "plain", "carpet", "plain", "plain", "carpet"], "errlog_a": "gg, the rat never stood a chance", "errlog_b": "", "start_time": 360, "start_moves": 80, "turn_count": 80, "result": 1, "reason": "POINTS", "trapdoors": [[1, 2], [2, 2], [2, 3], [2, 3], [2, 3], [2, 3], [2, 3], [2, 3], [2, 2], [2, 2], [2, 3], [2, 4], [2, 4], [2, 4], [2, 4], [3, 4], [3, 5], [3, 6], [3, 6], [3, 6], [3, 6], [3, 6], [3, 6], [3, 6], [3, 6], [4, 6], [4, 6], [4, 6], [4, 7], [4, 7], [5, 7], [5, 7], [5, 7], [5, 7], [6, 7], [6, 6], [7, 6], [7, 6], [7, 5], [7, 5], [7, 4], [7, 4], [7, 4], [7, 4], [7, 4], [7, 3], [7, 2], [7, 1], [6, 1], [5, 1], [5, 2], [5, 3], [5, 3], [5, 3], [5, 4], [5, 4], [5, 4], [5, 5], [6, 5], [6, 4], [7, 4], [7, 4], [7, 4], [7, 4], [7, 3], [7, 3], [7, 3], [7, 3], [7, 3], [7, 3], [7, 3], [7, 2], [7, 1], [7, 1], [7, 1], [6, 1], [6, 1], [6, 1], [6, 1], [6, 1], [6, 1]], "spawn_a": [2, 4], "spawn_b": [5, 4]}