{"pos": [[2, 5], [3, 5], [2, 4], [3, 4], [1, 4], [3, 5], [3, 4], [3, 6], [3, 5], [4, 6], [4, 5], [4, 7], [4, 6], [3, 7], [3, 6], [4, 7], [4, 6], [3, 7], [4, 7], [3, 6], [4, 5], [4, 6], [4, 4], [3, 6], [4, 3], [4, 6], [4, 2], [3, 6], [4, 1], [4, 6], [4, 0], [4, 7], [4, 4], [4, 6], [4, 5], [3, 6], [3, 5], [3, 7], [3, 6], [4, 7], [4, 6], [3, 7], [4, 5], [4, 7], [4, 6], [3, 7], [4, 5], [4, 7], [5, 5], [4, 6], [5, 4], [4, 5], [5, 3], [3, 5], [5, 2], [4, 5], [5, 5], [4, 6], [6, 5], [3, 6], [7, 5], [3, 5], [7, 4], [2, 5], [7, 3], [2, 4], [7, 2], [2, 5], [6, 2], [1, 5], [5, 2], [1, 4], [4, 2], [1, 5], [7, 2], [1, 4], [7, 5], [2, 4], [7, 4], [1, 4]], "a_points": [1, 1, 2, 2, 3, 3, 5, 5, 5, 5, 5, 5, 6, 6, 6, 6, 7, 7, 8, 8, 10, 10, 10, 10, 11, 11, 12, 12, 13, 13, 14, 14, 20, 20, 20, 20, 20, 20, 20, 20, 20, 20, 20, 20, 20, 20, 20, 20, 20, 20, 21, 21, 22, 22, 23, 23, 27, 27, 27, 27, 28, 28, 29, 29, 30, 30, 31, 31, 32, 32, 33, 33, 34, 34, 38, 38, 42, 42, 42, 42], "b_points": [0, -1, -1, -1, -1, 0, 0, 0, 0, 0, 0, 0, 0, 0, 0, 1, 1, 0, 0, -1, -1, -1, -1, -1, -1, -1, -1, -1, -1, -1, -1, -1, -1, 0, 0, 0, 0, 0, 0, -1, -1, -1, -1, -1, -1, -1, -1, -1, -1, -1, -1, -1, -1, -1, -1, -1, -1, -1, -1, -1, -1, -1, -1, -2, -2, -2, -2, -2, -2, -2, -2, -2, -2, -2, -2, -2, -2, -2, -2, -2], "a_turns_left": [39, 39, 38, 38, 37, 37, 36, 36, 35, 35, 34, 34, 33, 33, 32, 32, 31, 31, 30, 30, 29, 29, 28, 28, 27, 27, 26, 26, 25, 25, 24, 24, 23, 23, 22, 22, 21, 21, 20, 20, 19, 19, 18, 18, 17, 17, 16, 16, 15, 15, 14, 14, 13, 13, 12, 12, 11, 11, 10, 10, 9, 9, 8, 8, 7, 7, 6, 6, 5, 5, 4, 4, 3, 3, 2, 2, 1, 1, 0, 0], "b_turns_left": [40, 39, 39, 38, 38, 37, 37, 36, 36, 35, 35, 34, 34, 33, 33, 32, 32, 31, 31, 30, 30, 29, 29, 28, 28, 27, 27, 26, 26, 25, 25, 24, 24, 23, 23, 22, 22, 21, 21, 20, 20, 19, 19, 18, 18, 17, 17, 16, 16, 15, 15, 14, 14, 13, 13, 12, 12, 11, 11, 10, 10, 9, 9, 8, 8, 7, 7, 6, 6, 5, 5, 4, 4, 3, 3, 2, 2, 1, 1, 0], "a_time_left": [353.954063583049, 353.954063583049, 348.2225179170491, 348.2225179170491, 340.3300815420225, 340.3300815420225, 335.7833784590475, 335.7833784590475, 331.4976098340703, 331.4976098340703, 323.2965651670238, 323.2965651670238, 319.0840118339984, 319.0840118339984, 310.7232470420422, 310.7232470420422, 305.0219882080564, 305.0219882080564, 299.9958774171537, 299.9958774171537, 294.7625805841526, 294.7625805841526, 286.04718729213346, 286.04718729213346, 277.3347317920998, 277.3347317920998, 270.7537494590506, 270.7537494590506, 265.60175366699696, 265.60175366699696, 258.2440508339787, 258.2440508339787, 252.23122633388266, 252.23122633388266, 242.85236975096632, 242.85236975096632, 236.39568491699174, 236.39568491699174, 228.0043986249948, 228.0043986249948, 221.09069579199422, 221.09069579199422, 212.6024583330145, 212.6024583330145, 202.61926983308513, 202.61926983308513, 195.18530320806894, 195.18530320806894, 188.17903674999252, 188.17903674999252, 177.67747649992816, 177.67747649992816, 167.10903324990068, 167.10903324990068, 160.83196558291093, 160.83196558291093, 151.37051995797083, 151.37051995797083, 145.58839383302256, 145.58839383302256, 137.19234420801513, 137.19234420801513, 126.0536415829556, 126.0536415829556, 113.44503766694106, 113.44503766694106, 104.24212079192512, 104.24212079192512, 98.81997833389323, 98.81997833389323, 96.61986674985383, 96.61986674985383, 96.0872696248116, 96.0872696248116, 95.92113083379809, 95.92113083379809, 95.88469008379616, 95.88469008379616, 95.88070020882878, 95.88070020882878], "b_time_left": [360, 359.99994983302895, 359.99994983302895, 359.99986733309925, 359.99986733309925, 359.9998374580173, 359.9998374580173, 359.9998197910609, 359.9998197910609, 359.9998060410144, 359.9998060410144, 359.99974012502935, 359.99974012502935, 359.99972808302846, 359.99972808302846, 359.9997071659891, 359.9997071659891, 359.9996946660103, 359.9996946660103, 359.99968258303124, 359.99968258303124, 359.9996263750363, 359.9996263750363, 359.99957441701554, 359.99957441701554, 359.99956037604716, 359.99956037604716, 359.9995467510307, 359.9995467510307, 359.9994925010251, 359.9994925010251, 359.9994791680947, 359.9994791680947, 359.9991680011153, 359.9991680011153, 359.9991539590992, 359.9991539590992, 359.9991380420979, 359.9991380420979, 359.9990819580853, 359.9990819580853, 359.99902699911036, 359.99902699911036, 359.99897070718, 359.99897070718, 359.99891529011074, 359.99891529011074, 359.9988885401981, 359.9988885401981, 359.99886762315873, 359.99886762315873, 359.99881395720877, 359.99881395720877, 359.9987579152221, 359.9987579152221, 359.9987364981789, 359.9987364981789, 359.99868337309454, 359.99868337309454, 359.99866208212916, 359.99866208212916, 359.99860883213114, 359.99860883213114, 359.9985572490841, 359.9985572490841, 359.9985009570373, 359.9985009570373, 359.99843841511756, 359.99843841511756, 359.99837162403855, 359.99837162403855, 359.99835404008627, 359.99835404008627, 359.9982924150536, 359.9982924150536, 359.9982788730413, 359.9982788730413, 359.99826503999066, 359.99826503999066, 359.9982527490938], "rat_caught": [false, false, false, false, false, false, false, false, false, false, false, false, false, false, false, false, false, false, false, false, false, false, false, false, false, false, false, false, false, false, false, false, false, false, false, false, false, false, false, false, false, false, false, false, false, false, false, false, false, false, false, false, false, false, false, false, false, false, false, false, false, false, false, false, false, false, false, false, false, false, false, false, false, false, false, false, false, false, false, false], "left_behind": ["prime", "carpet", "prime", "plain", "prime", "prime", "carpet", "plain", "plain", "plain", "plain", "plain", "prime", "plain", "plain", "prime", "prime", "carpet", "prime", "carpet", "carpet", "plain", "plain", "plain", "prime", "plain", "prime", "plain", "prime", "plain", "prime", "plain", "carpet", "prime", "plain", "plain", "plain", "plain", "plain", "carpet", "plain", "plain", "plain", "plain", "plain", "plain", "plain", "plain", "plain", "plain", "prime", "plain", "prime", "plain", "prime", "plain", "carpet", "plain", "plain", "plain", "prime", "plain", "prime", "carpet", "prime", "plain", "prime", "plain", "prime", "plain", "prime", "plain", "prime", "plain", "carpet", "plain", "carpet", "plain", "plain", "plain"], "errlog_a": "gg, the rat never stood a chance", "errlog_b": "", "start_time": 360, "start_moves": 80, "turn_count": 80, "result": 0, "reason": "POINTS", "trapdoors": [[2, 4], [2, 4], [1, 4], [1, 4], [1, 4], [1, 4], [1, 3], [1, 2], [1, 1], [1, 2], [2, 2], [2, 3], [3, 3], [3, 4], [2, 4], [1, 4], [1, 4], [1, 4], [1, 4], [1, 3], [1, 4], [1, 4], [1, 4], [0, 4], [0, 5], [1, 5], [1, 4], [0, 4], [0, 4], [1, 4], [1, 4], [1, 4], [0, 4], [0, 5], [0, 6], [0, 6], [1, 6], [1, 5], [1, 5], [1, 5], [1, 5], [1, 5], [1, 6], [2, 6], [3, 6], [3, 6], [3, 5], [3, 5], [3, 5], [3, 5], [3, 5], [3, 5], [3, 5], [3, 5], [3, 5], [2, 5], [2, 5], [2, 5], [2, 5], [2, 4], [3, 4], [3, 4], [3, 4], [2, 4], [2, 3], [2, 3], [2, 3], [2, 3], [2, 3], [2, 3], [2, 3], [2, 3], [2, 3], [2, 4], [2, 3], [2, 3], [2, 3], [2, 3], [2, 3], [3, 3], [3, 3]], "spawn_a": [3, 5], "spawn_b": [4, 5]}