{"pos": [[2, 4], [4, 3], [2, 5], [5, 3], [3, 5], [5, 4], [2, 5], [5, 3], [1, 5], [6, 3], [1, 4], [7, 3], [1, 3], [7, 4], [0, 3], [7, 3], [0, 4], [6, 3], [0, 3], [6, 4], [1, 3], [5, 4], [0, 3], [5, 5], [0, 2], [4, 5], [1, 2], [3, 5], [2, 2], [3, 6], [2, 1], [2, 6], [2, 2], [2, 5], [1, 2], [2, 4], [2, 2], [1, 4], [0, 2], [1, 3], [1, 2], [0, 3], [0, 2], [0, 4], [1, 2], [0, 3], [1, 3], [0, 2], [1, 2], [0, 3], [1, 3], [0, 2], [2, 3], [1, 2], [3, 3], [0, 2], [3, 2], [1, 2], [2, 2], [1, 3], [1, 2], [2, 3], [1, 3], [3, 3], [2, 3], [3, 4], [1, 3], [3, 6], [0, 3], [2, 6], [1, 3], [3, 6], [1, 4], [4, 6], [1, 3], [5, 6], [2, 3], [5, 7], [2, 4], [5, 6]], "a_points": [0, 0, 1, 1, 1, 1, 1, 1, 1, 1, 1, 1, 2, 2, 3, 3, 3, 3, 3, 3, 2, 2, 2, 2, 2, 2, 3, 3, 3, 3, 4, 4, 3, 3, 3, 3, 4, 4, 6, 6, 6, 6, 6, 6, 6, 6, 6, 6, 6, 6, 6, 6, 6, 6, 7, 7, 7, 7, 8, 8, 8, 8, 8, 8, 8, 8, 8, 8, 8, 8, 8, 8, 8, 8, 8, 8, 8, 8, 8, 8], "b_points": [0, 1, 1, 2, 2, 2, 2, 2, 2, 3, 3, 3, 3, 3, 3, 3, 3, 4, 4, 5, 5, 5, 5, 5, 5, 6, 6, 7, 7, 8, 8, 9, 9, 10, 10, 9, 9, 8, 8, 8, 8, 8, 8, 9, 9, 8, 8, 8, 8, 8, 8, 8, 8, 8, 8, 8, 8, 8, 8, 8, 8, 7, 7, 7, 7, 8, 8, 10, 10, 9, 9, 9, 9, 9, 9, 10, 10, 10, 10, 11], "a_turns_left": [39, 39, 38, 38, 37, 37, 36, 36, 35, 35, 34, 34, 33, 33, 32, 32, 31, 31, 30, 30, 29, 29, 28, 28, 27, 27, 26, 26, 25, 25, 24, 24, 23, 23, 22, 22, 21, 21, 20, 20, 19, 19, 18, 18, 17, 17, 16, 16, 15, 15, 14, 14, 13, 13, 12, 12, 11, 11, 10, 10, 9, 9, 8, 8, 7, 7, 6, 6, 5, 5, 4, 4, 3, 3, 2, 2, 1, 1, 0, 0], "b_turns_left": [40, 39, 39, 38, 38, 37, 37, 36, 36, 35, 35, 34, 34, 33, 33, 32, 32, 31, 31, 30, 30, 29, 29, 28, 28, 27, 27, 26, 26, 25, 25, 24, 24, 23, 23, 22, 22, 21, 21, 20, 20, 19, 19, 18, 18, 17, 17, 16, 16, 15, 15, 14, 14, 13, 13, 12, 12, 11, 11, 10, 10, 9, 9, 8, 8, 7, 7, 6, 6, 5, 5, 4, 4, 3, 3, 2, 2, 1, 1, 0], "a_time_left": [359.9998965419363, 359.9998965419363, 359.99982016696595, 359.99982016696595, 359.9997618749039, 359.9997618749039, 359.9996984578902, 359.9996984578902, 359.9996418328956, 359.9996418328956, 359.9995874989545, 359.9995874989545, 359.9995353319682, 359.9995353319682, 359.99946724891197, 359.99946724891197, 359.9994145409437, 359.9994145409437, 359.9993654569844, 359.9993654569844, 359.99930129095446, 359.99930129095446, 359.999232456903, 359.999232456903, 359.9991330408957, 359.9991330408957, 359.9990574158728, 359.9990574158728, 359.9989947078284, 359.9989947078284, 359.99887774977833, 359.99887774977833, 359.99881587480195, 359.99881587480195, 359.9987517078407, 359.9987517078407, 359.99865649978165, 359.99865649978165, 359.998592791846, 359.998592791846, 359.9985324587906, 359.9985324587906, 359.9984757087659, 359.9984757087659, 359.99842308368534, 359.99842308368534, 359.99837208364625, 359.99837208364625, 359.99831620871555, 359.99831620871555, 359.998262624722, 359.998262624722, 359.9982099997578, 359.9982099997578, 359.9981599167222, 359.9981599167222, 359.9980935837375, 359.9980935837375, 359.99804295867216, 359.99804295867216, 359.99798750062473, 359.99798750062473, 359.9979383336613, 359.9979383336613, 359.997890208615, 359.997890208615, 359.99784100055695, 359.99784100055695, 359.9977925425628, 359.9977925425628, 359.9977450425504, 359.9977450425504, 359.99769125157036, 359.99769125157036, 359.9976422926411, 359.9976422926411, 359.9975919176359, 359.9975919176359, 359.9975421675481, 359.9975421675481], "b_time_left": [360, 359.99998149997555, 359.99998149997555, 359.99996912502684, 359.99996912502684, 359.9999582079472, 359.9999582079472, 359.99994916596916, 359.99994916596916, 359.99993991607334, 359.99993991607334, 359.9999321240466, 359.9999321240466, 359.99992254108656, 359.99992254108656, 359.9999134581303, 359.9999134581303, 359.99990579113364, 359.99990579113364, 359.99989804113284, 359.99989804113284, 359.99988699902315, 359.99988699902315, 359.9998776660068, 359.9998776660068, 359.9998632490169, 359.9998632490169, 359.999851081986, 359.999851081986, 359.99982874898706, 359.99982874898706, 359.99981478997506, 359.99981478997506, 359.9998044569511, 359.9998044569511, 359.9997887070058, 359.9997887070058, 359.9997800820274, 359.9997800820274, 359.99976862303447, 359.99976862303447, 359.9997611650033, 359.9997611650033, 359.9997518740129, 359.9997518740129, 359.9997429990908, 359.9997429990908, 359.9997359570116, 359.9997359570116, 359.9997287900187, 359.9997287900187, 359.9997217069613, 359.9997217069613, 359.99971483193804, 359.99971483193804, 359.99970808194485, 359.99970808194485, 359.99970133195166, 359.99970133195166, 359.99969499895815, 359.99969499895815, 359.9996876239311, 359.9996876239311, 359.9996819579974, 359.9996819579974, 359.99967387504876, 359.99967387504876, 359.99966554204, 359.99966554204, 359.9996593759861, 359.9996593759861, 359.999652708997, 359.999652708997, 359.9996463760035, 359.9996463760035, 359.9996376259951, 359.9996376259951, 359.9996306670364, 359.9996306670364, 359.99962425103877], "rat_caught": [false, false, false, false, false, false, false, false, false, false, false, false, false, false, false, false, false, false, false, false, false, false, false, false, false, false, false, false, false, false, false, false, false, false, false, false, false, false, false, false, false, false, false, false, false, false, false, false, false, false, false, false, false, false, false, false, false, false, false, false, false, false, false, false, false, false, false, false, false, false, false, false, false, false, false, false, false, false, false, false], "left_behind": ["plain", "prime", "prime", "prime", "plain", "plain", "plain", "plain", "plain", "prime", "plain", "plain", "prime", "plain", "prime", "plain", "plain", "prime", "plain", "prime", "carpet", "plain", "plain", "plain", "plain", "prime", "prime", "prime", "plain", "prime", "prime", "prime", "carpet", "prime", "plain", "carpet", "prime", "carpet", "carpet", "plain", "plain", "plain", "plain", "prime", "plain", "carpet", "plain", "plain", "plain", "plain", "plain", "plain", "plain", "plain", "prime", "plain", "plain", "plain", "prime", "plain", "plain", "carpet", "plain", "plain", "plain", "prime", "plain", "carpet", "plain", "carpet", "plain", "plain", "plain", "plain", "plain", "prime", "plain", "plain", "plain", "prime"], "errlog_a": "gg, the rat never stood a chance", "errlog_b": "", "start_time": 360, "start_moves": 80, "turn_count": 80, "result": 1, "reason": "POINTS", "trapdoors": [[3, 7], [3, 7], [2, 7], [2, 7], [2, 7], [1, 7], [0, 7], [0, 7], [1, 7], [1, 7], [1, 7], [2, 7], [1, 7], [0, 7], [0, 7], [0, 7], [0, 6], [0, 5], [0, 6], [0, 5], [0, 4], [0, 4], [1, 4], [2, 4], [3, 4], [3, 4], [3, 4], [3, 4], [3, 4], [3, 4], [3, 4], [3, 4], [3, 5], [3, 5], [3, 5], [3, 5], [3, 5], [3, 5], [3, 5], [3, 5], [3, 5], [3, 5], [3, 5], [3, 5], [3, 5], [3, 6], [3, 7], [4, 7], [4, 7], [3, 7], [3, 7], [3, 7], [3, 7], [3, 7], [3, 7], [2, 7], [1, 7], [1, 7], [1, 6], [0, 6], [0, 6], [0, 6], [0, 6], [0, 6], [0, 6], [0, 5], [0, 4], [0, 4], [0, 4], [0, 4], [0, 4], [1, 4], [1, 3], [1, 2], [0, 2], [0, 1], [0, 0], [0, 0], [0, 0], [0, 0], [0, 0]], "spawn_a": [3, 4], "spawn_b": [4, 4]}