{"pos": [[2, 5], [6, 4], [3, 5], [5, 4], [3, 4], [5, 3], [3, 3], [4, 3], [3, 2], [4, 4], [3, 5], [4, 5], [3, 6], [4, 6], [2, 6], [4, 7], [2, 7], [3, 7], [2, 4], [3, 6], [1, 4], [3, 7], [1, 3], [3, 6], [0, 3], [3, 7], [0, 2], [4, 7], [1, 2], [4, 6], [2, 2], [4, 7], [3, 2], [4, 4], [4, 2], [3, 4], [5, 2], [3, 5], [5, 1], [4, 5], [5, 2], [3, 5], [0, 2], [2, 5], [1, 2], [1, 5], [2, 2], [2, 5], [2, 3], [1, 5], [3, 3], [1, 3], [4, 3], [0, 3], [5, 3], [1, 3], [5, 4], [1, 2], [5, 5], [0, 2], [5, 6], [0, 3], [5, 7], [1, 3], [5, 3], [0, 3], [5, 2], [0, 2], [5, 3], [0, 3], [5, 2], [0, 2], [5, 3], [0, 3], [5, 2], [0, 4], [5, 3], [0, 5], [5, 1], [1, 5]], "a_points": [1, 1, 2, 2, 3, 3, 4, 4, 5, 5, 9, 9, 9, 9, 10, 10, 11, 11, 15, 15, 15, 15, 16, 16, 17, 17, 18, 18, 19, 19, 20, 20, 21, 21, 22, 22, 23, 23, 23, 23, 24, 24, 34, 34, 34, 34, 34, 34, 34, 34, 35, 35, 35, 35, 35, 35, 36, 36, 37, 37, 38, 38, 39, 39, 45, 45, 45, 45, 45, 45, 45, 45, 45, 45, 45, 45, 46, 46, 48, 48], "b_points": [0, 0, 0, 1, 1, 1, 1, 1, 1, 1, 1, 2, 2, 3, 3, 3, 3, 3, 3, 2, 2, 2, 2, 3, 3, 2, 2, 2, 2, 2, 2, 3, 3, 7, 7, 7, 7, 7, 7, 7, 7, 7, 7, 7, 7, 7, 7, 8, 8, 7, 7, 9, 9, 8, 8, 8, 8, 8, 8, 8, 8, 8, 8, 8, 8, 8, 8, 8, 8, 8, 8, 8, 8, 8, 8, 8, 8, 8, 8, 9], "a_turns_left": [39, 39, 38, 38, 37, 37, 36, 36, 35, 35, 34, 34, 33, 33, 32, 32, 31, 31, 30, 30, 29, 29, 28, 28, 27, 27, 26, 26, 25, 25, 24, 24, 23, 23, 22, 22, 21, 21, 20, 20, 19, 19, 18, 18, 17, 17, 16, 16, 15, 15, 14, 14, 13, 13, 12, 12, 11, 11, 10, 10, 9, 9, 8, 8, 7, 7, 6, 6, 5, 5, 4, 4, 3, 3, 2, 2, 1, 1, 0, 0], "b_turns_left": [40, 39, 39, 38, 38, 37, 37, 36, 36, 35, 35, 34, 34, 33, 33, 32, 32, 31, 31, 30, 30, 29, 29, 28, 28, 27, 27, 26, 26, 25, 25, 24, 24, 23, 23, 22, 22, 21, 21, 20, 20, 19, 19, 18, 18, 17, 17, 16, 16, 15, 15, 14, 14, 13, 13, 12, 12, 11, 11, 10, 10, 9, 9, 8, 8, 7, 7, 6, 6, 5, 5, 4, 4, 3, 3, 2, 2, 1, 1, 0], "a_time_left": [354.6110858330503, 354.6110858330503, 347.82146258302964, 347.82146258302964, 342.5287851250032, 342.5287851250032, 336.01118733303156, 336.01118733303156, 327.98564891703427, 327.98564891703427, 320.8235391250346, 320.8235391250346, 316.59026199998334, 316.59026199998334, 310.47521458391566, 310.47521458391566, 303.84345041797496, 303.84345041797496, 297.89572741801385, 297.89572741801385, 292.2941236679908, 292.2941236679908, 287.80845408397727, 287.80845408397727, 282.72905412502587, 282.72905412502587, 273.72011554194614, 273.72011554194614, 267.4409619589569, 267.4409619589569, 259.6245319999289, 259.6245319999289, 253.28047845803667, 253.28047845803667, 243.86021824902855, 243.86021824902855, 234.41126579092816, 234.41126579092816, 227.31291883299127, 227.31291883299127, 220.76757279108278, 220.76757279108278, 215.6532347081229, 215.6532347081229, 209.74592016707174, 209.74592016707174, 204.54377491713967, 204.54377491713967, 198.69712420913856, 198.69712420913856, 193.14727237517945, 193.14727237517945, 184.27000333322212, 184.27000333322212, 178.35481504222844, 178.35481504222844, 169.1869190002326, 169.1869190002326, 160.58058887522202, 160.58058887522202, 152.73760604124982, 152.73760604124982, 141.4881651243195, 141.4881651243195, 134.31444691529032, 134.31444691529032, 129.63934487325605, 129.63934487325605, 127.66075954027474, 127.66075954027474, 127.65759291523136, 127.65759291523136, 127.65352437319234, 127.65352437319234, 127.65042087319307, 127.65042087319307, 127.64315579016693, 127.64315579016693, 127.63749674824066, 127.63749674824066], "b_time_left": [360, 359.99995320802554, 359.99995320802554, 359.9998930420261, 359.9998930420261, 359.9998574591009, 359.9998574591009, 359.99984241707716, 359.99984241707716, 359.99981791712344, 359.99981791712344, 359.9998030420393, 359.9998030420393, 359.99977945908904, 359.99977945908904, 359.99976341810543, 359.99976341810543, 359.9997367931064, 359.9997367931064, 359.99972258508205, 359.99972258508205, 359.99965395999607, 359.99965395999607, 359.999639334972, 359.999639334972, 359.999583709985, 359.999583709985, 359.99957020999864, 359.99957020999864, 359.99945129291154, 359.99945129291154, 359.99942725198343, 359.99942725198343, 359.9993666689843, 359.9993666689843, 359.9993490439374, 359.9993490439374, 359.9993267939426, 359.9993267939426, 359.9993132109521, 359.9993132109521, 359.9992510440061, 359.9992510440061, 359.9992377109593, 359.9992377109593, 359.9992249199422, 359.9992249199422, 359.9990970030194, 359.9990970030194, 359.9990650450345, 359.9990650450345, 359.99905079510063, 359.99905079510063, 359.9990270030685, 359.9990270030685, 359.99901429505553, 359.99901429505553, 359.99900004500523, 359.99900004500523, 359.998970003915, 359.998970003915, 359.9989569209283, 359.9989569209283, 359.99889767100103, 359.99889767100103, 359.9988840459846, 359.9988840459846, 359.99882567103487, 359.99882567103487, 359.9988134211162, 359.9988134211162, 359.9988022131147, 359.9988022131147, 359.9987893801881, 359.9987893801881, 359.9987775051268, 359.9987775051268, 359.99875788006466, 359.99875788006466, 359.99874433805235], "rat_caught": [false, false, false, false, false, false, false, false, false, false, false, false, false, false, false, false, false, false, false, false, false, false, false, false, false, false, false, false, false, false, false, false, false, false, false, false, false, false, false, false, false, false, false, false, false, false, false, false, false, false, false, false, false, false, false, false, false, false, false, false, false, false, false, false, false, false, false, false, false, false, false, false, false, false, false, false, false, false, false, false], "left_behind": ["prime", "plain", "prime", "prime", "prime", "plain", "prime", "plain", "prime", "plain", "carpet", "prime", "plain", "prime", "prime", "plain", "prime", "plain", "carpet", "carpet", "plain", "plain", "prime", "prime", "prime", "carpet", "prime", "plain", "prime", "plain", "prime", "prime", "prime", "carpet", "prime", "plain", "prime", "plain", "plain", "plain", "prime", "plain", "carpet", "plain", "plain", "plain", "plain", "prime", "plain", "carpet", "prime", "carpet", "plain", "carpet", "plain", "plain", "prime", "plain", "prime", "plain", "prime", "plain", "prime", "plain", "carpet", "plain", "plain", "plain", "plain", "plain", "plain", "plain", "plain", "plain", "plain", "plain", "prime", "plain", "carpet", "prime"], "errlog_a": "gg, the rat never stood a chance", "errlog_b": "", "start_time": 360, "start_moves": 80, "turn_count": 80, "result": 0, "reason": "POINTS", "trapdoors": [[4, 2], [4, 2], [4, 2], [4, 2], [4, 2], [4, 2], [4, 2], [4, 2], [4, 2], [4, 2], [4, 2], [4, 2], [5, 2], [4, 2], [3, 2], [3, 2], [3, 2], [2, 2], [2, 3], [2, 2], [2, 3], [2, 3], [2, 4], [1, 4], [1, 4], [1, 4], [1, 5], [1, 6], [1, 6], [1, 6], [2, 6], [2, 6], [2, 7], [3, 7], [3, 7], [3, 7], [2, 7], [2, 7], [2, 6], [2, 6], [2, 6], [3, 6], [4, 6], [4, 6], [4, 5], [4, 5], [4, 4], [4, 4], [4, 3], [4, 2], [4, 2], [4, 2], [5, 2], [4, 2], [5, 2], [5, 2], [5, 1], [5, 0], [5, 0], [4, 0], [4, 1], [4, 2], [4, 2], [3, 2], [3, 2], [3, 2], [3, 2], [3, 3], [3, 2], [3, 2], [3, 3], [3, 4], [3, 4], [3, 4], [3, 4], [3, 4], [3, 4], [3, 4], [2, 4], [1, 4], [1, 4]], "spawn_a": [2, 4], "spawn_b": [5, 4]}