{"pos": [[3, 3], [5, 2], [4, 3], [5, 3], [4, 4], [6, 3], [4, 5], [6, 2], [3, 5], [7, 2], [2, 5], [6, 2], [2, 6], [5, 2], [2, 7], [5, 3], [2, 6], [5, 2], [3, 6], [6, 2], [3, 5], [5, 2], [3, 6], [4, 2], [4, 6], [4, 3], [5, 6], [4, 4], [5, 7], [5, 4], [5, 6], [5, 3], [5, 5], [5, 2], [5, 4], [4, 2], [6, 4], [5, 2], [7, 4], [5, 3], [7, 3], [6, 3], [7, 4], [6, 4], [7, 3], [6, 3], [7, 4], [5, 3], [7, 3], [5, 2], [6, 3], [4, 2], [6, 2], [4, 3], [5, 2], [3, 3], [4, 2], [4, 3], [3, 2], [3, 3], [2, 2], [3, 2], [2, 1], [4, 2], [2, 2], [4, 1], [3, 2], [4, 0], [4, 2], [3, 0], [4, 1], [3, 1], [5, 1], [2, 1], [4, 1], [2, 0], [5, 1], [3, 0], [5, 0], [2, 0]], "a_points": [1, 1, 1, 1, 1, 1, 1, 1, 2, 2, 2, 2, 2, 2, 2, 2, 3, 3, 4, 4, 5, 5, 4, 4, 4, 4, 5, 5, 5, 5, 5, 5, 5, 5, 6, 6, 6, 6, 6, 6, 6, 6, 6, 6, 7, 7, 6, 6, 6, 6, 6, 6, 6, 6, 6, 6, 6, 6, 6, 6, 7, 7, 8, 8, 7, 7, 7, 7, 7, 7, 7, 7, 7, 7, 7, 7, 7, 7, 7, 7], "b_points": [0, 0, 0, 0, 0, 0, 0, 1, 1, 1, 1, 2, 2, 2, 2, 2, 2, 3, 3, 4, 4, 3, 3, 3, 3, 4, 4, 5, 5, 5, 5, 4, 4, 4, 4, 3, 3, 3, 3, 3, 3, 2, 2, 2, 2, 3, 3, 3, 3, 3, 3, 3, 3, 2, 2, 2, 2, 3, 3, 2, 2, 1, 1, 1, 1, 1, 1, 1, 1, 1, 1, 1, 1, 2, 2, 2, 2, 2, 2, 3], "a_turns_left": [39, 39, 38, 38, 37, 37, 36, 36, 35, 35, 34, 34, 33, 33, 32, 32, 31, 31, 30, 30, 29, 29, 28, 28, 27, 27, 26, 26, 25, 25, 24, 24, 23, 23, 22, 22, 21, 21, 20, 20, 19, 19, 18, 18, 17, 17, 16, 16, 15, 15, 14, 14, 13, 13, 12, 12, 11, 11, 10, 10, 9, 9, 8, 8, 7, 7, 6, 6, 5, 5, 4, 4, 3, 3, 2, 2, 1, 1, 0, 0], "b_turns_left": [40, 39, 39, 38, 38, 37, 37, 36, 36, 35, 35, 34, 34, 33, 33, 32, 32, 31, 31, 30, 30, 29, 29, 28, 28, 27, 27, 26, 26, 25, 25, 24, 24, 23, 23, 22, 22, 21, 21, 20, 20, 19, 19, 18, 18, 17, 17, 16, 16, 15, 15, 14, 14, 13, 13, 12, 12, 11, 11, 10, 10, 9, 9, 8, 8, 7, 7, 6, 6, 5, 5, 4, 4, 3, 3, 2, 2, 1, 1, 0], "a_time_left": [359.9998795830179, 359.9998795830179, 359.99980037403293, 359.99980037403293, 359.9997449570801, 359.9997449570801, 359.9996895400109, 359.9996895400109, 359.9996150819352, 359.9996150819352, 359.99955420685, 359.99955420685, 359.99949562281836, 359.99949562281836, 359.9994306227891, 359.9994306227891, 359.999330539722, 359.999330539722, 359.9992514147889, 359.9992514147889, 359.9991800817661, 359.9991800817661, 359.999120331835, 359.999120331835, 359.99906816578005, 359.99906816578005, 359.9990063747391, 359.9990063747391, 359.9989514168119, 359.9989514168119, 359.998901332845, 359.998901332845, 359.99884633289184, 359.99884633289184, 359.9987795408815, 359.9987795408815, 359.9987208748935, 359.9987208748935, 359.99863949988503, 359.99863949988503, 359.99858420796227, 359.99858420796227, 359.99852775002364, 359.99852775002364, 359.9984781660605, 359.9984781660605, 359.99842670804355, 359.99842670804355, 359.9983559169341, 359.9983559169341, 359.9982721249107, 359.9982721249107, 359.9982139589265, 359.9982139589265, 359.99815741786733, 359.99815741786733, 359.9980987518793, 359.9980987518793, 359.99804858490825, 359.99804858490825, 359.9979933768045, 359.9979933768045, 359.9979251688346, 359.9979251688346, 359.9978600858012, 359.9978600858012, 359.99780487676617, 359.99780487676617, 359.9977580438135, 359.9977580438135, 359.99770712677855, 359.99770712677855, 359.99766137683764, 359.99766137683764, 359.99761425191537, 359.99761425191537, 359.99756029387936, 359.99756029387936, 359.9975101269083, 359.9975101269083], "b_time_left": [360, 359.99997570796404, 359.99997570796404, 359.9999625829514, 359.9999625829514, 359.99995266692713, 359.99995266692713, 359.99994395894464, 359.99994395894464, 359.9999308749102, 359.9999308749102, 359.9999227919616, 359.9999227919616, 359.99991175101604, 359.99991175101604, 359.99990241695195, 359.99990241695195, 359.99988887493964, 359.99988887493964, 359.9998775830027, 359.9998775830027, 359.99987029097974, 359.99987029097974, 359.9998616250232, 359.9998616250232, 359.9998536250787, 359.9998536250787, 359.99984404211864, 359.99984404211864, 359.99983508407604, 359.99983508407604, 359.99982808402274, 359.99982808402274, 359.9998197919922, 359.9998197919922, 359.99981095897965, 359.99981095897965, 359.99980325088836, 359.99980325088836, 359.99979162588716, 359.99979162588716, 359.9997827508487, 359.9997827508487, 359.9997750428738, 359.9997750428738, 359.99976508494, 359.99976508494, 359.9997558349278, 359.9997558349278, 359.99974654300604, 359.99974654300604, 359.99973979301285, 359.99973979301285, 359.9997317100642, 359.9997317100642, 359.9997254180489, 359.9997254180489, 359.99971829296555, 359.99971829296555, 359.9997099179309, 359.9997099179309, 359.9997008340433, 359.9997008340433, 359.99969345901627, 359.99969345901627, 359.99968466709834, 359.99968466709834, 359.99967645911966, 359.99967645911966, 359.9996677930467, 359.9996677930467, 359.9996601679595, 359.9996601679595, 359.9996522089932, 359.9996522089932, 359.9996447919402, 359.9996447919402, 359.99963875091635, 359.99963875091635, 359.99963225086685], "rat_caught": [false, false, false, false, false, false, false, false, false, false, false, false, false, false, false, false, false, false, false, false, false, false, false, false, false, false, false, false, false, false, false, false, false, false, false, false, false, false, false, false, false, false, false, false, false, false, false, false, false, false, false, false, false, false, false, false, false, false, false, false, false, false, false, false, false, false, false, false, false, false, false, false, false, false, false, false, false, false, false, false], "left_behind": ["prime", "plain", "plain", "plain", "plain", "plain", "plain", "prime", "prime", "plain", "plain", "prime", "plain", "plain", "plain", "plain", "prime", "prime", "prime", "prime", "prime", "carpet", "carpet", "plain", "plain", "prime", "prime", "prime", "plain", "plain", "plain", "carpet", "plain", "plain", "prime", "carpet", "plain", "plain", "plain", "plain", "plain", "carpet", "plain", "plain", "prime", "prime", "carpet", "plain", "plain", "plain", "plain", "plain", "plain", "carpet", "plain", "plain", "plain", "prime", "plain", "carpet", "prime", "carpet", "prime", "plain", "carpet", "plain", "plain", "plain", "plain", "plain", "plain", "plain", "plain", "prime", "plain", "plain", "plain", "plain", "plain", "prime"], "errlog_a": "gg, the rat never stood a chance", "errlog_b": "", "start_time": 360, "start_moves": 80, "turn_count": 80, "result": 0, "reason": "POINTS", "trapdoors": [[1, 4], [1, 4], [1, 5], [2, 5], [2, 5], [2, 6], [2, 6], [2, 6], [2, 6], [1, 6], [0, 6], [0, 6], [1, 6], [1, 6], [2, 6], [2, 7], [3, 7], [3, 7], [3, 7], [3, 7], [3, 7], [4, 7], [4, 7], [4, 7], [4, 6], [4, 6], [5, 6], [5, 5], [4, 5], [4, 5], [4, 5], [4, 5], [4, 5], [4, 5], [5, 5], [5, 6], [5, 6], [5, 5], [5, 5], [5, 5], [5, 5], [5, 5], [5, 5], [5, 5], [5, 5], [5, 5], [5, 4], [5, 4], [5, 4], [5, 4], [5, 5], [5, 4], [5, 3], [6, 3], [6, 2], [6, 2], [6, 2], [6, 2], [6, 2], [6, 2], [5, 2], [5, 2], [5, 2], [5, 2], [5, 2], [5, 2], [4, 2], [4, 2], [4, 2], [4, 2], [4, 3], [4, 4], [4, 3], [5, 3], [5, 3], [5, 3], [6, 3], [6, 3], [6, 2], [6, 2], [5, 2]], "spawn_a": [2, 3], "spawn_b": [5, 3]}