{"pos": [[2, 5], [3, 5], [2, 6], [4, 5], [2, 7], [4, 6], [3, 7], [4, 5], [4, 7], [4, 4], [2, 7], [3, 4], [2, 5], [2, 4], [2, 6], [2, 3], [2, 5], [2, 4], [2, 6], [2, 3], [2, 5], [1, 3], [2, 4], [1, 2], [3, 4], [0, 2], [3, 5], [0, 3], [4, 5], [1, 3], [3, 5], [1, 2], [4, 5], [0, 2], [4, 4], [1, 2], [4, 3], [0, 2], [4, 4], [0, 3], [5, 4], [0, 2], [4, 4], [1, 2], [4, 3], [1, 3], [5, 3], [2, 3], [6, 3], [2, 2], [5, 3], [2, 3], [5, 2], [2, 4], [5, 1], [2, 5], [5, 0], [2, 6], [4, 0], [2, 5], [4, 1], [3, 5], [4, 2], [3, 4], [3, 2], [4, 4], [3, 1], [3, 4], [3, 0], [2, 4], [4, 0], [2, 3], [3, 0], [3, 3], [3, 1], [2, 3], [4, 1], [2, 2], [4, 2], [3, 2]], "a_points": [0, 0, 1, 1, 2, 2, 3, 3, 4, 4, 6, 6, 8, 8, 8, 8, 8, 8, 8, 8, 8, 8, 8, 8, 7, 7, 6, 6, 6, 6, 6, 6, 6, 6, 6, 6, 6, 6, 6, 6, 6, 6, 7, 7, 8, 8, 8, 8, 9, 9, 8, 8, 8, 8, 8, 8, 9, 9, 9, 9, 9, 9, 10, 10, 11, 11, 11, 11, 12, 12, 13, 13, 12, 12, 11, 11, 10, 10, 9, 9], "b_points": [0, 0, 0, 1, 1, 2, 2, 1, 1, 1, 1, 1, 1, 2, 2, 2, 2, 2, 2, 2, 2, 2, 2, 2, 2, 2, 2, 3, 3, 3, 3, 4, 4, 3, 3, 3, 3, 4, 4, 4, 4, 4, 4, 3, 3, 2, 2, 2, 2, 3, 3, 2, 2, 2, 2, 2, 2, 2, 2, 2, 2, 2, 2, 2, 2, 1, 1, 1, 1, 1, 1, 2, 2, 2, 2, 3, 3, 3, 3, 4], "a_turns_left": [39, 39, 38, 38, 37, 37, 36, 36, 35, 35, 34, 34, 33, 33, 32, 32, 31, 31, 30, 30, 29, 29, 28, 28, 27, 27, 26, 26, 25, 25, 24, 24, 23, 23, 22, 22, 21, 21, 20, 20, 19, 19, 18, 18, 17, 17, 16, 16, 15, 15, 14, 14, 13, 13, 12, 12, 11, 11, 10, 10, 9, 9, 8, 8, 7, 7, 6, 6, 5, 5, 4, 4, 3, 3, 2, 2, 1, 1, 0, 0], "b_turns_left": [40, 39, 39, 38, 38, 37, 37, 36, 36, 35, 35, 34, 34, 33, 33, 32, 32, 31, 31, 30, 30, 29, 29, 28, 28, 27, 27, 26, 26, 25, 25, 24, 24, 23, 23, 22, 22, 21, 21, 20, 20, 19, 19, 18, 18, 17, 17, 16, 16, 15, 15, 14, 14, 13, 13, 12, 12, 11, 11, 10, 10, 9, 9, 8, 8, 7, 7, 6, 6, 5, 5, 4, 4, 3, 3, 2, 2, 1, 1, 0], "a_time_left": [359.9998754999833, 359.9998754999833, 359.99980200000573, 359.99980200000573, 359.9997133750003, 359.9997133750003, 359.9995624170406, 359.9995624170406, 359.99946708302014, 359.99946708302014, 359.9993879579706, 359.9993879579706, 359.9993081658613, 359.9993081658613, 359.99921487492975, 359.99921487492975, 359.9991245829733, 359.9991245829733, 359.9990537079284, 359.9990537079284, 359.99898991698865, 359.99898991698865, 359.998887832975, 359.998887832975, 359.99880570801906, 359.99880570801906, 359.9987226660596, 359.9987226660596, 359.9986362911295, 359.9986362911295, 359.9985567081021, 359.9985567081021, 359.99848404119257, 359.99848404119257, 359.99839862424415, 359.99839862424415, 359.99829437420703, 359.99829437420703, 359.99818674928974, 359.99818674928974, 359.9980799163459, 359.9980799163459, 359.9979926663218, 359.9979926663218, 359.9978944163304, 359.9978944163304, 359.99778387427796, 359.99778387427796, 359.99770166620146, 359.99770166620146, 359.9976131252479, 359.9976131252479, 359.9975199161563, 359.9975199161563, 359.99743587418925, 359.99743587418925, 359.9973542911466, 359.9973542911466, 359.9972962081665, 359.9972962081665, 359.99722229118925, 359.99722229118925, 359.9971466661664, 359.9971466661664, 359.9970724572195, 359.9970724572195, 359.9970148742432, 359.9970148742432, 359.9969497072743, 359.9969497072743, 359.9968744572252, 359.9968744572252, 359.9968054982601, 359.9968054982601, 359.9967338312417, 359.9967338312417, 359.99666016432457, 359.99666016432457, 359.9965959143592, 359.9965959143592], "b_time_left": [360, 359.99997279106174, 359.99997279106174, 359.9999567080522, 359.9999567080522, 359.99994379107375, 359.99994379107375, 359.99992374901194, 359.99992374901194, 359.9999083330622, 359.9999083330622, 359.9998976250645, 359.9998976250645, 359.9998830840923, 359.9998830840923, 359.9998670840869, 359.9998670840869, 359.9998540011002, 359.9998540011002, 359.9998439170886, 359.9998439170886, 359.9998287500348, 359.9998287500348, 359.99981095897965, 359.99981095897965, 359.9997989999829, 359.9997989999829, 359.9997843330493, 359.9997843330493, 359.99976991605945, 359.99976991605945, 359.99975641607307, 359.99975641607307, 359.9997217070777, 359.9997217070777, 359.99971099814866, 359.99971099814866, 359.99969645717647, 359.99969645717647, 359.99967074918095, 359.99967074918095, 359.99965549912304, 359.99965549912304, 359.999637540197, 359.999637540197, 359.99962195719127, 359.99962195719127, 359.9996087902691, 359.9996087902691, 359.99959562323056, 359.99959562323056, 359.99958229030017, 359.99958229030017, 359.9995673733065, 359.9995673733065, 359.99955266539473, 359.99955266539473, 359.99954333144706, 359.99954333144706, 359.9995328724617, 359.9995328724617, 359.99952328950167, 359.99952328950167, 359.99951670644805, 359.99951670644805, 359.99950628948864, 359.99950628948864, 359.9994981645141, 359.9994981645141, 359.9994914145209, 359.9994914145209, 359.9994791235076, 359.9994791235076, 359.99946758151054, 359.99946758151054, 359.99945020652376, 359.99945020652376, 359.99943849851843, 359.99943849851843, 359.9994299985701], "rat_caught": [false, false, false, false, false, false, false, false, false, false, false, false, false, false, false, false, false, false, false, false, false, false, false, false, false, false, false, false, false, false, false, false, false, false, false, false, false, false, false, false, false, false, false, false, false, false, false, false, false, false, false, false, false, false, false, false, false, false, false, false, false, false, false, false, false, false, false, false, false, false, false, false, false, false, false, false, false, false, false, false], "left_behind": ["plain", "plain", "prime", "prime", "prime", "prime", "prime", "carpet", "prime", "plain", "carpet", "plain", "carpet", "prime", "plain", "plain", "plain", "plain", "plain", "plain", "plain", "plain", "plain", "plain", "carpet", "plain", "carpet", "prime", "plain", "plain", "plain", "prime", "plain", "carpet", "plain", "plain", "plain", "prime", "plain", "plain", "plain", "plain", "prime", "carpet", "prime", "carpet", "plain", "plain", "prime", "prime", "carpet", "carpet", "plain", "plain", "plain", "plain", "prime", "plain", "plain", "plain", "plain", "plain", "prime", "plain", "prime", "carpet", "plain", "plain", "prime", "plain", "prime", "prime", "carpet", "plain", "carpet", "prime", "carpet", "plain", "carpet", "prime"], "errlog_a": "gg, the rat never stood a chance", "errlog_b": "", "start_time": 360, "start_moves": 80, "turn_count": 80, "result": 0, "reason": "POINTS", "trapdoors": [[2, 3], [2, 4], [2, 4], [2, 4], [2, 4], [2, 4], [1, 4], [1, 4], [1, 5], [1, 5], [1, 5], [1, 6], [1, 6], [0, 6], [0, 6], [0, 7], [1, 7], [1, 7], [1, 7], [1, 7], [2, 7], [2, 6], [2, 7], [2, 7], [3, 7], [3, 7], [3, 7], [4, 7], [4, 6], [4, 6], [4, 7], [4, 7], [4, 7], [5, 7], [6, 7], [6, 7], [6, 7], [7, 7], [7, 7], [7, 6], [7, 6], [7, 5], [7, 5], [7, 5], [7, 4], [7, 5], [7, 5], [7, 4], [6, 4], [6, 4], [6, 4], [6, 4], [6, 4], [6, 4], [6, 4], [6, 4], [6, 4], [5, 4], [5, 4], [4, 4], [3, 4], [3, 4], [3, 3], [2, 3], [3, 3], [3, 4], [2, 4], [2, 4], [2, 5], [2, 5], [2, 5], [2, 5], [2, 5], [1, 5], [1, 5], [2, 5], [3, 5], [4, 5], [4, 5], [4, 5], [4, 5]], "spawn_a": [3, 5], "spawn_b": [4, 5]}