{"pos": [[2, 3], [4, 2], [3, 3], [4, 1], [4, 3], [4, 0], [4, 1], [3, 0], [3, 1], [4, 0], [4, 1], [5, 0], [5, 1], [4, 0], [5, 2], [4, 1], [4, 2], [3, 1], [4, 3], [3, 2], [5, 3], [3, 1], [6, 3], [3, 0], [7, 3], [2, 0], [2, 3], [3, 0], [1, 3], [2, 0], [1, 4], [2, 1], [2, 4], [3, 1], [3, 4], [3, 0], [4, 4], [2, 0], [5, 4], [2, 1], [6, 4], [2, 0], [7, 4], [3, 0], [1, 4], [2, 0], [2, 4], [2, 1], [2, 5], [2, 0], [3, 5], [2, 1], [4, 5], [2, 0], [5, 5], [3, 0], [6, 5], [2, 0], [7, 5], [3, 0], [7, 4], [2, 0], [7, 3], [2, 1], [7, 5], [2, 0], [2, 5], [3, 0], [2, 6], [2, 0], [2, 7], [2, 1], [3, 7], [2, 2], [3, 6], [1, 2], [3, 5], [0, 2], [3, 7], [1, 2]], "a_points": [1, 1, 2, 2, 3, 3, 5, 5, 5, 5, 6, 6, 6, 6, 7, 7, 8, 8, 8, 8, 9, 9, 10, 10, 11, 11, 21, 21, 21, 21, 22, 22, 23, 23, 24, 24, 25, 25, 26, 26, 27, 27, 28, 28, 43, 43, 43, 43, 43, 43, 44, 44, 45, 45, 46, 46, 47, 47, 48, 48, 49, 49, 50, 50, 52, 52, 62, 62, 62, 62, 63, 63, 64, 64, 65, 65, 66, 66, 68, 68], "b_points": [0, 0, 0, 1, 1, 2, 2, 2, 2, 3, 3, 3, 3, 3, 3, 3, 3, 2, 2, 2, 2, 2, 2, 1, 1, 1, 1, 1, 1, 1, 1, 2, 2, 3, 3, 3, 3, 2, 2, 1, 1, 1, 1, 1, 1, 1, 1, 1, 1, 1, 1, 1, 1, 1, 1, 1, 1, 1, 1, 1, 1, 1, 1, 1, 1, 1, 1, 1, 1, 1, 1, 1, 1, 0, 0, 0, 0, 1, 1, 0], "a_turns_left": [39, 39, 38, 38, 37, 37, 36, 36, 35, 35, 34, 34, 33, 33, 32, 32, 31, 31, 30, 30, 29, 29, 28, 28, 27, 27, 26, 26, 25, 25, 24, 24, 23, 23, 22, 22, 21, 21, 20, 20, 19, 19, 18, 18, 17, 17, 16, 16, 15, 15, 14, 14, 13, 13, 12, 12, 11, 11, 10, 10, 9, 9, 8, 8, 7, 7, 6, 6, 5, 5, 4, 4, 3, 3, 2, 2, 1, 1, 0, 0], "b_turns_left": [40, 39, 39, 38, 38, 37, 37, 36, 36, 35, 35, 34, 34, 33, 33, 32, 32, 31, 31, 30, 30, 29, 29, 28, 28, 27, 27, 26, 26, 25, 25, 24, 24, 23, 23, 22, 22, 21, 21, 20, 20, 19, 19, 18, 18, 17, 17, 16, 16, 15, 15, 14, 14, 13, 13, 12, 12, 11, 11, 10, 10, 9, 9, 8, 8, 7, 7, 6, 6, 5, 5, 4, 4, 3, 3, 2, 2, 1, 1, 0], "a_time_left": [352.2370670000091, 352.2370670000091, 346.55854262504727, 346.55854262504727, 340.0977987081278, 340.0977987081278, 336.12484504212625, 336.12484504212625, 329.4204089581035, 329.4204089581035, 322.92591116705444, 322.92591116705444, 318.0069807921536, 318.0069807921536, 313.522391209146, 313.522391209146, 305.9073572511552, 305.9073572511552, 301.15462708415, 301.15462708415, 294.2929127512034, 294.2929127512034, 288.58867083420046, 288.58867083420046, 284.0907302512787, 284.0907302512787, 277.9244352092501, 277.9244352092501, 272.80805775127374, 272.80805775127374, 263.40608091733884, 263.40608091733884, 255.62617116735782, 255.62617116735782, 246.09985241736285, 246.09985241736285, 237.68247187533416, 237.68247187533416, 232.89086395932827, 232.89086395932827, 226.62212233431637, 226.62212233431637, 219.72597050026525, 219.72597050026525, 212.36615687527228, 212.36615687527228, 204.0644007922383, 204.0644007922383, 195.98067270917818, 195.98067270917818, 185.5888967931969, 185.5888967931969, 175.27007583517116, 175.27007583517116, 167.93620562716387, 167.93620562716387, 161.14536112721544, 161.14536112721544, 152.15640812728088, 152.15640812728088, 140.8752496682573, 140.8752496682573, 130.3585685013095, 130.3585685013095, 123.1769479183713, 123.1769479183713, 117.20068921032362, 117.20068921032362, 117.00528558541555, 117.00528558541555, 115.71023837651592, 115.71023837651592, 115.58439829351846, 115.58439829351846, 115.4235594185302, 115.4235594185302, 115.41558271052781, 115.41558271052781, 115.41162883548532, 115.41162883548532], "b_time_left": [360, 359.99989950004965, 359.99989950004965, 359.9998815410072, 359.9998815410072, 359.9997959160246, 359.9997959160246, 359.99973633303307, 359.99973633303307, 359.9996730829589, 359.9996730829589, 359.99965024890844, 359.99965024890844, 359.9996284159133, 359.9996284159133, 359.9993973739911, 359.9993973739911, 359.99932741501834, 359.99932741501834, 359.9993137490237, 359.9993137490237, 359.9992548740702, 359.9992548740702, 359.9992333740229, 359.9992333740229, 359.99921537411865, 359.99921537411865, 359.9991940400796, 359.9991940400796, 359.99914074805565, 359.99914074805565, 359.99911537300795, 359.99911537300795, 359.9991014149273, 359.9991014149273, 359.99900608183816, 359.99900608183816, 359.9986891228473, 359.9986891228473, 359.9986677058041, 359.9986677058041, 359.9986524967244, 359.9986524967244, 359.99857378867455, 359.99857378867455, 359.99851624656003, 359.99851624656003, 359.9984965386102, 359.9984965386102, 359.99848233058583, 359.99848233058583, 359.9983971635811, 359.9983971635811, 359.9983722885372, 359.9983722885372, 359.99835928855464, 359.99835928855464, 359.9983026216505, 359.9983026216505, 359.9982804127503, 359.9982804127503, 359.99826770368963, 359.99826770368963, 359.99821741168853, 359.99821741168853, 359.9981602866901, 359.9981602866901, 359.9981481616851, 359.9981481616851, 359.99813549465034, 359.99813549465034, 359.99812345264945, 359.99812345264945, 359.99810961959884, 359.99810961959884, 359.9980976616498, 359.9980976616498, 359.9980854956666, 359.9980854956666, 359.99807424563915], "rat_caught": [false, false, false, false, false, false, false, false, false, false, false, false, false, false, false, false, false, false, false, false, false, false, false, false, false, false, false, false, false, false, false, false, false, false, false, false, false, false, false, false, false, false, false, false, false, false, false, false, false, false, false, false, false, false, false, false, false, false, false, false, false, false, false, false, false, false, false, false, false, false, false, false, false, false, false, false, false, false, false, false], "left_behind": ["prime", "plain", "prime", "prime", "prime", "prime", "carpet", "plain", "plain", "prime", "prime", "plain", "plain", "plain", "prime", "plain", "prime", "carpet", "plain", "plain", "prime", "plain", "prime", "carpet", "prime", "plain", "carpet", "plain", "plain", "plain", "prime", "prime", "prime", "prime", "prime", "plain", "prime", "carpet", "prime", "carpet", "prime", "plain", "prime", "plain", "carpet", "plain", "plain", "plain", "plain", "plain", "prime", "plain", "prime", "plain", "prime", "plain", "prime", "plain", "prime", "plain", "prime", "plain", "prime", "plain", "carpet", "plain", "carpet", "plain", "plain", "plain", "prime", "plain", "prime", "carpet", "prime", "plain", "prime", "prime", "carpet", "carpet"], "errlog_a": "gg, the rat never stood a chance", "errlog_b": "", "start_time": 360, "start_moves": 80, "turn_count": 80, "result": 0, "reason": "POINTS", "trapdoors": [[1, 3], [1, 3], [1, 2], [1, 1], [0, 1], [0, 1], [0, 1], [0, 1], [0, 1], [0, 1], [0, 1], [0, 1], [0, 0], [0, 0], [0, 0], [1, 0], [1, 0], [1, 0], [2, 0], [3, 0], [3, 0], [4, 0], [4, 0], [4, 0], [4, 1], [4, 2], [5, 2], [5, 2], [6, 2], [6, 2], [7, 2], [7, 3], [7, 3], [7, 3], [7, 3], [7, 3], [7, 3], [7, 3], [7, 3], [7, 3], [7, 4], [6, 4], [6, 4], [6, 4], [6, 5], [6, 5], [6, 5], [6, 6], [6, 5], [6, 5], [6, 6], [6, 6], [6, 6], [6, 6], [6, 5], [6, 5], [6, 5], [6, 5], [6, 5], [6, 5], [6, 5], [6, 6], [6, 7], [6, 7], [6, 7], [6, 7], [6, 7], [6, 7], [5, 7], [5, 7], [4, 7], [5, 7], [5, 7], [4, 7], [4, 7], [4, 7], [4, 7], [3, 7], [3, 7], [3, 7], [3, 7]], "spawn_a": [2, 2], "spawn_b": [5, 2]}