{"pos": [[2, 5], [4, 4], [3, 5], [4, 3], [4, 5], [3, 3], [4, 6], [3, 4], [4, 7], [4, 4], [3, 7], [4, 3], [4, 7], [3, 3], [4, 6], [2, 3], [3, 6], [1, 3], [3, 5], [0, 3], [4, 5], [1, 3], [4, 6], [2, 3], [3, 6], [3, 3], [3, 5], [4, 3], [4, 5], [4, 2], [3, 5], [4, 3], [3, 6], [5, 3], [4, 6], [4, 3], [4, 5], [5, 3], [3, 5], [5, 2], [4, 5], [6, 2], [4, 6], [6, 3], [4, 7], [6, 2], [4, 6], [4, 2], [3, 6], [4, 3], [3, 5], [4, 4], [3, 4], [4, 3], [2, 4], [4, 4], [1, 4], [4, 3], [0, 4], [4, 2], [0, 3], [4, 1], [0, 4], [4, 0], [0, 3], [4, 1], [1, 3], [4, 0], [2, 3], [4, 1], [3, 3], [4, 0], [2, 3], [3, 0], [2, 2], [3, 1], [2, 1], [3, 0], [2, 2], [3, 1]], "a_points": [0, 0, 1, 1, 1, 1, 1, 1, 2, 2, 2, 2, 3, 3, 2, 2, 2, 2, 3, 3, 3, 3, 3, 3, 2, 2, 2, 2, 3, 3, 2, 2, 2, 2, 2, 2, 2, 2, 2, 2, 2, 2, 3, 3, 3, 3, 3, 3, 3, 3, 3, 3, 3, 3, 4, 4, 4, 4, 5, 5, 6, 6, 5, 5, 5, 5, 6, 6, 6, 6, 6, 6, 6, 6, 7, 7, 8, 8, 7, 7], "b_points": [0, 0, 0, 0, 0, 1, 1, 1, 1, 1, 1, 0, 0, 0, 0, 1, 1, 1, 1, 2, 2, 1, 1, 1, 1, 0, 0, 0, 0, 0, 0, 1, 1, 1, 1, 1, 1, 1, 1, 2, 2, 3, 3, 3, 3, 3, 3, 5, 5, 5, 5, 5, 5, 5, 5, 5, 5, 6, 6, 6, 6, 6, 6, 6, 6, 7, 7, 6, 6, 6, 6, 6, 6, 6, 6, 6, 6, 6, 6, 7], "a_turns_left": [39, 39, 38, 38, 37, 37, 36, 36, 35, 35, 34, 34, 33, 33, 32, 32, 31, 31, 30, 30, 29, 29, 28, 28, 27, 27, 26, 26, 25, 25, 24, 24, 23, 23, 22, 22, 21, 21, 20, 20, 19, 19, 18, 18, 17, 17, 16, 16, 15, 15, 14, 14, 13, 13, 12, 12, 11, 11, 10, 10, 9, 9, 8, 8, 7, 7, 6, 6, 5, 5, 4, 4, 3, 3, 2, 2, 1, 1, 0, 0], "b_turns_left": [40, 39, 39, 38, 38, 37, 37, 36, 36, 35, 35, 34, 34, 33, 33, 32, 32, 31, 31, 30, 30, 29, 29, 28, 28, 27, 27, 26, 26, 25, 25, 24, 24, 23, 23, 22, 22, 21, 21, 20, 20, 19, 19, 18, 18, 17, 17, 16, 16, 15, 15, 14, 14, 13, 13, 12, 12, 11, 11, 10, 10, 9, 9, 8, 8, 7, 7, 6, 6, 5, 5, 4, 4, 3, 3, 2, 2, 1, 1, 0], "a_time_left": [359.9987898330437, 359.9987898330437, 359.9986592910718, 359.9986592910718, 359.9984034161316, 359.9984034161316, 359.9982512081042, 359.9982512081042, 359.998126499122, 359.998126499122, 359.99803374917246, 359.99803374917246, 359.99791858217213, 359.99791858217213, 359.99781104025897, 359.99781104025897, 359.9976913322462, 359.9976913322462, 359.9975685412064, 359.9975685412064, 359.9974422082305, 359.9974422082305, 359.9973464581417, 359.9973464581417, 359.99727037514094, 359.99727037514094, 359.9971360001946, 359.9971360001946, 359.9970259171678, 359.9970259171678, 359.99692800012417, 359.99692800012417, 359.9968439170625, 359.9968439170625, 359.99674100102857, 359.99674100102857, 359.9966417090036, 359.9966417090036, 359.99652670905925, 359.99652670905925, 359.9963892920641, 359.9963892920641, 359.99070733296685, 359.99070733296685, 359.9905439990107, 359.9905439990107, 359.99037658201996, 359.99037658201996, 359.99020633206237, 359.99020633206237, 359.9900917900959, 359.9900917900959, 359.99000891507603, 359.99000891507603, 359.9899274150375, 359.9899274150375, 359.98984524805564, 359.98984524805564, 359.98976958112326, 359.98976958112326, 359.9896634562174, 359.9896634562174, 359.98957128915936, 359.98957128915936, 359.9894915801706, 359.9894915801706, 359.9894227051409, 359.9894227051409, 359.98934166308027, 359.98934166308027, 359.9892745380057, 359.9892745380057, 359.9892056209501, 359.9892056209501, 359.9891268708743, 359.9891268708743, 359.98905757884495, 359.98905757884495, 359.98898645385634, 359.98898645385634], "b_time_left": [360, 359.99997616698965, 359.99997616698965, 359.99995787488297, 359.99995787488297, 359.9999379578512, 359.9999379578512, 359.99991308292374, 359.99991308292374, 359.999899166869, 359.999899166869, 359.99988649983425, 359.99988649983425, 359.9998728748178, 359.9998728748178, 359.99986166576855, 359.99986166576855, 359.99984699871857, 359.99984699871857, 359.99983633169904, 359.99983633169904, 359.99982474872377, 359.99982474872377, 359.9998134566704, 359.9998134566704, 359.99979553965386, 359.99979553965386, 359.9997839976568, 359.9997839976568, 359.9997733726632, 359.9997733726632, 359.9997624977259, 359.9997624977259, 359.999753789627, 359.999753789627, 359.9997429975774, 359.9997429975774, 359.99973220552783, 359.99973220552783, 359.9997217885684, 359.9997217885684, 359.9996568305651, 359.9996568305651, 359.9996392885223, 359.9996392885223, 359.99962374649476, 359.99962374649476, 359.9996068715118, 359.9996068715118, 359.99959324649535, 359.99959324649535, 359.9995834134752, 359.9995834134752, 359.99957341351546, 359.99957341351546, 359.9995642885333, 359.9995642885333, 359.9995512465248, 359.9995512465248, 359.99953866249416, 359.99953866249416, 359.9995269125793, 359.9995269125793, 359.99951828760095, 359.99951828760095, 359.99951078766026, 359.99951078766026, 359.99950262065977, 359.99950262065977, 359.9994954955764, 359.9994954955764, 359.99948857864365, 359.99948857864365, 359.9994808706688, 359.9994808706688, 359.99947303766385, 359.99947303766385, 359.9994642876554, 359.9994642876554, 359.999457371654], "rat_caught": [false, false, false, false, false, false, false, false, false, false, false, false, false, false, false, false, false, false, false, false, false, false, false, false, false, false, false, false, false, false, false, false, false, false, false, false, false, false, false, false, false, false, false, false, false, false, false, false, false, false, false, false, false, false, false, false, false, false, false, false, false, false, false, false, false, false, false, false, false, false, false, false, false, false, false, false, false, false, false, false], "left_behind": ["plain", "plain", "prime", "plain", "plain", "prime", "plain", "plain", "prime", "plain", "plain", "carpet", "prime", "plain", "carpet", "prime", "plain", "plain", "prime", "prime", "plain", "carpet", "plain", "plain", "carpet", "carpet", "plain", "plain", "prime", "plain", "carpet", "prime", "plain", "plain", "plain", "plain", "plain", "plain", "plain", "prime", "plain", "prime", "prime", "plain", "plain", "plain", "plain", "carpet", "plain", "plain", "plain", "plain", "plain", "plain", "prime", "plain", "plain", "prime", "prime", "plain", "prime", "plain", "carpet", "plain", "plain", "prime", "prime", "carpet", "plain", "plain", "plain", "plain", "plain", "plain", "prime", "plain", "prime", "plain", "carpet", "prime"], "errlog_a": "gg, the rat never stood a chance", "errlog_b": "", "start_time": 360, "start_moves": 80, "turn_count": 80, "result": 2, "reason": "POINTS", "trapdoors": [[2, 6], [2, 6], [3, 6], [3, 6], [4, 6], [4, 6], [4, 5], [4, 5], [4, 5], [4, 5], [4, 4], [3, 4], [3, 4], [3, 4], [3, 4], [2, 4], [2, 4], [2, 4], [2, 4], [2, 4], [2, 4], [1, 4], [1, 4], [1, 4], [1, 4], [1, 5], [2, 5], [2, 5], [2, 6], [2, 6], [2, 6], [2, 6], [3, 6], [4, 6], [4, 6], [4, 6], [4, 6], [4, 6], [4, 6], [4, 6], [4, 6], [4, 5], [4, 5], [4, 5], [4, 4], [5, 4], [5, 4], [5, 4], [5, 3], [5, 3], [6, 3], [7, 3], [6, 3], [5, 3], [5, 3], [5, 4], [6, 4], [5, 4], [5, 4], [5, 3], [5, 3], [5, 3], [6, 3], [6, 3], [6, 3], [6, 2], [6, 1], [6, 1], [6, 1], [5, 1], [5, 1], [5, 1], [5, 1], [5, 1], [5, 1], [5, 0], [5, 0], [5, 0], [6, 0], [6, 0], [6, 0]], "spawn_a": [2, 4], "spawn_b": [5, 4]}