{"pos": [[2, 2], [3, 2], [1, 2], [2, 2], [0, 2], [2, 3], [0, 3], [1, 3], [0, 2], [1, 4], [1, 2], [1, 3], [2, 2], [1, 4], [4, 2], [0, 4], [4, 3], [0, 5], [4, 2], [0, 4], [3, 2], [0, 3], [2, 2], [1, 3], [3, 2], [1, 4], [3, 1], [1, 3], [3, 0], [0, 3], [4, 0], [0, 4], [3, 0], [0, 5], [4, 0], [0, 4], [5, 0], [0, 5], [4, 0], [1, 5], [4, 1], [2, 5], [5, 1], [2, 4], [5, 0], [2, 3], [4, 0], [1, 3], [5, 0], [2, 3], [4, 0], [2, 4], [4, 1], [3, 4], [5, 1], [3, 3], [4, 1], [3, 2], [3, 1], [3, 3], [3, 2], [2, 3], [3, 3], [1, 3], [4, 3], [0, 3], [4, 4], [1, 3], [5, 4], [1, 2], [5, 3], [1, 3], [6, 3], [1, 2], [6, 4], [0, 2], [6, 3], [1, 2], [5, 3], [1, 3]], "a_points": [0, 0, 0, 0, 0, 0, 0, 0, 1, 1, 1, 1, 2, 2, 4, 4, 4, 4, 4, 4, 4, 4, 4, 4, 5, 5, 5, 5, 6, 6, 6, 6, 6, 6, 7, 7, 7, 7, 7, 7, 7, 7, 8, 8, 8, 8, 8, 8, 9, 9, 8, 8, 7, 7, 7, 7, 7, 7, 6, 6, 6, 6, 6, 6, 6, 6, 6, 6, 6, 6, 7, 7, 7, 7, 7, 7, 8, 8, 9, 9], "b_points": [0, 1, 1, 2, 2, 2, 2, 2, 2, 2, 2, 2, 2, 3, 3, 3, 3, 3, 3, 4, 4, 3, 3, 2, 2, 2, 2, 2, 2, 2, 2, 2, 2, 1, 1, 1, 1, 1, 1, 1, 1, 1, 1, 1, 1, 1, 1, 1, 1, 1, 1, 1, 1, 1, 1, 2, 2, 3, 3, 2, 2, 2, 2, 2, 2, 2, 2, 2, 2, 1, 1, 1, 1, 1, 1, 1, 1, 1, 1, 1], "a_turns_left": [39, 39, 38, 38, 37, 37, 36, 36, 35, 35, 34, 34, 33, 33, 32, 32, 31, 31, 30, 30, 29, 29, 28, 28, 27, 27, 26, 26, 25, 25, 24, 24, 23, 23, 22, 22, 21, 21, 20, 20, 19, 19, 18, 18, 17, 17, 16, 16, 15, 15, 14, 14, 13, 13, 12, 12, 11, 11, 10, 10, 9, 9, 8, 8, 7, 7, 6, 6, 5, 5, 4, 4, 3, 3, 2, 2, 1, 1, 0, 0], "b_turns_left": [40, 39, 39, 38, 38, 37, 37, 36, 36, 35, 35, 34, 34, 33, 33, 32, 32, 31, 31, 30, 30, 29, 29, 28, 28, 27, 27, 26, 26, 25, 25, 24, 24, 23, 23, 22, 22, 21, 21, 20, 20, 19, 19, 18, 18, 17, 17, 16, 16, 15, 15, 14, 14, 13, 13, 12, 12, 11, 11, 10, 10, 9, 9, 8, 8, 7, 7, 6, 6, 5, 5, 4, 4, 3, 3, 2, 2, 1, 1, 0], "a_time_left": [359.99976454197895, 359.99976454197895, 359.9996879589744, 359.9996879589744, 359.9995960009983, 359.9995960009983, 359.99952041800134, 359.99952041800134, 359.9992399599869, 359.9992399599869, 359.9991120849736, 359.9991120849736, 359.9990256270394, 359.9990256270394, 359.9989608770702, 359.9989608770702, 359.9987292099977, 359.9987292099977, 359.9986397509929, 359.9986397509929, 359.9985382510349, 359.9985382510349, 359.99844737595413, 359.99844737595413, 359.9983629590133, 359.9983629590133, 359.9982906249352, 359.9982906249352, 359.99823687493335, 359.99823687493335, 359.9981871248456, 359.9981871248456, 359.99811966577545, 359.99811966577545, 359.9980622078292, 359.9980622078292, 359.9979649578454, 359.9979649578454, 359.99785166676156, 359.99785166676156, 359.99778491677716, 359.99778491677716, 359.997712749755, 359.997712749755, 359.99762091680896, 359.99762091680896, 359.9975569578819, 359.9975569578819, 359.9974831659347, 359.9974831659347, 359.9974112069467, 359.9974112069467, 359.9973463739734, 359.9973463739734, 359.99728749890346, 359.99728749890346, 359.99721033184323, 359.99721033184323, 359.9971487488365, 359.9971487488365, 359.9970948738046, 359.9970948738046, 359.99700279079843, 359.99700279079843, 359.99690524989273, 359.99690524989273, 359.996662124875, 359.996662124875, 359.99656579084694, 359.99656579084694, 359.9964787069475, 359.9964787069475, 359.9963975819992, 359.9963975819992, 359.99633612297475, 359.99633612297475, 359.9962496230146, 359.9962496230146, 359.9961819560267, 359.9961819560267], "b_time_left": [360, 359.99997637502383, 359.99997637502383, 359.99995687499177, 359.99995687499177, 359.99994279199746, 359.99994279199746, 359.9999252499547, 359.9999252499547, 359.99988933303393, 359.99988933303393, 359.99987558310386, 359.99987558310386, 359.9998647911707, 359.9998647911707, 359.99985187524, 359.99985187524, 359.99983950017486, 359.99983950017486, 359.9997957502492, 359.9997957502492, 359.9997815422248, 359.9997815422248, 359.999766542227, 359.999766542227, 359.9997564172372, 359.9997564172372, 359.9997455421835, 359.9997455421835, 359.99973641720135, 359.99973641720135, 359.99972770921886, 359.99972770921886, 359.9997157092439, 359.9997157092439, 359.9997056252323, 359.9997056252323, 359.99969120824244, 359.99969120824244, 359.99968154216185, 359.99968154216185, 359.99966729222797, 359.99966729222797, 359.99963333422784, 359.99963333422784, 359.9996215432184, 359.9996215432184, 359.9996092522051, 359.9996092522051, 359.9995956692146, 359.9995956692146, 359.99958704411983, 359.99958704411983, 359.9995763361221, 359.9995763361221, 359.99956479412504, 359.99956479412504, 359.99955371115357, 359.99955371115357, 359.9995446281973, 359.9995446281973, 359.99952967022546, 359.99952967022546, 359.99951808620244, 359.99951808620244, 359.99950533628, 359.99950533628, 359.9994925863575, 359.9994925863575, 359.999478836311, 359.999478836311, 359.99946433631703, 359.99946433631703, 359.9994542533532, 359.9994542533532, 359.99943483632524, 359.99943483632524, 359.99942371132784, 359.99942371132784, 359.9994152113795], "rat_caught": [false, false, false, false, false, false, false, false, false, false, false, false, false, false, false, false, false, false, false, false, false, false, false, false, false, false, false, false, false, false, false, false, false, false, false, false, false, false, false, false, false, false, false, false, false, false, false, false, false, false, false, false, false, false, false, false, false, false, false, false, false, false, false, false, false, false, false, false, false, false, false, false, false, false, false, false, false, false, false, false], "left_behind": ["plain", "prime", "plain", "prime", "plain", "plain", "plain", "plain", "prime", "plain", "plain", "plain", "prime", "prime", "carpet", "plain", "plain", "plain", "plain", "prime", "plain", "carpet", "plain", "carpet", "prime", "plain", "plain", "plain", "prime", "plain", "plain", "plain", "plain", "carpet", "prime", "plain", "plain", "plain", "plain", "plain", "plain", "plain", "prime", "plain", "plain", "plain", "plain", "plain", "prime", "plain", "carpet", "plain", "carpet", "plain", "plain", "prime", "plain", "prime", "carpet", "carpet", "plain", "plain", "plain", "plain", "plain", "plain", "plain", "plain", "plain", "carpet", "prime", "plain", "plain", "plain", "plain", "plain", "prime", "plain", "prime", "plain"], "errlog_a": "gg, the rat never stood a chance", "errlog_b": "", "start_time": 360, "start_moves": 80, "turn_count": 80, "result": 0, "reason": "POINTS", "trapdoors": [[3, 1], [3, 1], [2, 1], [2, 2], [2, 2], [2, 3], [3, 3], [3, 3], [3, 4], [2, 4], [2, 4], [1, 4], [1, 5], [1, 4], [1, 5], [1, 6], [1, 7], [2, 7], [2, 7], [3, 7], [3, 7], [4, 7], [4, 6], [4, 6], [4, 6], [5, 6], [5, 6], [5, 6], [5, 6], [5, 6], [5, 6], [5, 5], [5, 5], [5, 5], [5, 5], [5, 5], [5, 5], [5, 4], [5, 3], [5, 3], [6, 3], [6, 3], [6, 3], [6, 3], [6, 3], [6, 3], [6, 3], [6, 3], [6, 3], [6, 3], [5, 3], [5, 3], [5, 3], [5, 3], [5, 4], [5, 5], [5, 5], [5, 6], [5, 7], [5, 7], [5, 7], [5, 7], [5, 7], [4, 7], [4, 7], [4, 7], [4, 6], [4, 6], [4, 5], [4, 4], [4, 4], [4, 4], [4, 4], [4, 4], [4, 3], [5, 3], [5, 2], [5, 2], [5, 1], [4, 1], [3, 1]], "spawn_a": [3, 2], "spawn_b": [4, 2]}