{"pos": [[2, 5], [5, 5], [2, 4], [4, 5], [2, 3], [2, 5], [2, 3], [1, 5], [3, 3], [0, 5], [3, 2], [1, 5], [3, 1], [2, 5], [3, 0], [2, 4], [3, 3], [2, 5], [3, 4], [1, 5], [4, 4], [2, 5], [4, 4], [1, 5], [5, 4], [1, 4], [6, 4], [1, 3], [7, 4], [2, 3], [4, 4], [3, 3], [4, 3], [2, 3], [4, 2], [2, 2], [4, 1], [2, 1], [4, 1], [3, 1], [4, 0], [2, 1], [4, 2], [2, 0], [5, 2], [2, 1], [5, 1], [2, 0], [5, 1], [3, 0], [5, 1], [2, 0], [5, 0], [2, 1], [5, 0], [3, 1], [5, 2], [3, 0], [5, 3], [4, 0], [5, 4], [5, 0], [5, 5], [5, 1], [5, 6], [5, 2], [5, 7], [4, 2], [5, 6], [4, 3], [4, 6], [5, 3], [3, 6], [4, 3], [3, 6], [4, 4], [2, 6], [4, 3], [5, 6], [3, 3]], "a_points": [1, 1, 2, 2, 3, 3, 1, 1, 2, 2, 3, 3, 4, 4, 5, 5, 9, 9, 9, 9, 10, 10, 14, 14, 15, 15, 16, 16, 17, 17, 21, 21, 21, 21, 22, 22, 23, 23, 27, 27, 28, 28, 30, 30, 30, 30, 31, 31, 35, 35, 39, 39, 40, 40, 44, 44, 46, 46, 46, 46, 47, 47, 47, 47, 48, 48, 48, 48, 49, 49, 50, 50, 51, 51, 55, 55, 56, 56, 60, 60], "b_points": [0, 1, 1, 0, 0, 2, 2, 2, 2, 2, 2, 3, 3, 3, 3, 2, 2, 2, 2, 2, 2, 3, 3, 2, 2, 2, 2, 2, 2, 1, 1, 1, 1, 1, 1, 1, 1, 1, 1, 1, 1, 1, 1, 1, 1, 1, 1, 1, 1, 1, 1, 2, 2, 3, 3, 3, 3, 2, 2, 2, 2, 3, 3, 4, 4, 4, 4, 4, 4, 3, 3, 2, 2, 2, 2, 2, 2, 2, 2, 2], "a_turns_left": [39, 39, 38, 38, 37, 37, 36, 36, 35, 35, 34, 34, 33, 33, 32, 32, 31, 31, 30, 30, 29, 29, 28, 28, 27, 27, 26, 26, 25, 25, 24, 24, 23, 23, 22, 22, 21, 21, 20, 20, 19, 19, 18, 18, 17, 17, 16, 16, 15, 15, 14, 14, 13, 13, 12, 12, 11, 11, 10, 10, 9, 9, 8, 8, 7, 7, 6, 6, 5, 5, 4, 4, 3, 3, 2, 2, 1, 1, 0, 0], "b_turns_left": [40, 39, 39, 38, 38, 37, 37, 36, 36, 35, 35, 34, 34, 33, 33, 32, 32, 31, 31, 30, 30, 29, 29, 28, 28, 27, 27, 26, 26, 25, 25, 24, 24, 23, 23, 22, 22, 21, 21, 20, 20, 19, 19, 18, 18, 17, 17, 16, 16, 15, 15, 14, 14, 13, 13, 12, 12, 11, 11, 10, 10, 9, 9, 8, 8, 7, 7, 6, 6, 5, 5, 4, 4, 3, 3, 2, 2, 1, 1, 0], "a_time_left": [354.6099276669556, 354.6099276669556, 349.2247089999728, 349.2247089999728, 342.0717783749569, 342.0717783749569, 335.99072424997576, 335.99072424997576, 329.2077686248813, 329.2077686248813, 324.28237662487663, 324.28237662487663, 316.0944579998031, 316.0944579998031, 307.82417154184077, 307.82417154184077, 301.7925142508466, 301.7925142508466, 294.26703633379657, 294.26703633379657, 285.8239164177794, 285.8239164177794, 277.4188762927661, 277.4188762927661, 271.6141490007285, 271.6141490007285, 265.8340525007807, 265.8340525007807, 259.06096487585455, 259.06096487585455, 252.78541091678198, 252.78541091678198, 246.57828366674948, 246.57828366674948, 241.60425337578636, 241.60425337578636, 232.83560216776095, 232.83560216776095, 224.44994187669363, 224.44994187669363, 215.9755979606416, 215.9755979606416, 206.45548433566, 206.45548433566, 200.58158112759702, 200.58158112759702, 194.63957800262142, 194.63957800262142, 187.67762671061791, 187.67762671061791, 179.029762585531, 179.029762585531, 169.8456953355344, 169.8456953355344, 162.98610566847492, 162.98610566847492, 154.61216787644662, 154.61216787644662, 147.93136220937595, 147.93136220937595, 141.87040908436757, 141.87040908436757, 130.71459954231977, 130.71459954231977, 118.0494582093088, 118.0494582093088, 104.70792941737454, 104.70792941737454, 96.99526475043967, 96.99526475043967, 89.5225190424826, 89.5225190424826, 86.49623700149823, 86.49623700149823, 86.41010191850364, 86.41010191850364, 86.36332445952576, 86.36332445952576, 86.34532529255375, 86.34532529255375], "b_time_left": [360, 359.99997016601264, 359.99997016601264, 359.9997705830028, 359.9997705830028, 359.99971233296674, 359.99971233296674, 359.9996890829643, 359.9996890829643, 359.9996396659408, 359.9996396659408, 359.9996140819276, 359.9996140819276, 359.9995600399561, 359.9995600399561, 359.9995084569091, 359.9995084569091, 359.9994956229348, 359.9994956229348, 359.9994827059563, 359.9994827059563, 359.9994688308798, 359.9994688308798, 359.9994459148729, 359.9994459148729, 359.9994329978945, 359.9994329978945, 359.99942012294196, 359.99942012294196, 359.99936328991316, 359.99936328991316, 359.99935166491196, 359.99935166491196, 359.9993313308805, 359.9993313308805, 359.99931912182365, 359.99931912182365, 359.99927074683364, 359.99927074683364, 359.9992577468511, 359.9992577468511, 359.99920566380024, 359.99920566380024, 359.99915299681015, 359.99915299681015, 359.9991011627717, 359.9991011627717, 359.9990881207632, 359.9990881207632, 359.99902124574874, 359.99902124574874, 359.9990076207323, 359.9990076207323, 359.9989560797112, 359.9989560797112, 359.9988984137308, 359.9988984137308, 359.99884466372896, 359.99884466372896, 359.9988321226556, 359.9988321226556, 359.99878249759786, 359.99878249759786, 359.99876362259965, 359.99876362259965, 359.9987139556324, 359.9987139556324, 359.9986931636231, 359.9986931636231, 359.9985913306009, 359.9985913306009, 359.99853845569305, 359.99853845569305, 359.9984598727897, 359.9984598727897, 359.9984467057511, 359.9984467057511, 359.9984345807461, 359.9984345807461, 359.99842491478194], "rat_caught": [false, false, false, false, false, false, false, false, false, false, false, false, false, false, false, false, false, false, false, false, false, false, true, false, false, false, false, false, false, false, false, false, false, false, false, false, false, false, true, false, false, false, false, false, false, false, false, false, true, false, true, false, false, false, true, false, false, false, false, false, false, false, false, false, false, false, false, false, false, false, false, false, false, false, true, false, false, false, false, false], "left_behind": ["prime", "prime", "prime", "carpet", "prime", "carpet", "search", "plain", "prime", "plain", "prime", "prime", "prime", "plain", "prime", "carpet", "carpet", "plain", "plain", "plain", "prime", "prime", "search", "carpet", "prime", "plain", "prime", "plain", "prime", "carpet", "carpet", "plain", "plain", "plain", "prime", "plain", "prime", "plain", "search", "plain", "prime", "plain", "carpet", "plain", "plain", "plain", "prime", "plain", "search", "plain", "search", "prime", "prime", "prime", "search", "plain", "carpet", "carpet", "plain", "plain", "prime", "prime", "plain", "prime", "prime", "plain", "plain", "plain", "prime", "carpet", "prime", "carpet", "prime", "plain", "search", "plain", "prime", "plain", "carpet", "plain"], "errlog_a": "gg, the rat never stood a chance", "errlog_b": "", "start_time": 360, "start_moves": 80, "turn_count": 80, "result": 0, "reason": "POINTS", "trapdoors": [[3, 4], [3, 4], [3, 5], [3, 6], [3, 6], [3, 6], [2, 6], [1, 6], [1, 6], [1, 6], [1, 6], [2, 6], [2, 6], [1, 6], [1, 6], [0, 6], [0, 6], [0, 5], [0, 5], [0, 5], [0, 5], [0, 5], [0, 5], [1, 2], [2, 2], [2, 2], [2, 2], [1, 2], [2, 2], [3, 2], [3, 2], [3, 2], [3, 2], [3, 2], [3, 2], [3, 2], [3, 3], [3, 4], [3, 4], [7, 5], [7, 4], [7, 4], [7, 4], [7, 3], [7, 3], [7, 3], [7, 2], [7, 1], [7, 1], [1, 6], [1, 6], [5, 3], [5, 3], [5, 4], [5, 4], [1, 3], [1, 4], [1, 4], [1, 4], [1, 4], [1, 4], [1, 4], [1, 4], [1, 4], [1, 4], [1, 4], [1, 4], [1, 3], [1, 3], [1, 3], [1, 3], [1, 3], [1, 2], [1, 2], [0, 2], [6, 3], [6, 3], [6, 3], [6, 3], [6, 3], [6, 3]], "spawn_a": [3, 5], "spawn_b": [4, 5]}