{"pos": [[2, 2], [5, 2], [1, 2], [3, 2], [2, 2], [4, 2], [1, 2], [5, 2], [0, 2], [4, 2], [1, 2], [4, 3], [2, 2], [4, 4], [1, 2], [3, 4], [0, 2], [3, 3], [0, 3], [3, 2], [1, 3], [3, 1], [0, 3], [4, 1], [0, 2], [3, 1], [0, 3], [2, 1], [1, 3], [3, 1], [1, 2], [4, 1], [0, 2], [3, 1], [0, 3], [2, 1], [0, 4], [2, 2], [1, 4], [1, 2], [0, 4], [0, 2], [1, 4], [1, 2], [0, 4], [0, 2], [0, 3], [1, 2], [0, 2], [1, 3], [0, 3], [1, 4], [0, 2], [1, 5], [1, 2], [1, 4], [0, 2], [1, 5], [1, 2], [0, 5], [2, 2], [0, 4], [3, 2], [1, 4], [4, 2], [2, 4], [5, 2], [1, 4], [5, 3], [0, 4], [5, 2], [0, 5], [4, 2], [0, 4], [3, 2], [0, 3], [1, 2], [0, 2], [2, 2], [0, 3]], "a_points": [1, 1, 1, 1, 1, 1, 1, 1, 1, 1, 2, 2, 2, 2, 2, 2, 1, 1, 1, 1, 1, 1, 1, 1, 1, 1, 1, 1, 1, 1, 2, 2, 2, 2, 2, 2, 3, 3, 3, 3, 4, 4, 3, 3, 3, 3, 2, 2, 2, 2, 2, 2, 2, 2, 2, 2, 2, 2, 2, 2, 3, 3, 4, 4, 4, 4, 4, 4, 4, 4, 5, 5, 5, 5, 5, 5, 7, 7, 7, 7], "b_points": [0, 1, 1, 3, 3, 3, 3, 3, 3, 3, 3, 3, 3, 4, 4, 5, 5, 6, 6, 6, 6, 6, 6, 7, 7, 6, 6, 6, 6, 6, 6, 6, 6, 6, 6, 6, 6, 6, 6, 6, 6, 6, 6, 6, 6, 6, 6, 6, 6, 5, 5, 5, 5, 5, 5, 5, 5, 5, 5, 6, 6, 6, 6, 7, 7, 7, 7, 7, 7, 6, 6, 6, 6, 7, 7, 7, 7, 7, 7, 7], "a_turns_left": [39, 39, 38, 38, 37, 37, 36, 36, 35, 35, 34, 34, 33, 33, 32, 32, 31, 31, 30, 30, 29, 29, 28, 28, 27, 27, 26, 26, 25, 25, 24, 24, 23, 23, 22, 22, 21, 21, 20, 20, 19, 19, 18, 18, 17, 17, 16, 16, 15, 15, 14, 14, 13, 13, 12, 12, 11, 11, 10, 10, 9, 9, 8, 8, 7, 7, 6, 6, 5, 5, 4, 4, 3, 3, 2, 2, 1, 1, 0, 0], "b_turns_left": [40, 39, 39, 38, 38, 37, 37, 36, 36, 35, 35, 34, 34, 33, 33, 32, 32, 31, 31, 30, 30, 29, 29, 28, 28, 27, 27, 26, 26, 25, 25, 24, 24, 23, 23, 22, 22, 21, 21, 20, 20, 19, 19, 18, 18, 17, 17, 16, 16, 15, 15, 14, 14, 13, 13, 12, 12, 11, 11, 10, 10, 9, 9, 8, 8, 7, 7, 6, 6, 5, 5, 4, 4, 3, 3, 2, 2, 1, 1, 0], "a_time_left": [359.99980424996465, 359.99980424996465, 359.99969104188494, 359.99969104188494, 359.9995964169502, 359.9995964169502, 359.99951833405066, 359.99951833405066, 359.9994200010551, 359.9994200010551, 359.9993424171116, 359.9993424171116, 359.9992756671272, 359.9992756671272, 359.9991783760488, 359.9991783760488, 359.9991117931204, 359.9991117931204, 359.9990496682003, 359.9990496682003, 359.99898704327643, 359.99898704327643, 359.9989149601897, 359.9989149601897, 359.9988483352354, 359.9988483352354, 359.998790335143, 359.998790335143, 359.99873316916637, 359.99873316916637, 359.99867100222036, 359.99867100222036, 359.9985854611732, 359.9985854611732, 359.99848900316283, 359.99848900316283, 359.99841312807985, 359.99841312807985, 359.99833837803453, 359.99833837803453, 359.9982727110619, 359.9982727110619, 359.9982082110364, 359.9982082110364, 359.99814379401505, 359.99814379401505, 359.9980774190044, 359.9980774190044, 359.99801887793, 359.99801887793, 359.9979612529278, 359.9979612529278, 359.99789346184116, 359.99789346184116, 359.9978337949142, 359.9978337949142, 359.9977758359164, 359.9977758359164, 359.9977115439251, 359.9977115439251, 359.99764491885435, 359.99764491885435, 359.9975845438894, 359.9975845438894, 359.9975280018989, 359.9975280018989, 359.9974705859786, 359.9974705859786, 359.9974104609573, 359.9974104609573, 359.99735246098135, 359.99735246098135, 359.9972848769976, 359.9972848769976, 359.9972189189866, 359.9972189189866, 359.9971562520368, 359.9971562520368, 359.99709400208667, 359.99709400208667], "b_time_left": [360, 359.9999806670239, 359.9999806670239, 359.99996625003405, 359.99996625003405, 359.9999557500705, 359.9999557500705, 359.9999382911483, 359.9999382911483, 359.9999294162262, 359.9999294162262, 359.99992245819885, 359.99992245819885, 359.99991512519773, 359.99991512519773, 359.9999041672563, 359.9999041672563, 359.99989595927764, 359.99989595927764, 359.9998854591977, 359.9998854591977, 359.99987854319625, 359.99987854319625, 359.99986987619195, 359.99986987619195, 359.9998620421393, 359.9998620421393, 359.99985641706735, 359.99985641706735, 359.9998500420479, 359.9998500420479, 359.9998446670361, 359.9998446670361, 359.99983666697517, 359.99983666697517, 359.9998268329073, 359.9998268329073, 359.9998172079213, 359.9998172079213, 359.9998089999426, 359.9998089999426, 359.9998019579798, 359.9998019579798, 359.99979316606186, 359.99979316606186, 359.99978754110634, 359.99978754110634, 359.9997823331505, 359.9997823331505, 359.99977641610894, 359.99977641610894, 359.99976658215746, 359.99976658215746, 359.9997572482098, 359.9997572482098, 359.9997492902912, 359.9997492902912, 359.9997426243499, 359.9997426243499, 359.9997358743567, 359.9997358743567, 359.9997280413518, 359.9997280413518, 359.9997215413023, 359.9997215413023, 359.9997147913091, 359.9997147913091, 359.99970745737664, 359.99970745737664, 359.99970141542144, 359.99970141542144, 359.9996964983875, 359.9996964983875, 359.99969004036393, 359.99969004036393, 359.9996839982923, 359.9996839982923, 359.99967779032886, 359.99967779032886, 359.99967216537334], "rat_caught": [false, false, false, false, false, false, false, false, false, false, false, false, false, false, false, false, false, false, false, false, false, false, false, false, false, false, false, false, false, false, false, false, false, false, false, false, false, false, false, false, false, false, false, false, false, false, false, false, false, false, false, false, false, false, false, false, false, false, false, false, false, false, false, false, false, false, false, false, false, false, false, false, false, false, false, false, false, false, false, false], "left_behind": ["prime", "prime", "plain", "carpet", "plain", "plain", "plain", "plain", "plain", "plain", "prime", "plain", "plain", "prime", "plain", "prime", "carpet", "prime", "plain", "plain", "plain", "plain", "plain", "prime", "plain", "carpet", "plain", "plain", "plain", "plain", "prime", "plain", "plain", "plain", "plain", "plain", "prime", "plain", "plain", "plain", "prime", "plain", "carpet", "plain", "plain", "plain", "carpet", "plain", "plain", "carpet", "plain", "plain", "plain", "plain", "plain", "plain", "plain", "plain", "plain", "prime", "prime", "plain", "prime", "prime", "plain", "plain", "plain", "plain", "plain", "carpet", "prime", "plain", "plain", "prime", "plain", "plain", "carpet", "plain", "plain", "plain"], "errlog_a": "gg, the rat never stood a chance", "errlog_b": "", "start_time": 360, "start_moves": 80, "turn_count": 80, "result": 2, "reason": "POINTS", "trapdoors": [[6, 5], [6, 5], [6, 5], [6, 5], [6, 5], [6, 5], [6, 5], [6, 4], [6, 4], [6, 4], [6, 3], [6, 3], [7, 3], [7, 3], [7, 3], [7, 3], [7, 3], [7, 2], [7, 1], [6, 1], [6, 1], [6, 1], [6, 1], [5, 1], [5, 1], [4, 1], [4, 1], [4, 1], [4, 1], [4, 1], [5, 1], [5, 0], [5, 0], [4, 0], [4, 0], [5, 0], [5, 0], [5, 0], [5, 0], [5, 0], [5, 0], [4, 0], [4, 1], [4, 2], [4, 2], [4, 2], [4, 2], [4, 2], [4, 2], [4, 2], [4, 3], [4, 3], [4, 3], [4, 3], [4, 4], [4, 4], [4, 5], [4, 5], [4, 5], [4, 5], [5, 5], [5, 5], [5, 5], [6, 5], [6, 5], [7, 5], [7, 5], [7, 5], [7, 5], [7, 4], [7, 4], [7, 4], [7, 4], [7, 3], [7, 3], [7, 2], [7, 2], [7, 1], [6, 1], [5, 1], [4, 1]], "spawn_a": [3, 2], "spawn_b": [4, 2]}