{"pos": [[2, 3], [5, 3], [2, 2], [4, 3], [2, 1], [5, 3], [2, 0], [5, 2], [2, 4], [5, 1], [2, 5], [5, 2], [3, 5], [5, 1], [4, 5], [5, 2], [5, 5], [5, 1], [6, 5], [5, 2], [7, 5], [4, 2], [2, 5], [3, 2], [2, 6], [3, 3], [2, 7], [3, 4], [3, 7], [2, 4], [4, 7], [2, 3], [5, 7], [2, 4], [5, 6], [3, 4], [5, 5], [3, 3], [5, 4], [3, 4], [4, 4], [3, 3], [3, 4], [2, 3], [3, 3], [2, 2], [3, 2], [2, 3], [2, 2], [3, 3], [4, 2], [4, 3], [4, 1], [5, 3], [4, 0], [6, 3], [3, 0], [7, 3], [3, 1], [6, 3], [2, 1], [5, 3], [2, 0], [5, 4], [2, 1], [4, 4], [5, 1], [4, 3], [5, 0], [4, 4], [2, 0], [4, 3], [3, 0], [4, 2], [4, 0], [5, 2], [5, 0], [5, 1], [4, 0], [5, 0]], "a_points": [1, 1, 2, 2, 3, 3, 4, 4, 10, 10, 10, 10, 11, 11, 12, 12, 13, 13, 14, 14, 15, 15, 25, 25, 25, 25, 26, 26, 27, 27, 28, 28, 29, 29, 30, 30, 31, 31, 31, 31, 32, 32, 33, 33, 33, 33, 34, 34, 35, 35, 37, 37, 37, 37, 38, 38, 39, 39, 40, 40, 41, 41, 41, 41, 42, 42, 46, 46, 46, 46, 50, 50, 50, 50, 50, 50, 50, 50, 51, 51], "b_points": [0, 0, 0, 0, 0, 1, 1, 1, 1, 1, 1, 1, 1, 2, 2, 1, 1, 1, 1, 2, 2, 2, 2, 3, 3, 3, 3, 3, 3, 3, 3, 3, 3, 3, 3, 3, 3, 4, 4, 3, 3, 3, 3, 3, 3, 3, 3, 3, 3, 2, 2, 1, 1, 1, 1, 1, 1, 1, 1, 1, 1, 2, 2, 1, 1, 0, 0, 0, 0, 0, 0, 0, 0, 0, 0, 0, 0, 0, 0, -1], "a_turns_left": [39, 39, 38, 38, 37, 37, 36, 36, 35, 35, 34, 34, 33, 33, 32, 32, 31, 31, 30, 30, 29, 29, 28, 28, 27, 27, 26, 26, 25, 25, 24, 24, 23, 23, 22, 22, 21, 21, 20, 20, 19, 19, 18, 18, 17, 17, 16, 16, 15, 15, 14, 14, 13, 13, 12, 12, 11, 11, 10, 10, 9, 9, 8, 8, 7, 7, 6, 6, 5, 5, 4, 4, 3, 3, 2, 2, 1, 1, 0, 0], "b_turns_left": [40, 39, 39, 38, 38, 37, 37, 36, 36, 35, 35, 34, 34, 33, 33, 32, 32, 31, 31, 30, 30, 29, 29, 28, 28, 27, 27, 26, 26, 25, 25, 24, 24, 23, 23, 22, 22, 21, 21, 20, 20, 19, 19, 18, 18, 17, 17, 16, 16, 15, 15, 14, 14, 13, 13, 12, 12, 11, 11, 10, 10, 9, 9, 8, 8, 7, 7, 6, 6, 5, 5, 4, 4, 3, 3, 2, 2, 1, 1, 0], "a_time_left": [352.8743821250973, 352.8743821250973, 345.77814795810264, 345.77814795810264, 339.9032272080658, 339.9032272080658, 333.47386658296455, 333.47386658296455, 325.5115425409749, 325.5115425409749, 320.46648770803586, 320.46648770803586, 312.38038354110904, 312.38038354110904, 304.269707457046, 304.269707457046, 297.490970207029, 297.490970207029, 291.75075329106767, 291.75075329106767, 283.4475614990806, 283.4475614990806, 277.1013667070074, 277.1013667070074, 268.6762231650064, 268.6762231650064, 261.48136299906764, 261.48136299906764, 252.94916699908208, 252.94916699908208, 248.0718625400914, 248.0718625400914, 239.33152791508473, 239.33152791508473, 233.36554995609913, 233.36554995609913, 225.20944395614788, 225.20944395614788, 216.2001763312146, 216.2001763312146, 207.14588566415478, 207.14588566415478, 198.04409720515832, 198.04409720515832, 188.89157553820405, 188.89157553820405, 182.58006862120237, 182.58006862120237, 176.89623995416332, 176.89623995416332, 167.18160787108354, 167.18160787108354, 157.39807733008638, 157.39807733008638, 147.53963183006272, 147.53963183006272, 137.59902995510492, 137.59902995510492, 131.9323399971472, 131.9323399971472, 122.64026741415728, 122.64026741415728, 114.22319887310732, 114.22319887310732, 107.05567949812394, 107.05567949812394, 96.42110354022589, 96.42110354022589, 89.27549133228604, 89.27549133228604, 82.50012712436728, 82.50012712436728, 81.40760883339681, 81.40760883339681, 81.205896375468, 81.205896375468, 81.17196600046009, 81.17196600046009, 81.16937525046524, 81.16937525046524], "b_time_left": [360, 359.99990116700064, 359.99990116700064, 359.9998750840314, 359.9998750840314, 359.99975991703104, 359.99975991703104, 359.99966962612234, 359.99966962612234, 359.9996152931126, 359.9996152931126, 359.99959375103936, 359.99959375103936, 359.999544001068, 359.999544001068, 359.9994707921287, 359.9994707921287, 359.99941625003703, 359.99941625003703, 359.99917641701177, 359.99917641701177, 359.99911812506616, 359.99911812506616, 359.9990280420752, 359.9990280420752, 359.9989786250517, 359.9989786250517, 359.99896483297925, 359.99896483297925, 359.99891308299266, 359.99891308299266, 359.99890095798764, 359.99890095798764, 359.9988475419814, 359.9988475419814, 359.99883545807097, 359.99883545807097, 359.9987846240401, 359.9987846240401, 359.998724041041, 359.998724041041, 359.99871254106984, 359.99871254106984, 359.99865483213216, 359.99865483213216, 359.99860233219806, 359.99860233219806, 359.9984616242582, 359.9984616242582, 359.99838799925055, 359.99838799925055, 359.99832716526, 359.99832716526, 359.9983132482739, 359.9983132482739, 359.99829104030505, 359.99829104030505, 359.99827745731454, 359.99827745731454, 359.9982572903391, 359.9982572903391, 359.99824341537897, 359.99824341537897, 359.9982273733476, 359.9982273733476, 359.998170040315, 359.998170040315, 359.99815637327265, 359.99815637327265, 359.9981344152475, 359.9981344152475, 359.99812095728703, 359.99812095728703, 359.99810824834276, 359.99810824834276, 359.9980957893422, 359.9980957893422, 359.99808578926604, 359.99808578926604, 359.99807737220544], "rat_caught": [false, false, false, false, false, false, false, false, false, false, false, false, false, false, false, false, false, false, false, false, false, false, false, false, false, false, false, false, false, false, false, false, false, false, false, false, false, false, false, false, false, false, false, false, false, false, false, false, false, false, false, false, false, false, false, false, false, false, false, false, false, false, false, false, false, false, false, false, false, false, false, false, false, false, false, false, false, false, false, false], "left_behind": ["prime", "plain", "prime", "plain", "prime", "prime", "prime", "plain", "carpet", "plain", "plain", "plain", "prime", "prime", "prime", "carpet", "prime", "plain", "prime", "prime", "prime", "plain", "carpet", "prime", "plain", "plain", "prime", "plain", "prime", "plain", "prime", "plain", "prime", "plain", "prime", "plain", "prime", "prime", "plain", "carpet", "prime", "plain", "prime", "plain", "plain", "plain", "prime", "plain", "prime", "carpet", "carpet", "carpet", "plain", "plain", "prime", "plain", "prime", "plain", "prime", "plain", "prime", "prime", "plain", "carpet", "prime", "carpet", "carpet", "plain", "plain", "plain", "carpet", "plain", "plain", "plain", "plain", "plain", "plain", "plain", "prime", "carpet"], "errlog_a": "gg, the rat never stood a chance", "errlog_b": "", "start_time": 360, "start_moves": 80, "turn_count": 80, "result": 0, "reason": "POINTS", "trapdoors": [[3, 3], [3, 3], [3, 3], [3, 3], [3, 4], [3, 4], [3, 4], [3, 4], [4, 4], [4, 4], [4, 4], [4, 4], [4, 4], [4, 4], [4, 4], [4, 4], [3, 4], [3, 3], [2, 3], [2, 4], [2, 4], [2, 4], [2, 4], [2, 4], [2, 4], [2, 4], [2, 4], [1, 4], [1, 3], [1, 2], [1, 3], [1, 3], [2, 3], [2, 3], [2, 3], [2, 4], [1, 4], [1, 4], [1, 4], [1, 4], [0, 4], [0, 4], [0, 5], [0, 5], [0, 5], [0, 5], [0, 5], [0, 5], [1, 5], [1, 5], [2, 5], [2, 6], [2, 6], [2, 6], [3, 6], [3, 6], [3, 6], [3, 6], [4, 6], [4, 6], [4, 5], [3, 5], [3, 5], [2, 5], [2, 5], [2, 6], [2, 6], [1, 6], [2, 6], [2, 6], [2, 6], [2, 6], [2, 6], [2, 6], [2, 6], [2, 6], [2, 6], [2, 6], [2, 6], [2, 6], [2, 6]], "spawn_a": [2, 4], "spawn_b": [5, 4]}