{"pos": [[2, 3], [6, 4], [1, 3], [6, 3], [1, 2], [6, 2], [1, 3], [6, 3], [0, 3], [7, 3], [0, 2], [6, 3], [1, 2], [5, 3], [1, 3], [5, 4], [1, 4], [5, 5], [1, 3], [6, 5], [2, 3], [6, 4], [3, 3], [6, 5], [3, 2], [7, 5], [4, 2], [7, 4], [4, 1], [6, 4], [3, 1], [5, 4], [3, 2], [4, 4], [4, 2], [4, 5], [3, 2], [5, 5], [4, 2], [6, 5], [4, 1], [7, 5], [4, 2], [6, 5], [3, 2], [6, 4], [3, 3], [6, 5], [3, 2], [6, 4], [3, 1], [6, 3], [3, 0], [5, 3], [3, 1], [6, 3], [4, 1], [7, 3], [3, 1], [7, 2], [3, 2], [6, 2], [3, 1], [7, 2], [3, 0], [7, 3], [3, 1], [7, 2], [3, 0], [6, 2], [3, 1], [5, 2], [4, 1], [6, 2], [4, 2], [5, 2], [3, 2], [4, 2], [2, 2], [5, 2]], "a_points": [1, 1, 2, 2, 2, 2, 3, 3, 3, 3, 4, 4, 3, 3, 3, 3, 4, 4, 3, 3, 2, 2, 2, 2, 2, 2, 2, 2, 3, 3, 4, 4, 4, 4, 3, 3, 3, 3, 4, 4, 3, 3, 3, 3, 2, 2, 2, 2, 3, 3, 3, 3, 4, 4, 3, 3, 3, 3, 3, 3, 3, 3, 3, 3, 3, 3, 4, 4, 3, 3, 3, 3, 3, 3, 3, 3, 3, 3, 3, 3], "b_points": [0, 1, 1, 1, 1, 2, 2, 1, 1, 1, 1, 1, 1, 1, 1, 0, 0, 0, 0, 1, 1, 2, 2, 1, 1, 1, 1, 2, 2, 3, 3, 4, 4, 4, 4, 5, 5, 4, 4, 4, 4, 3, 3, 3, 3, 2, 2, 2, 2, 2, 2, 2, 2, 2, 2, 2, 2, 2, 2, 2, 2, 2, 2, 2, 2, 2, 2, 3, 3, 3, 3, 4, 4, 3, 3, 3, 3, 4, 4, 3], "a_turns_left": [39, 39, 38, 38, 37, 37, 36, 36, 35, 35, 34, 34, 33, 33, 32, 32, 31, 31, 30, 30, 29, 29, 28, 28, 27, 27, 26, 26, 25, 25, 24, 24, 23, 23, 22, 22, 21, 21, 20, 20, 19, 19, 18, 18, 17, 17, 16, 16, 15, 15, 14, 14, 13, 13, 12, 12, 11, 11, 10, 10, 9, 9, 8, 8, 7, 7, 6, 6, 5, 5, 4, 4, 3, 3, 2, 2, 1, 1, 0, 0], "b_turns_left": [40, 39, 39, 38, 38, 37, 37, 36, 36, 35, 35, 34, 34, 33, 33, 32, 32, 31, 31, 30, 30, 29, 29, 28, 28, 27, 27, 26, 26, 25, 25, 24, 24, 23, 23, 22, 22, 21, 21, 20, 20, 19, 19, 18, 18, 17, 17, 16, 16, 15, 15, 14, 14, 13, 13, 12, 12, 11, 11, 10, 10, 9, 9, 8, 8, 7, 7, 6, 6, 5, 5, 4, 4, 3, 3, 2, 2, 1, 1, 0], "a_time_left": [359.99941004195716, 359.99941004195716, 359.9993110009236, 359.9993110009236, 359.9991744168801, 359.9991744168801, 359.99906583386473, 359.99906583386473, 359.99897316785064, 359.99897316785064, 359.9988755428931, 359.9988755428931, 359.9988066678634, 359.9988066678634, 359.99871908384375, 359.99871908384375, 359.99863054184243, 359.99863054184243, 359.99854666681495, 359.99854666681495, 359.9984483338194, 359.9984483338194, 359.9982402927708, 359.9982402927708, 359.9981283348752, 359.9981283348752, 359.9980365438387, 359.9980365438387, 359.99794987682253, 359.99794987682253, 359.99784929386806, 359.99784929386806, 359.99772975197993, 359.99772975197993, 359.9976225430146, 359.9976225430146, 359.99753900198266, 359.99753900198266, 359.99747196002863, 359.99747196002863, 359.9973982939264, 359.9973982939264, 359.99729904392734, 359.99729904392734, 359.9971908769803, 359.9971908769803, 359.99711187696084, 359.99711187696084, 359.99701758497395, 359.99701758497395, 359.9969268759014, 359.9969268759014, 359.9968293348793, 359.9968293348793, 359.9967376269633, 359.9967376269633, 359.99665845988784, 359.99665845988784, 359.99658445990644, 359.99658445990644, 359.99651937687304, 359.99651937687304, 359.99645795987453, 359.99645795987453, 359.9963952928083, 359.9963952928083, 359.9963367928285, 359.9963367928285, 359.9962671677349, 359.9962671677349, 359.99617216782644, 359.99617216782644, 359.9960913338, 359.9960913338, 359.9960119178286, 359.9960119178286, 359.9959352929145, 359.9959352929145, 359.9958607929293, 359.9958607929293], "b_time_left": [360, 359.99996858404484, 359.99996858404484, 359.9999446669826, 359.9999446669826, 359.9999262089841, 359.9999262089841, 359.9999110000208, 359.9999110000208, 359.9998989170417, 359.9998989170417, 359.9998860839987, 359.9998860839987, 359.9998732509557, 359.9998732509557, 359.9998446679674, 359.9998446679674, 359.9998286269838, 359.9998286269838, 359.9998100439552, 359.9998100439552, 359.99978396086954, 359.99978396086954, 359.99976750288624, 359.99976750288624, 359.9997502118349, 359.9997502118349, 359.9997367959004, 359.9997367959004, 359.99972242093645, 359.99972242093645, 359.99970504583325, 359.99970504583325, 359.9996891708579, 359.9996891708579, 359.9996720869094, 359.9996720869094, 359.9996595039265, 359.9996595039265, 359.9996482129209, 359.9996482129209, 359.99963575496804, 359.99963575496804, 359.99961937998887, 359.99961937998887, 359.9996109630447, 359.9996109630447, 359.9995946290437, 359.9995946290437, 359.9995822131168, 359.9995822131168, 359.99956442113034, 359.99956442113034, 359.9995492132148, 359.9995492132148, 359.99953463021666, 359.99953463021666, 359.99952392221894, 359.99952392221894, 359.9995117972139, 359.9995117972139, 359.99950321321376, 359.99950321321376, 359.9994890053058, 359.9994890053058, 359.9994800882414, 359.9994800882414, 359.9994687552098, 359.9994687552098, 359.9994565472007, 359.9994565472007, 359.9994446722558, 359.9994446722558, 359.999431172153, 359.999431172153, 359.99941971409135, 359.99941971409135, 359.9994096310111, 359.9994096310111, 359.9993985060137], "rat_caught": [false, false, false, false, false, false, false, false, false, false, false, false, false, false, false, false, false, false, false, false, false, false, false, false, false, false, false, false, false, false, false, false, false, false, false, false, false, false, false, false, false, false, false, false, false, false, false, false, false, false, false, false, false, false, false, false, false, false, false, false, false, false, false, false, false, false, false, false, false, false, false, false, false, false, false, false, false, false, false, false], "left_behind": ["prime", "prime", "prime", "plain", "plain", "prime", "prime", "carpet", "plain", "plain", "prime", "plain", "carpet", "plain", "plain", "carpet", "prime", "plain", "carpet", "prime", "carpet", "prime", "plain", "carpet", "plain", "plain", "plain", "prime", "prime", "prime", "prime", "prime", "plain", "plain", "carpet", "prime", "plain", "carpet", "prime", "plain", "carpet", "carpet", "plain", "plain", "carpet", "carpet", "plain", "plain", "prime", "plain", "plain", "plain", "prime", "plain", "carpet", "plain", "plain", "plain", "plain", "plain", "plain", "plain", "plain", "plain", "plain", "plain", "prime", "prime", "carpet", "plain", "plain", "prime", "plain", "carpet", "plain", "plain", "plain", "prime", "plain", "carpet"], "errlog_a": "gg, the rat never stood a chance", "errlog_b": "", "start_time": 360, "start_moves": 80, "turn_count": 80, "result": 2, "reason": "POINTS", "trapdoors": [[0, 2], [0, 3], [0, 3], [1, 3], [1, 3], [2, 3], [2, 3], [2, 4], [2, 4], [2, 4], [1, 4], [1, 4], [1, 4], [1, 4], [1, 4], [1, 5], [1, 4], [1, 5], [1, 5], [1, 6], [1, 5], [1, 4], [1, 4], [1, 4], [1, 4], [1, 4], [0, 4], [0, 4], [0, 4], [0, 4], [0, 4], [0, 4], [0, 4], [0, 4], [0, 5], [0, 6], [0, 6], [0, 6], [0, 6], [0, 7], [0, 7], [0, 7], [1, 7], [1, 7], [2, 7], [3, 7], [3, 7], [3, 7], [3, 7], [3, 7], [3, 7], [4, 7], [4, 6], [4, 6], [4, 6], [4, 6], [5, 6], [5, 6], [5, 5], [5, 5], [5, 5], [5, 4], [6, 4], [6, 3], [5, 3], [5, 3], [6, 3], [6, 3], [6, 3], [6, 3], [6, 2], [6, 2], [6, 2], [6, 2], [6, 2], [6, 2], [6, 2], [6, 2], [5, 2], [5, 3], [5, 3]], "spawn_a": [2, 4], "spawn_b": [5, 4]}