{"pos": [[1, 3], [6, 3], [0, 3], [6, 2], [0, 4], [7, 2], [0, 3], [7, 3], [1, 3], [7, 2], [1, 4], [6, 2], [0, 4], [7, 2], [0, 5], [7, 3], [0, 4], [7, 4], [0, 5], [7, 3], [0, 4], [7, 2], [0, 5], [7, 3], [0, 4], [7, 2], [1, 4], [7, 3], [1, 3], [7, 4], [2, 3], [7, 3], [1, 3], [7, 2], [1, 2], [7, 3], [2, 2], [7, 4], [1, 2], [7, 5], [1, 3], [6, 5], [2, 3], [7, 5], [1, 3], [6, 5], [2, 3], [7, 5], [1, 3], [7, 4], [1, 4], [6, 4], [1, 5], [7, 4], [0, 5], [6, 4], [0, 4], [7, 4], [1, 4], [7, 5], [2, 4], [6, 5], [2, 3], [7, 5], [2, 2], [6, 5], [2, 3], [7, 5], [1, 3], [6, 5], [2, 3], [6, 4], [2, 2], [7, 4], [1, 2], [7, 3], [0, 2], [7, 4], [0, 3], [6, 4]], "a_points": [0, 0, 1, 1, 1, 1, 2, 2, 1, 1, 1, 1, 0, 0, 0, 0, 0, 0, 0, 0, 1, 1, 0, 0, 0, 0, 0, 0, 1, 1, 1, 1, 2, 2, 2, 2, 2, 2, 3, 3, 3, 3, 2, 2, 2, 2, 2, 2, 2, 2, 1, 1, 1, 1, 1, 1, 1, 1, 1, 1, 1, 1, 1, 1, 0, 0, 0, 0, 0, 0, 0, 0, 0, 0, 0, 0, 0, 0, 1, 1], "b_points": [0, 0, 0, 1, 1, 2, 2, 2, 2, 3, 3, 2, 2, 2, 2, 1, 1, 1, 1, 2, 2, 2, 2, 2, 2, 2, 2, 2, 2, 1, 1, 1, 1, 1, 1, 1, 1, 1, 1, 1, 1, 2, 2, 1, 1, 1, 1, 1, 1, 1, 1, 1, 1, 1, 1, 1, 1, 1, 1, 1, 1, 1, 1, 1, 1, 1, 1, 2, 2, 1, 1, 1, 1, 1, 1, 1, 1, 1, 1, 1], "a_turns_left": [39, 39, 38, 38, 37, 37, 36, 36, 35, 35, 34, 34, 33, 33, 32, 32, 31, 31, 30, 30, 29, 29, 28, 28, 27, 27, 26, 26, 25, 25, 24, 24, 23, 23, 22, 22, 21, 21, 20, 20, 19, 19, 18, 18, 17, 17, 16, 16, 15, 15, 14, 14, 13, 13, 12, 12, 11, 11, 10, 10, 9, 9, 8, 8, 7, 7, 6, 6, 5, 5, 4, 4, 3, 3, 2, 2, 1, 1, 0, 0], "b_turns_left": [40, 39, 39, 38, 38, 37, 37, 36, 36, 35, 35, 34, 34, 33, 33, 32, 32, 31, 31, 30, 30, 29, 29, 28, 28, 27, 27, 26, 26, 25, 25, 24, 24, 23, 23, 22, 22, 21, 21, 20, 20, 19, 19, 18, 18, 17, 17, 16, 16, 15, 15, 14, 14, 13, 13, 12, 12, 11, 11, 10, 10, 9, 9, 8, 8, 7, 7, 6, 6, 5, 5, 4, 4, 3, 3, 2, 2, 1, 1, 0], "a_time_left": [359.9997824160382, 359.9997824160382, 359.9996817909414, 359.9996817909414, 359.9995782079641, 359.9995782079641, 359.9994832909433, 359.9994832909433, 359.99938591592945, 359.99938591592945, 359.99931524996646, 359.99931524996646, 359.99920470791403, 359.99920470791403, 359.9990960829891, 359.9990960829891, 359.9990031659836, 359.9990031659836, 359.9989127079025, 359.9989127079025, 359.99880620790645, 359.99880620790645, 359.9987151249079, 359.9987151249079, 359.99863208283205, 359.99863208283205, 359.9985313328216, 359.9985313328216, 359.99844708282035, 359.99844708282035, 359.99837579089217, 359.99837579089217, 359.99828458286356, 359.99828458286356, 359.99820862477645, 359.99820862477645, 359.9981018747203, 359.9981018747203, 359.9980264157057, 359.9980264157057, 359.997960207751, 359.997960207751, 359.9978720827494, 359.9978720827494, 359.9978048747871, 359.9978048747871, 359.9976907498203, 359.9976907498203, 359.997602207819, 359.997602207819, 359.99751716584433, 359.99751716584433, 359.99741804087535, 359.99741804087535, 359.9973241238622, 359.9973241238622, 359.99724545679055, 359.99724545679055, 359.99718024779577, 359.99718024779577, 359.9971167058684, 359.9971167058684, 359.9970357478596, 359.9970357478596, 359.99696062284056, 359.99696062284056, 359.9968893728219, 359.9968893728219, 359.99680508079473, 359.99680508079473, 359.9967348726932, 359.9967348726932, 359.99667283170857, 359.99667283170857, 359.99660828965716, 359.99660828965716, 359.99654366460163, 359.99654366460163, 359.996481997543, 359.996481997543], "b_time_left": [360, 359.99998029205017, 359.99998029205017, 359.9999661670299, 359.9999661670299, 359.99995029193815, 359.99995029193815, 359.99993866693694, 359.99993866693694, 359.9999308749102, 359.9999308749102, 359.99992154189385, 359.99992154189385, 359.99991087487433, 359.99991087487433, 359.9999006659491, 359.9999006659491, 359.9998917080229, 359.9998917080229, 359.9998790830141, 359.9998790830141, 359.99986641597934, 359.99986641597934, 359.9998562069377, 359.9998562069377, 359.999843291007, 359.999843291007, 359.9998333740514, 359.9998333740514, 359.9998251659563, 359.9998251659563, 359.99981591594405, 359.99981591594405, 359.9998088319553, 359.9998088319553, 359.9998009148985, 359.9998009148985, 359.99978770688176, 359.99978770688176, 359.99978141486645, 359.99978141486645, 359.99977495591156, 359.99977495591156, 359.99976812291425, 359.99976812291425, 359.99975933192763, 359.99975933192763, 359.9997481229948, 359.9997481229948, 359.99973641498946, 359.99973641498946, 359.99972887395415, 359.99972887395415, 359.99971799901687, 359.99971799901687, 359.9997079989407, 359.9997079989407, 359.9996982489247, 359.9996982489247, 359.9996927489992, 359.9996927489992, 359.9996872070478, 359.9996872070478, 359.9996801230591, 359.9996801230591, 359.99967399809975, 359.99967399809975, 359.9996661650948, 359.9996661650948, 359.99965849809814, 359.99965849809814, 359.99965249805246, 359.99965249805246, 359.99964491510764, 359.99964491510764, 359.9996392901521, 359.9996392901521, 359.999632665189, 359.999632665189, 359.9996273322031], "rat_caught": [false, false, false, false, false, false, false, false, false, false, false, false, false, false, false, false, false, false, false, false, false, false, false, false, false, false, false, false, false, false, false, false, false, false, false, false, false, false, false, false, false, false, false, false, false, false, false, false, false, false, false, false, false, false, false, false, false, false, false, false, false, false, false, false, false, false, false, false, false, false, false, false, false, false, false, false, false, false, false, false], "left_behind": ["plain", "plain", "prime", "prime", "plain", "prime", "prime", "plain", "carpet", "prime", "plain", "carpet", "carpet", "plain", "plain", "carpet", "plain", "plain", "plain", "prime", "prime", "plain", "carpet", "plain", "plain", "plain", "plain", "plain", "prime", "carpet", "plain", "plain", "prime", "plain", "plain", "plain", "plain", "plain", "prime", "plain", "plain", "prime", "carpet", "carpet", "plain", "plain", "plain", "plain", "plain", "plain", "carpet", "plain", "plain", "plain", "plain", "plain", "plain", "plain", "plain", "plain", "plain", "plain", "plain", "plain", "carpet", "plain", "plain", "prime", "plain", "carpet", "plain", "plain", "plain", "plain", "plain", "plain", "plain", "plain", "prime", "plain"], "errlog_a": "gg, the rat never stood a chance", "errlog_b": "", "start_time": 360, "start_moves": 80, "turn_count": 80, "result": 2, "reason": "POINTS", "trapdoors": [[3, 2], [3, 2], [3, 3], [3, 3], [3, 4], [3, 4], [3, 4], [3, 5], [2, 5], [2, 5], [2, 5], [2, 5], [1, 5], [1, 5], [1, 5], [1, 5], [1, 5], [1, 5], [1, 5], [1, 4], [1, 4], [1, 4], [1, 4], [1, 3], [1, 4], [1, 4], [1, 4], [1, 3], [1, 4], [1, 3], [1, 3], [1, 3], [1, 3], [1, 3], [1, 3], [1, 3], [1, 3], [1, 3], [1, 3], [1, 3], [1, 3], [1, 2], [1, 2], [1, 2], [1, 2], [1, 3], [1, 3], [1, 3], [1, 4], [1, 4], [1, 4], [1, 4], [1, 4], [1, 3], [1, 3], [1, 4], [1, 4], [1, 4], [1, 4], [1, 4], [1, 4], [1, 3], [1, 3], [1, 3], [1, 3], [1, 3], [1, 3], [1, 3], [1, 4], [1, 4], [1, 3], [1, 2], [1, 2], [1, 2], [1, 3], [1, 3], [1, 3], [1, 3], [1, 3], [1, 2], [1, 2]], "spawn_a": [2, 3], "spawn_b": [5, 3]}