{"pos": [[3, 3], [4, 3], [2, 3], [4, 2], [3, 3], [3, 2], [4, 3], [2, 2], [3, 3], [3, 2], [3, 4], [4, 2], [4, 4], [5, 2], [4, 5], [4, 2], [4, 6], [4, 1], [4, 7], [3, 1], [4, 6], [3, 2], [4, 5], [2, 2], [5, 5], [1, 2], [5, 4], [2, 2], [6, 4], [2, 3], [7, 4], [3, 3], [7, 3], [3, 2], [7, 4], [4, 2], [6, 4], [5, 2], [6, 5], [4, 2], [6, 4], [5, 2], [5, 4], [5, 1], [5, 3], [5, 2], [5, 4], [5, 1], [5, 3], [5, 0], [5, 2], [5, 1], [4, 2], [3, 1], [4, 1], [3, 0], [3, 1], [4, 0], [3, 0], [4, 1], [3, 1], [4, 0], [4, 1], [5, 0], [4, 2], [5, 1], [3, 2], [5, 0], [3, 1], [5, 1], [3, 0], [4, 1], [3, 1], [4, 2], [3, 2], [5, 2], [3, 1], [5, 1], [4, 1], [5, 0]], "a_points": [0, 0, 1, 1, 0, 0, -1, -1, -1, -1, -1, -1, 0, 0, 0, 0, 1, 1, 1, 1, 2, 2, 1, 1, 1, 1, 2, 2, 3, 3, 3, 3, 4, 4, 3, 3, 3, 3, 4, 4, 3, 3, 2, 2, 1, 1, 1, 1, 1, 1, 1, 1, 1, 1, 1, 1, 1, 1, 0, 0, 0, 0, 0, 0, 0, 0, -1, -1, -1, -1, -1, -1, -1, -1, -1, -1, -1, -1, -1, -1], "b_points": [0, 1, 1, 2, 2, 3, 3, 3, 3, 4, 4, 3, 3, 3, 3, 3, 3, 3, 3, 4, 4, 5, 5, 4, 4, 4, 4, 5, 5, 5, 5, 5, 5, 5, 5, 6, 6, 6, 6, 7, 7, 6, 6, 6, 6, 6, 6, 6, 6, 7, 7, 6, 6, 8, 8, 8, 8, 9, 9, 9, 9, 9, 9, 10, 10, 10, 10, 10, 10, 10, 10, 10, 10, 10, 10, 10, 10, 10, 10, 10], "a_turns_left": [39, 39, 38, 38, 37, 37, 36, 36, 35, 35, 34, 34, 33, 33, 32, 32, 31, 31, 30, 30, 29, 29, 28, 28, 27, 27, 26, 26, 25, 25, 24, 24, 23, 23, 22, 22, 21, 21, 20, 20, 19, 19, 18, 18, 17, 17, 16, 16, 15, 15, 14, 14, 13, 13, 12, 12, 11, 11, 10, 10, 9, 9, 8, 8, 7, 7, 6, 6, 5, 5, 4, 4, 3, 3, 2, 2, 1, 1, 0, 0], "b_turns_left": [40, 39, 39, 38, 38, 37, 37, 36, 36, 35, 35, 34, 34, 33, 33, 32, 32, 31, 31, 30, 30, 29, 29, 28, 28, 27, 27, 26, 26, 25, 25, 24, 24, 23, 23, 22, 22, 21, 21, 20, 20, 19, 19, 18, 18, 17, 17, 16, 16, 15, 15, 14, 14, 13, 13, 12, 12, 11, 11, 10, 10, 9, 9, 8, 8, 7, 7, 6, 6, 5, 5, 4, 4, 3, 3, 2, 2, 1, 1, 0], "a_time_left": [359.9998855839949, 359.9998855839949, 359.9998209999176, 359.9998209999176, 359.9997511669062, 359.9997511669062, 359.9996881248662, 359.9996881248662, 359.99963212478906, 359.99963212478906, 359.9995768747758, 359.9995768747758, 359.99952424969524, 359.99952424969524, 359.99945104075596, 359.99945104075596, 359.9993897487875, 359.9993897487875, 359.99933029082604, 359.99933029082604, 359.99928054073825, 359.99928054073825, 359.9992223737063, 359.9992223737063, 359.99917345668655, 359.99917345668655, 359.99912487366237, 359.99912487366237, 359.99906728975475, 359.99906728975475, 359.9990120397415, 359.9990120397415, 359.9989597897511, 359.9989597897511, 359.99891103967093, 359.99891103967093, 359.9988514566794, 359.9988514566794, 359.99879666476045, 359.99879666476045, 359.99873508082237, 359.99873508082237, 359.9986783307977, 359.9986783307977, 359.99862858082633, 359.99862858082633, 359.99856662284583, 359.99856662284583, 359.99849099782296, 359.99849099782296, 359.9984392058104, 359.9984392058104, 359.99838028871454, 359.99838028871454, 359.99831503862515, 359.99831503862515, 359.9982549556298, 359.9982549556298, 359.99817733070813, 359.99817733070813, 359.99811524769757, 359.99811524769757, 359.9980574976653, 359.9980574976653, 359.997993205674, 359.997993205674, 359.99794108059723, 359.99794108059723, 359.99789008055814, 359.99789008055814, 359.9978363305563, 359.9978363305563, 359.99778683064505, 359.99778683064505, 359.99773366365116, 359.99773366365116, 359.9976843306795, 359.9976843306795, 359.99763562262524, 359.99763562262524], "b_time_left": [360, 359.9999818330398, 359.9999818330398, 359.99996766704135, 359.99996766704135, 359.99995662504807, 359.99995662504807, 359.9999479580438, 359.9999479580438, 359.9999392910395, 359.9999392910395, 359.99993000004906, 359.99993000004906, 359.99992295808624, 359.99992295808624, 359.99991362402216, 359.99991362402216, 359.9999041239498, 359.9999041239498, 359.99989499896765, 359.99989499896765, 359.9998837489402, 359.9998837489402, 359.9998744149925, 359.9998744149925, 359.9998675399693, 359.9998675399693, 359.99986020696815, 359.99986020696815, 359.9998536228668, 359.9998536228668, 359.9998457059264, 359.9998457059264, 359.99983808095567, 359.99983808095567, 359.999830246903, 359.999830246903, 359.9998224140145, 359.9998224140145, 359.99981508101337, 359.99981508101337, 359.99980728898663, 359.99980728898663, 359.9998012059368, 359.9998012059368, 359.99979208083823, 359.99979208083823, 359.9997796647949, 359.9997796647949, 359.9997694147751, 359.9997694147751, 359.99976187373977, 359.99976187373977, 359.99975195666775, 359.99975195666775, 359.9997444986366, 359.9997444986366, 359.99973045662045, 359.99973045662045, 359.99971928971354, 359.99971928971354, 359.99971203971654, 359.99971203971654, 359.9997002896853, 359.9997002896853, 359.9996930806665, 359.9996930806665, 359.99968695559073, 359.99968695559073, 359.9996774146566, 359.9996774146566, 359.9996706646634, 359.9996706646634, 359.9996640806785, 359.9996640806785, 359.9996582895983, 359.9996582895983, 359.999652705621, 359.999652705621, 359.99964574654587], "rat_caught": [false, false, false, false, false, false, false, false, false, false, false, false, false, false, false, false, false, false, false, false, false, false, false, false, false, false, false, false, false, false, false, false, false, false, false, false, false, false, false, false, false, false, false, false, false, false, false, false, false, false, false, false, false, false, false, false, false, false, false, false, false, false, false, false, false, false, false, false, false, false, false, false, false, false, false, false, false, false, false, false], "left_behind": ["plain", "prime", "prime", "prime", "carpet", "prime", "carpet", "plain", "plain", "prime", "plain", "carpet", "prime", "plain", "plain", "plain", "prime", "plain", "plain", "prime", "prime", "prime", "carpet", "carpet", "plain", "plain", "prime", "prime", "prime", "plain", "plain", "plain", "prime", "plain", "carpet", "prime", "plain", "plain", "prime", "prime", "carpet", "carpet", "carpet", "plain", "carpet", "plain", "plain", "plain", "plain", "prime", "plain", "carpet", "plain", "carpet", "plain", "plain", "plain", "prime", "carpet", "plain", "plain", "plain", "plain", "prime", "plain", "plain", "carpet", "plain", "plain", "plain", "plain", "plain", "plain", "plain", "plain", "plain", "plain", "plain", "plain", "plain"], "errlog_a": "gg, the rat never stood a chance", "errlog_b": "", "start_time": 360, "start_moves": 80, "turn_count": 80, "result": 1, "reason": "POINTS", "trapdoors": [[3, 5], [3, 5], [3, 5], [3, 6], [3, 6], [3, 6], [3, 6], [3, 6], [4, 6], [4, 6], [4, 7], [4, 7], [4, 7], [4, 7], [5, 7], [5, 7], [5, 7], [5, 7], [5, 7], [5, 7], [5, 7], [5, 7], [5, 6], [6, 6], [6, 6], [6, 6], [6, 6], [6, 5], [6, 5], [6, 5], [6, 5], [6, 5], [6, 5], [5, 5], [5, 5], [5, 5], [5, 6], [5, 6], [5, 6], [5, 6], [5, 5], [5, 5], [5, 5], [4, 5], [4, 5], [4, 5], [4, 5], [4, 5], [4, 5], [4, 5], [4, 4], [4, 4], [5, 4], [4, 4], [4, 4], [4, 5], [4, 6], [4, 6], [4, 6], [3, 6], [3, 6], [3, 6], [3, 6], [3, 6], [3, 6], [3, 6], [3, 6], [3, 7], [3, 7], [3, 7], [2, 7], [2, 7], [2, 7], [1, 7], [1, 7], [2, 7], [2, 7], [2, 7], [2, 7], [2, 7], [2, 7]], "spawn_a": [2, 3], "spawn_b": [5, 3]}