{"pos": [[3, 4], [6, 4], [3, 3], [7, 4], [3, 2], [7, 5], [2, 2], [7, 4], [2, 3], [7, 3], [3, 3], [6, 3], [3, 4], [7, 3], [3, 3], [7, 4], [3, 4], [7, 5], [4, 4], [6, 5], [4, 5], [5, 5], [4, 4], [4, 5], [5, 4], [4, 6], [5, 3], [3, 6], [5, 4], [3, 5], [5, 5], [3, 4], [5, 4], [2, 4], [4, 4], [2, 5], [5, 4], [1, 5], [5, 5], [0, 5], [6, 5], [0, 4], [7, 5], [0, 5], [6, 5], [1, 5], [5, 5], [0, 5], [6, 5], [0, 4], [6, 4], [0, 3], [6, 5], [0, 4], [5, 5], [0, 5], [5, 4], [1, 5], [4, 4], [1, 4], [4, 3], [1, 3], [5, 3], [0, 3], [5, 2], [0, 4], [5, 1], [0, 3], [4, 1], [0, 4], [4, 0], [0, 3], [3, 0], [1, 3], [2, 0], [1, 4], [2, 1], [0, 4], [2, 0], [1, 4]], "a_points": [1, 1, 2, 2, 3, 3, 4, 4, 5, 5, 4, 4, 3, 3, 3, 3, 3, 3, 3, 3, 3, 3, 3, 3, 2, 2, 2, 2, 2, 2, 1, 1, 1, 1, 1, 1, 2, 2, 2, 2, 2, 2, 2, 2, 2, 2, 3, 3, 2, 2, 1, 1, 1, 1, 1, 1, 1, 1, 0, 0, 0, 0, 1, 1, 1, 1, 2, 2, 2, 2, 2, 2, 3, 3, 4, 4, 5, 5, 4, 4], "b_points": [0, 1, 1, 2, 2, 2, 2, 3, 3, 4, 4, 4, 4, 5, 5, 4, 4, 3, 3, 3, 3, 3, 3, 4, 4, 4, 4, 4, 4, 5, 5, 6, 6, 5, 5, 5, 5, 5, 5, 5, 5, 6, 6, 5, 5, 5, 5, 6, 6, 6, 6, 7, 7, 6, 6, 6, 6, 5, 5, 5, 5, 6, 6, 7, 7, 8, 8, 7, 7, 7, 7, 7, 7, 6, 6, 5, 5, 5, 5, 5], "a_turns_left": [39, 39, 38, 38, 37, 37, 36, 36, 35, 35, 34, 34, 33, 33, 32, 32, 31, 31, 30, 30, 29, 29, 28, 28, 27, 27, 26, 26, 25, 25, 24, 24, 23, 23, 22, 22, 21, 21, 20, 20, 19, 19, 18, 18, 17, 17, 16, 16, 15, 15, 14, 14, 13, 13, 12, 12, 11, 11, 10, 10, 9, 9, 8, 8, 7, 7, 6, 6, 5, 5, 4, 4, 3, 3, 2, 2, 1, 1, 0, 0], "b_turns_left": [40, 39, 39, 38, 38, 37, 37, 36, 36, 35, 35, 34, 34, 33, 33, 32, 32, 31, 31, 30, 30, 29, 29, 28, 28, 27, 27, 26, 26, 25, 25, 24, 24, 23, 23, 22, 22, 21, 21, 20, 20, 19, 19, 18, 18, 17, 17, 16, 16, 15, 15, 14, 14, 13, 13, 12, 12, 11, 11, 10, 10, 9, 9, 8, 8, 7, 7, 6, 6, 5, 5, 4, 4, 3, 3, 2, 2, 1, 1, 0], "a_time_left": [359.9998897499172, 359.9998897499172, 359.9998116669012, 359.9998116669012, 359.99975483398885, 359.99975483398885, 359.99969487497583, 359.99969487497583, 359.99962087499443, 359.99962087499443, 359.9995628329925, 359.9995628329925, 359.9995083329268, 359.9995083329268, 359.9994437909918, 359.9994437909918, 359.99938758299686, 359.99938758299686, 359.9993165830383, 359.9993165830383, 359.99881474894937, 359.99881474894937, 359.99827337404713, 359.99827337404713, 359.9981657071039, 359.9981657071039, 359.99806670704857, 359.99806670704857, 359.99796124896966, 359.99796124896966, 359.99782237398904, 359.99782237398904, 359.9977204989409, 359.9977204989409, 359.9968057490187, 359.9968057490187, 359.99671287392266, 359.99671287392266, 359.9966072489042, 359.9966072489042, 359.9965139159467, 359.9965139159467, 359.9964319160208, 359.9964319160208, 359.99633799900766, 359.99633799900766, 359.99626483302563, 359.99626483302563, 359.9961941250367, 359.9961941250367, 359.99611458403524, 359.99611458403524, 359.9960305420682, 359.9960305420682, 359.9959517921088, 359.9959517921088, 359.9958772091195, 359.9958772091195, 359.99581787607167, 359.99581787607167, 359.99573008401785, 359.99573008401785, 359.9956515840022, 359.9956515840022, 359.9955540429801, 359.9955540429801, 359.99545912700705, 359.99545912700705, 359.99534208502155, 359.99534208502155, 359.9952367100632, 359.9952367100632, 359.99514816806186, 359.99514816806186, 359.9950761680957, 359.9950761680957, 359.9949953760952, 359.9949953760952, 359.99490604305174, 359.99490604305174], "b_time_left": [360, 359.9999794999603, 359.9999794999603, 359.9999656669097, 359.9999656669097, 359.99995474983007, 359.99995474983007, 359.9999456667574, 359.9999456667574, 359.99993712466676, 359.99993712466676, 359.99992599966936, 359.99992599966936, 359.99991679156665, 359.99991679156665, 359.99990958254784, 359.99990958254784, 359.9998985825805, 359.9998985825805, 359.99989120755345, 359.99989120755345, 359.9998046235414, 359.9998046235414, 359.9997843315359, 359.9997843315359, 359.9997677485226, 359.9997677485226, 359.99969566450454, 359.99969566450454, 359.9996793315513, 359.9996793315513, 359.9996614145348, 359.9996614145348, 359.9996128724888, 359.9996128724888, 359.99958233057987, 359.99958233057987, 359.9995602054987, 359.9995602054987, 359.9995419974439, 359.9995419974439, 359.99953008047305, 359.99953008047305, 359.99952133058105, 359.99952133058105, 359.9995089555159, 359.9995089555159, 359.99949745554477, 359.99949745554477, 359.9994834975805, 359.9994834975805, 359.99947249761317, 359.99947249761317, 359.9994600395439, 359.9994600395439, 359.9994466645876, 359.9994466645876, 359.99943566462025, 359.99943566462025, 359.9994249145966, 359.9994249145966, 359.99941003962886, 359.99941003962886, 359.99939720670227, 359.99939720670227, 359.9993828727165, 359.9993828727165, 359.99937062268145, 359.99937062268145, 359.99935878964607, 359.99935878964607, 359.9993430816103, 359.9993430816103, 359.99932820664253, 359.99932820664253, 359.9993187066866, 359.9993187066866, 359.99930637376383, 359.99930637376383, 359.9992953737965], "rat_caught": [false, false, false, false, false, false, false, false, false, false, false, false, false, false, false, false, false, false, false, false, false, false, false, false, false, false, false, false, false, false, false, false, false, false, false, false, false, false, false, false, false, false, false, false, false, false, false, false, false, false, false, false, false, false, false, false, false, false, false, false, false, false, false, false, false, false, false, false, false, false, false, false, false, false, false, false, false, false, false, false], "left_behind": ["prime", "prime", "prime", "prime", "prime", "plain", "prime", "prime", "prime", "prime", "carpet", "plain", "carpet", "prime", "plain", "carpet", "plain", "carpet", "plain", "plain", "plain", "plain", "plain", "prime", "carpet", "plain", "plain", "plain", "plain", "prime", "carpet", "prime", "plain", "carpet", "plain", "plain", "prime", "plain", "plain", "plain", "plain", "prime", "plain", "carpet", "plain", "plain", "prime", "prime", "carpet", "plain", "carpet", "prime", "plain", "carpet", "plain", "plain", "plain", "carpet", "carpet", "plain", "plain", "prime", "prime", "prime", "plain", "prime", "prime", "carpet", "plain", "plain", "plain", "plain", "prime", "carpet", "prime", "carpet", "prime", "plain", "carpet", "plain"], "errlog_a": "gg, the rat never stood a chance", "errlog_b": "", "start_time": 360, "start_moves": 80, "turn_count": 80, "result": 1, "reason": "POINTS", "trapdoors": [[1, 1], [1, 1], [1, 2], [1, 2], [1, 2], [1, 2], [0, 2], [0, 3], [0, 3], [0, 2], [0, 2], [0, 3], [0, 3], [0, 2], [1, 2], [1, 2], [1, 2], [1, 2], [1, 2], [1, 2], [1, 3], [2, 3], [2, 4], [1, 4], [1, 4], [1, 4], [1, 4], [1, 4], [1, 4], [1, 4], [1, 4], [1, 4], [1, 4], [1, 4], [1, 4], [0, 4], [0, 5], [0, 5], [0, 5], [0, 5], [0, 4], [0, 4], [0, 4], [0, 4], [0, 5], [0, 5], [1, 5], [2, 5], [2, 6], [2, 6], [2, 6], [2, 6], [2, 6], [2, 6], [2, 6], [2, 5], [2, 6], [3, 6], [3, 5], [2, 5], [2, 5], [2, 5], [1, 5], [0, 5], [0, 5], [0, 6], [0, 6], [0, 7], [1, 7], [1, 7], [1, 7], [2, 7], [3, 7], [4, 7], [4, 7], [4, 7], [5, 7], [5, 7], [5, 7], [5, 6], [5, 6]], "spawn_a": [2, 4], "spawn_b": [5, 4]}