{"pos": [[3, 5], [5, 4], [4, 5], [4, 4], [5, 5], [3, 4], [5, 4], [2, 4], [6, 4], [2, 3], [6, 5], [1, 3], [5, 5], [0, 3], [4, 5], [0, 2], [5, 5], [0, 3], [4, 5], [1, 3], [4, 4], [1, 2], [3, 4], [2, 2], [2, 4], [3, 2], [2, 3], [3, 3], [2, 4], [3, 4], [2, 5], [3, 5], [2, 4], [3, 6], [2, 5], [3, 7], [2, 6], [3, 6], [2, 7], [3, 5], [2, 6], [2, 5], [2, 7], [3, 5], [2, 6], [3, 6], [2, 7], [3, 5], [3, 7], [2, 5], [4, 7], [2, 6], [4, 6], [3, 6], [4, 7], [3, 7], [4, 6], [4, 7], [3, 6], [4, 6], [3, 7], [3, 6], [4, 7], [3, 5], [4, 6], [3, 4], [3, 6], [3, 3], [3, 5], [3, 2], [3, 4], [3, 1], [3, 3], [4, 1], [3, 2], [4, 0], [3, 3], [3, 0], [4, 3], [2, 0]], "a_points": [1, 1, 1, 1, 1, 1, 2, 2, 3, 3, 4, 4, 3, 3, 3, 3, 3, 3, 3, 3, 4, 4, 4, 4, 4, 4, 5, 5, 4, 4, 4, 4, 5, 5, 4, 4, 4, 4, 4, 4, 4, 4, 5, 5, 4, 4, 4, 4, 3, 3, 3, 3, 4, 4, 3, 3, 3, 3, 4, 4, 4, 4, 4, 4, 4, 4, 4, 4, 4, 4, 4, 4, 4, 4, 4, 4, 4, 4, 4, 4], "b_points": [0, 0, 0, 0, 0, -1, -1, -1, -1, -1, -1, -1, -1, -1, -1, 0, 0, -1, -1, -1, -1, 0, 0, 0, 0, 1, 1, 2, 2, 3, 3, 3, 3, 4, 4, 4, 4, 5, 5, 4, 4, 4, 4, 4, 4, 4, 4, 4, 4, 4, 4, 4, 4, 4, 4, 4, 4, 4, 4, 3, 3, 3, 3, 3, 3, 3, 3, 2, 2, 1, 1, 1, 1, 1, 1, 2, 2, 3, 3, 3], "a_turns_left": [39, 39, 38, 38, 37, 37, 36, 36, 35, 35, 34, 34, 33, 33, 32, 32, 31, 31, 30, 30, 29, 29, 28, 28, 27, 27, 26, 26, 25, 25, 24, 24, 23, 23, 22, 22, 21, 21, 20, 20, 19, 19, 18, 18, 17, 17, 16, 16, 15, 15, 14, 14, 13, 13, 12, 12, 11, 11, 10, 10, 9, 9, 8, 8, 7, 7, 6, 6, 5, 5, 4, 4, 3, 3, 2, 2, 1, 1, 0, 0], "b_turns_left": [40, 39, 39, 38, 38, 37, 37, 36, 36, 35, 35, 34, 34, 33, 33, 32, 32, 31, 31, 30, 30, 29, 29, 28, 28, 27, 27, 26, 26, 25, 25, 24, 24, 23, 23, 22, 22, 21, 21, 20, 20, 19, 19, 18, 18, 17, 17, 16, 16, 15, 15, 14, 14, 13, 13, 12, 12, 11, 11, 10, 10, 9, 9, 8, 8, 7, 7, 6, 6, 5, 5, 4, 4, 3, 3, 2, 2, 1, 1, 0], "a_time_left": [359.99997166590765, 359.99997166590765, 359.99995354097337, 359.99995354097337, 359.9999400828965, 359.9999400828965, 359.99993054091465, 359.99993054091465, 359.99991870787926, 359.99991870787926, 359.99990491592325, 359.99990491592325, 359.99989595799707, 359.99989595799707, 359.9998872919241, 359.9998872919241, 359.9998732509557, 359.9998732509557, 359.99986337602604, 359.99986337602604, 359.99985291808844, 359.99985291808844, 359.99984308402054, 359.99984308402054, 359.9998330010567, 359.9998330010567, 359.99982275103685, 359.99982275103685, 359.9998122929828, 359.9998122929828, 359.99980479304213, 359.99980479304213, 359.9997954600258, 359.9997954600258, 359.99978646007366, 359.99978646007366, 359.9997802519938, 359.9997802519938, 359.99977295997087, 359.99977295997087, 359.9997659189394, 359.9997659189394, 359.99975641898345, 359.99975641898345, 359.99974962696433, 359.99974962696433, 359.9997439609142, 359.9997439609142, 359.99973750289064, 359.99973750289064, 359.99973004485946, 359.99973004485946, 359.9997198788915, 359.9997198788915, 359.9997121709166, 359.9997121709166, 359.9997050879756, 359.9997050879756, 359.9996987549821, 359.9996987549821, 359.9996920459671, 359.9996920459671, 359.9996862959815, 359.9996862959815, 359.999680838082, 359.999680838082, 359.99966958805453, 359.99966958805453, 359.9996622130275, 359.9996622130275, 359.99965587898623, 359.99965587898623, 359.999650004087, 359.999650004087, 359.9996437950758, 359.9996437950758, 359.9996371290181, 359.9996371290181, 359.99962771194987, 359.99962771194987], "b_time_left": [360, 359.9998872919241, 359.9998872919241, 359.99981174990535, 359.99981174990535, 359.99972591688856, 359.99972591688856, 359.99965845793486, 359.99965845793486, 359.999599832925, 359.999599832925, 359.9995321658207, 359.9995321658207, 359.9994769998593, 359.9994769998593, 359.9993966658367, 359.9993966658367, 359.9993257907918, 359.9993257907918, 359.99924904073123, 359.99924904073123, 359.99918670777697, 359.99918670777697, 359.99911095772404, 359.99911095772404, 359.9990491246572, 359.9990491246572, 359.99898329167627, 359.99898329167627, 359.9989267915953, 359.9989267915953, 359.99886816658545, 359.99886816658545, 359.998787332559, 359.998787332559, 359.9987293735612, 359.9987293735612, 359.99867841461673, 359.99867841461673, 359.9986217896221, 359.9986217896221, 359.9985531226266, 359.9985531226266, 359.99850137264, 359.99850137264, 359.9984514146345, 359.9984514146345, 359.99840108060744, 359.99840108060744, 359.9983344555367, 359.9983344555367, 359.9982826214982, 359.9982826214982, 359.99822066247, 359.99822066247, 359.9981578714214, 359.9981578714214, 359.9981104123872, 359.9981104123872, 359.9980572874192, 359.9980572874192, 359.99800482939463, 359.99800482939463, 359.99795237148646, 359.99795237148646, 359.9978849545587, 359.9978849545587, 359.9978274545865, 359.9978274545865, 359.9977725376375, 359.9977725376375, 359.9977210375946, 359.9977210375946, 359.9976733296644, 359.9976733296644, 359.9976228706073, 359.9976228706073, 359.99757320364006, 359.99757320364006, 359.99751228664536], "rat_caught": [false, false, false, false, false, false, false, false, false, false, false, false, false, false, false, false, false, false, false, false, false, false, false, false, false, false, false, false, false, false, false, false, false, false, false, false, false, false, false, false, false, false, false, false, false, false, false, false, false, false, false, false, false, false, false, false, false, false, false, false, false, false, false, false, false, false, false, false, false, false, false, false, false, false, false, false, false, false, false, false], "left_behind": ["prime", "plain", "plain", "plain", "plain", "carpet", "prime", "plain", "prime", "plain", "prime", "plain", "carpet", "plain", "plain", "prime", "plain", "carpet", "plain", "plain", "prime", "prime", "plain", "plain", "plain", "prime", "prime", "prime", "carpet", "prime", "plain", "plain", "prime", "prime", "carpet", "plain", "plain", "prime", "plain", "carpet", "plain", "plain", "prime", "plain", "carpet", "plain", "plain", "plain", "carpet", "plain", "plain", "plain", "prime", "plain", "carpet", "plain", "plain", "plain", "prime", "carpet", "plain", "plain", "plain", "plain", "plain", "plain", "plain", "carpet", "plain", "carpet", "plain", "plain", "plain", "plain", "plain", "prime", "plain", "prime", "plain", "plain"], "errlog_a": "", "errlog_b": "gg, the rat never stood a chance", "start_time": 360, "start_moves": 80, "turn_count": 80, "result": 0, "reason": "POINTS", "trapdoors": [[0, 5], [0, 6], [0, 5], [0, 5], [0, 5], [0, 5], [0, 4], [0, 4], [0, 3], [0, 3], [0, 2], [0, 2], [0, 1], [1, 1], [1, 0], [2, 0], [2, 0], [1, 0], [2, 0], [2, 1], [2, 0], [2, 0], [2, 0], [2, 0], [2, 0], [2, 1], [2, 1], [2, 1], [2, 1], [2, 2], [2, 2], [2, 2], [2, 2], [2, 2], [2, 2], [2, 2], [3, 2], [3, 2], [3, 2], [3, 3], [3, 4], [3, 5], [3, 5], [3, 6], [3, 6], [3, 6], [3, 6], [3, 6], [3, 6], [2, 6], [2, 6], [1, 6], [1, 6], [1, 5], [1, 5], [1, 5], [1, 5], [1, 5], [1, 5], [0, 5], [0, 5], [0, 5], [0, 5], [0, 5], [0, 4], [0, 4], [0, 3], [0, 2], [0, 1], [0, 1], [0, 1], [0, 1], [1, 1], [1, 2], [1, 2], [1, 2], [1, 3], [1, 2], [1, 2], [0, 2], [0, 1]], "spawn_a": [3, 4], "spawn_b": [4, 4]}