{"pos": [[1, 4], [5, 3], [2, 4], [5, 4], [2, 3], [5, 5], [1, 3], [5, 4], [0, 3], [5, 3], [1, 3], [5, 4], [2, 3], [4, 4], [2, 4], [5, 4], [2, 5], [4, 4], [3, 5], [3, 4], [2, 5], [3, 5], [1, 5], [4, 5], [1, 4], [3, 5], [1, 3], [2, 5], [1, 4], [1, 5], [2, 4], [0, 5], [2, 3], [1, 5], [1, 3], [2, 5], [0, 3], [2, 4], [0, 4], [1, 4], [0, 5], [1, 5], [0, 4], [0, 5], [1, 4], [1, 5], [0, 4], [0, 5], [1, 4], [0, 4], [2, 4], [0, 3], [2, 5], [0, 4], [2, 4], [0, 5], [2, 5], [1, 5], [2, 4], [2, 5], [3, 4], [1, 5], [3, 3], [2, 5], [3, 2], [3, 5], [3, 1], [2, 5], [3, 3], [1, 5], [4, 3], [1, 4], [3, 3], [1, 5], [4, 3], [1, 4], [4, 5], [2, 4], [4, 6], [2, 5]], "a_points": [1, 1, 0, 0, 0, 0, 1, 1, 2, 2, 1, 1, 0, 0, 0, 0, 0, 0, 0, 0, 1, 1, 2, 2, 2, 2, 2, 2, 2, 2, 2, 2, 2, 2, 2, 2, 2, 2, 3, 3, 4, 4, 3, 3, 2, 2, 2, 2, 2, 2, 2, 2, 2, 2, 2, 2, 2, 2, 2, 2, 2, 2, 3, 3, 4, 4, 5, 5, 7, 7, 7, 7, 7, 7, 7, 7, 9, 9, 9, 9], "b_points": [0, 0, 0, 0, 0, 1, 1, 0, 0, 0, 0, 0, 0, 0, 0, 0, 0, 0, 0, 1, 1, 0, 0, 0, 0, 1, 1, 0, 0, 0, 0, 1, 1, 0, 0, 0, 0, 0, 0, 0, 0, 1, 1, 1, 1, 1, 1, 1, 1, 1, 1, 0, 0, 0, 0, 0, 0, 1, 1, 1, 1, 1, 1, 1, 1, 1, 1, 1, 1, 1, 1, 1, 1, 1, 1, 1, 1, 1, 1, 1], "a_turns_left": [39, 39, 38, 38, 37, 37, 36, 36, 35, 35, 34, 34, 33, 33, 32, 32, 31, 31, 30, 30, 29, 29, 28, 28, 27, 27, 26, 26, 25, 25, 24, 24, 23, 23, 22, 22, 21, 21, 20, 20, 19, 19, 18, 18, 17, 17, 16, 16, 15, 15, 14, 14, 13, 13, 12, 12, 11, 11, 10, 10, 9, 9, 8, 8, 7, 7, 6, 6, 5, 5, 4, 4, 3, 3, 2, 2, 1, 1, 0, 0], "b_turns_left": [40, 39, 39, 38, 38, 37, 37, 36, 36, 35, 35, 34, 34, 33, 33, 32, 32, 31, 31, 30, 30, 29, 29, 28, 28, 27, 27, 26, 26, 25, 25, 24, 24, 23, 23, 22, 22, 21, 21, 20, 20, 19, 19, 18, 18, 17, 17, 16, 16, 15, 15, 14, 14, 13, 13, 12, 12, 11, 11, 10, 10, 9, 9, 8, 8, 7, 7, 6, 6, 5, 5, 4, 4, 3, 3, 2, 2, 1, 1, 0], "a_time_left": [359.9999779580394, 359.9999779580394, 359.99996429204475, 359.99996429204475, 359.9999547919724, 359.9999547919724, 359.99994420900475, 359.99994420900475, 359.9999341259245, 359.9999341259245, 359.99992441688664, 359.99992441688664, 359.99991399992723, 359.99991399992723, 359.9999037908856, 359.9999037908856, 359.999896206893, 359.999896206893, 359.9998867488466, 359.9998867488466, 359.9998789988458, 359.9998789988458, 359.9998721658485, 359.9998721658485, 359.99985991581343, 359.99985991581343, 359.999850624823, 359.999850624823, 359.9998438748298, 359.9998438748298, 359.9998359158635, 359.9998359158635, 359.9998283328023, 359.9998283328023, 359.9998208327452, 359.9998208327452, 359.99981012381613, 359.99981012381613, 359.99979954084847, 359.99979954084847, 359.9997896659188, 359.9997896659188, 359.9997828738997, 359.9997828738997, 359.9997760829283, 359.9997760829283, 359.9997704579728, 359.9997704579728, 359.9997637079796, 359.9997637079796, 359.99975445796736, 359.99975445796736, 359.9997472499963, 359.9997472499963, 359.99973995797336, 359.99973995797336, 359.999733707984, 359.999733707984, 359.9997283749981, 359.9997283749981, 359.9997192500159, 359.9997192500159, 359.9997109589167, 359.9997109589167, 359.9997034588596, 359.9997034588596, 359.99969583388884, 359.99969583388884, 359.99968837585766, 359.99968837585766, 359.9996807099087, 359.9996807099087, 359.9996725008823, 359.9996725008823, 359.99966154189315, 359.99966154189315, 359.9996527918847, 359.9996527918847, 359.99964295793325, 359.99964295793325], "b_time_left": [360, 359.99989295902196, 359.99989295902196, 359.9998152090702, 359.9998152090702, 359.99975383398123, 359.99975383398123, 359.99969175097067, 359.99969175097067, 359.99964358401485, 359.99964358401485, 359.9995796249714, 359.9995796249714, 359.99952462501824, 359.99952462501824, 359.9994689581217, 359.9994689581217, 359.99940883310046, 359.99940883310046, 359.99934812507126, 359.99934812507126, 359.99929495807737, 359.99929495807737, 359.9992162080016, 359.9992162080016, 359.99915929092094, 359.99915929092094, 359.99910537491087, 359.99910537491087, 359.9990458339453, 359.9990458339453, 359.9989919589134, 359.9989919589134, 359.9989271669183, 359.9989271669183, 359.9988664999837, 359.9988664999837, 359.9987772909226, 359.9987772909226, 359.9987188739469, 359.9987188739469, 359.9986674989341, 359.9986674989341, 359.99861079093534, 359.99861079093534, 359.9985555409221, 359.9985555409221, 359.9984972489765, 359.9984972489765, 359.9984496649122, 359.9984496649122, 359.99839291500393, 359.99839291500393, 359.9983405820094, 359.9983405820094, 359.9982857070863, 359.9982857070863, 359.99822149809916, 359.99822149809916, 359.9981680820929, 359.9981680820929, 359.99810845719185, 359.99810845719185, 359.9980550821638, 359.9980550821638, 359.9980074571213, 359.9980074571213, 359.9979572901502, 359.9979572901502, 359.9979098731419, 359.9979098731419, 359.99786258209497, 359.99786258209497, 359.99780212319456, 359.99780212319456, 359.99774395721033, 359.99774395721033, 359.9976812901441, 359.9976812901441, 359.9976000401657], "rat_caught": [false, false, false, false, false, false, false, false, false, false, false, false, false, false, false, false, false, false, false, false, false, false, false, false, false, false, false, false, false, false, false, false, false, false, false, false, false, false, false, false, false, false, false, false, false, false, false, false, false, false, false, false, false, false, false, false, false, false, false, false, false, false, false, false, false, false, false, false, false, false, false, false, false, false, false, false, false, false, false, false], "left_behind": ["prime", "plain", "carpet", "plain", "plain", "prime", "prime", "carpet", "prime", "plain", "carpet", "plain", "carpet", "plain", "plain", "plain", "plain", "plain", "plain", "prime", "prime", "carpet", "prime", "plain", "plain", "prime", "plain", "carpet", "plain", "plain", "plain", "prime", "plain", "carpet", "plain", "plain", "plain", "plain", "prime", "plain", "prime", "prime", "carpet", "plain", "carpet", "plain", "plain", "plain", "plain", "plain", "plain", "carpet", "plain", "plain", "plain", "plain", "plain", "prime", "plain", "plain", "plain", "plain", "prime", "plain", "prime", "plain", "prime", "plain", "carpet", "plain", "plain", "plain", "plain", "plain", "plain", "plain", "carpet", "plain", "plain", "plain"], "errlog_a": "", "errlog_b": "gg, the rat never stood a chance", "start_time": 360, "start_moves": 80, "turn_count": 80, "result": 0, "reason": "POINTS", "trapdoors": [[1, 3], [1, 3], [1, 4], [1, 4], [1, 5], [0, 5], [0, 5], [0, 5], [0, 6], [0, 6], [0, 7], [0, 7], [0, 7], [0, 7], [1, 7], [1, 7], [1, 7], [2, 7], [3, 7], [3, 7], [3, 7], [2, 7], [2, 6], [2, 6], [2, 6], [2, 6], [2, 6], [2, 6], [2, 6], [2, 6], [2, 6], [2, 6], [2, 6], [2, 6], [2, 7], [2, 6], [2, 5], [2, 5], [2, 4], [2, 4], [2, 4], [1, 4], [0, 4], [0, 4], [0, 5], [0, 5], [0, 5], [0, 5], [0, 5], [0, 5], [0, 5], [1, 5], [1, 6], [2, 6], [2, 6], [2, 6], [2, 6], [2, 6], [2, 7], [2, 7], [2, 7], [3, 7], [3, 7], [3, 7], [3, 7], [4, 7], [4, 6], [4, 6], [5, 6], [5, 6], [5, 5], [5, 5], [4, 5], [4, 5], [4, 5], [4, 5], [4, 5], [4, 5], [4, 5], [4, 5], [4, 5]], "spawn_a": [2, 4], "spawn_b": [5, 4]}