{"pos": [[3, 5], [5, 4], [3, 4], [5, 5], [3, 5], [5, 6], [3, 6], [5, 7], [4, 6], [5, 6], [4, 5], [5, 7], [5, 5], [4, 7], [4, 5], [5, 7], [3, 5], [4, 7], [2, 5], [4, 6], [2, 4], [4, 7], [2, 3], [3, 7], [2, 2], [3, 6], [3, 2], [3, 5], [3, 3], [3, 6], [4, 3], [2, 6], [3, 3], [3, 6], [3, 4], [3, 7], [4, 4], [4, 7], [3, 4], [3, 7], [2, 4], [2, 7], [1, 4], [3, 7], [2, 4], [2, 7], [3, 4], [2, 6], [2, 4], [2, 5], [1, 4], [2, 4], [1, 5], [1, 4], [0, 5], [2, 4], [0, 4], [1, 4], [0, 3], [1, 3], [0, 2], [2, 3], [0, 3], [2, 4], [0, 4], [2, 5], [0, 3], [2, 4], [1, 3], [2, 5], [0, 3], [3, 5], [0, 4], [4, 5], [0, 5], [3, 5], [0, 4], [3, 4], [1, 4], [3, 3]], "a_points": [1, 1, 0, 0, 0, 0, 0, 0, 0, 0, 0, 0, -1, -1, -1, -1, 0, 0, 1, 1, 1, 1, 2, 2, 2, 2, 2, 2, 3, 3, 3, 3, 4, 4, 4, 4, 4, 4, 4, 4, 3, 3, 3, 3, 3, 3, 3, 3, 3, 3, 3, 3, 3, 3, 4, 4, 4, 4, 4, 4, 4, 4, 4, 4, 4, 4, 5, 5, 4, 4, 4, 4, 3, 3, 3, 3, 3, 3, 3, 3], "b_points": [0, 0, 0, 0, 0, 1, 1, 2, 2, 1, 1, 1, 1, 1, 1, 1, 1, 2, 2, 3, 3, 2, 2, 2, 2, 3, 3, 2, 2, 2, 2, 3, 3, 2, 2, 1, 1, 1, 1, 1, 1, 1, 1, 2, 2, 1, 1, 1, 1, 1, 1, 1, 1, 1, 1, 2, 2, 1, 1, 1, 1, 2, 2, 2, 2, 2, 2, 2, 2, 2, 2, 2, 2, 1, 1, 1, 1, 1, 1, 1], "a_turns_left": [39, 39, 38, 38, 37, 37, 36, 36, 35, 35, 34, 34, 33, 33, 32, 32, 31, 31, 30, 30, 29, 29, 28, 28, 27, 27, 26, 26, 25, 25, 24, 24, 23, 23, 22, 22, 21, 21, 20, 20, 19, 19, 18, 18, 17, 17, 16, 16, 15, 15, 14, 14, 13, 13, 12, 12, 11, 11, 10, 10, 9, 9, 8, 8, 7, 7, 6, 6, 5, 5, 4, 4, 3, 3, 2, 2, 1, 1, 0, 0], "b_turns_left": [40, 39, 39, 38, 38, 37, 37, 36, 36, 35, 35, 34, 34, 33, 33, 32, 32, 31, 31, 30, 30, 29, 29, 28, 28, 27, 27, 26, 26, 25, 25, 24, 24, 23, 23, 22, 22, 21, 21, 20, 20, 19, 19, 18, 18, 17, 17, 16, 16, 15, 15, 14, 14, 13, 13, 12, 12, 11, 11, 10, 10, 9, 9, 8, 8, 7, 7, 6, 6, 5, 5, 4, 4, 3, 3, 2, 2, 1, 1, 0], "a_time_left": [359.99996645806823, 359.99996645806823, 359.9999504580628, 359.9999504580628, 359.9999350410653, 359.9999350410653, 359.99992179102264, 359.99992179102264, 359.999909624923, 359.999909624923, 359.9998982909601, 359.9998982909601, 359.9998844990041, 359.9998844990041, 359.9998695399845, 359.9998695399845, 359.9998544990085, 359.9998544990085, 359.9998312899843, 359.9998312899843, 359.999816331896, 359.999816331896, 359.9997974988073, 359.9997974988073, 359.9997802908765, 359.9997802908765, 359.9997627498815, 359.9997627498815, 359.99974066682626, 359.99974066682626, 359.9997202497907, 359.9997202497907, 359.99969758372754, 359.99969758372754, 359.9996825418202, 359.9996825418202, 359.9996713747969, 359.9996713747969, 359.9996602497995, 359.9996602497995, 359.999646666809, 359.999646666809, 359.999635500717, 359.999635500717, 359.9996261256747, 359.9996261256747, 359.9996168346843, 359.9996168346843, 359.99960933462717, 359.99960933462717, 359.9996023765998, 359.9996023765998, 359.9995887934929, 359.9995887934929, 359.99957808549516, 359.99957808549516, 359.9995654184604, 359.9995654184604, 359.99955171043985, 359.99955171043985, 359.9995358774904, 359.9995358774904, 359.9995210855268, 359.9995210855268, 359.99948500155006, 359.99948500155006, 359.9994644174585, 359.9994644174585, 359.9994492504047, 359.9994492504047, 359.99943604145665, 359.99943604145665, 359.9994191664737, 359.9994191664737, 359.9994074164424, 359.9994074164424, 359.99939641647507, 359.99939641647507, 359.9993855415378, 359.9993855415378], "b_time_left": [360, 359.999888917082, 359.999888917082, 359.99978287599515, 359.99978287599515, 359.9996926259482, 359.9996926259482, 359.99961700104177, 359.99961700104177, 359.99953958403785, 359.99953958403785, 359.99945179198403, 359.99945179198403, 359.99935966695193, 359.99935966695193, 359.99926791701, 359.99926791701, 359.9991780840792, 359.9991780840792, 359.99907908402383, 359.99907908402383, 359.99890445906203, 359.99890445906203, 359.99865583411884, 359.99865583411884, 359.99855595908593, 359.99855595908593, 359.9982718761312, 359.9982718761312, 359.9980135851074, 359.9980135851074, 359.9978593350388, 359.9978593350388, 359.9977612521034, 359.9977612521034, 359.9976513350848, 359.9976513350848, 359.9975659601623, 359.9975659601623, 359.9974757931195, 359.9974757931195, 359.9973901681369, 359.9973901681369, 359.9973262931453, 359.9973262931453, 359.99727108411025, 359.99727108411025, 359.9971960001858, 359.9971960001858, 359.9971217501443, 359.9971217501443, 359.99706170812715, 359.99706170812715, 359.9969837081153, 359.9969837081153, 359.9969045420876, 359.9969045420876, 359.9968257920118, 359.9968257920118, 359.99673345906194, 359.99673345906194, 359.9966485010227, 359.9966485010227, 359.9955666679889, 359.9955666679889, 359.99544787593186, 359.99544787593186, 359.99532937596086, 359.99532937596086, 359.99523887597024, 359.99523887597024, 359.9951412099181, 359.9951412099181, 359.9950462098932, 359.9950462098932, 359.99496220995206, 359.99496220995206, 359.9948852099478, 359.9948852099478, 359.99480441899505], "rat_caught": [false, false, false, false, false, false, false, false, false, false, false, false, false, false, false, false, false, false, false, false, false, false, false, false, false, false, false, false, false, false, false, false, false, false, false, false, false, false, false, false, false, false, false, false, false, false, false, false, false, false, false, false, false, false, false, false, false, false, false, false, false, false, false, false, false, false, false, false, false, false, false, false, false, false, false, false, false, false, false, false], "left_behind": ["prime", "plain", "carpet", "plain", "plain", "prime", "plain", "prime", "plain", "carpet", "plain", "plain", "carpet", "plain", "plain", "plain", "prime", "prime", "prime", "prime", "plain", "carpet", "prime", "plain", "plain", "prime", "plain", "carpet", "prime", "plain", "plain", "prime", "prime", "carpet", "plain", "carpet", "plain", "plain", "plain", "plain", "carpet", "plain", "plain", "prime", "plain", "carpet", "plain", "plain", "plain", "plain", "plain", "plain", "plain", "plain", "prime", "prime", "plain", "carpet", "plain", "plain", "plain", "prime", "plain", "plain", "plain", "plain", "prime", "plain", "carpet", "plain", "plain", "plain", "carpet", "carpet", "plain", "plain", "plain", "plain", "plain", "plain"], "errlog_a": "", "errlog_b": "gg, the rat never stood a chance", "start_time": 360, "start_moves": 80, "turn_count": 80, "result": 0, "reason": "POINTS", "trapdoors": [[6, 4], [6, 4], [6, 3], [6, 3], [6, 3], [6, 3], [6, 3], [6, 3], [6, 3], [6, 3], [6, 3], [6, 3], [6, 3], [6, 3], [6, 3], [7, 3], [7, 3], [7, 3], [7, 3], [7, 2], [7, 2], [7, 2], [7, 2], [7, 2], [7, 2], [7, 1], [7, 1], [7, 0], [7, 0], [6, 0], [6, 0], [5, 0], [4, 0], [4, 0], [4, 1], [3, 1], [3, 1], [3, 1], [3, 1], [3, 1], [3, 1], [3, 1], [3, 1], [4, 1], [5, 1], [4, 1], [4, 1], [4, 1], [4, 1], [4, 1], [5, 1], [4, 1], [4, 1], [4, 1], [4, 1], [4, 1], [4, 1], [4, 1], [4, 1], [4, 1], [4, 1], [4, 1], [4, 1], [4, 2], [4, 2], [4, 2], [3, 2], [3, 2], [3, 2], [3, 3], [2, 3], [1, 3], [1, 4], [1, 5], [1, 5], [2, 5], [3, 5], [3, 6], [3, 7], [3, 6], [3, 7]], "spawn_a": [3, 4], "spawn_b": [4, 4]}