{"pos": [[3, 2], [3, 3], [2, 2], [2, 3], [1, 2], [3, 3], [2, 2], [3, 4], [2, 3], [3, 3], [1, 3], [4, 3], [1, 2], [3, 3], [3, 2], [3, 4], [3, 3], [3, 5], [2, 3], [4, 5], [3, 3], [4, 4], [3, 4], [5, 4], [3, 3], [5, 3], [2, 3], [5, 2], [1, 3], [4, 2], [2, 3], [4, 1], [1, 3], [5, 1], [1, 4], [5, 0], [1, 5], [4, 0], [1, 4], [4, 1], [2, 4], [5, 1], [3, 4], [4, 1], [3, 3], [4, 0], [2, 3], [5, 0], [3, 3], [4, 0], [3, 4], [3, 0], [3, 3], [4, 0], [2, 3], [4, 1], [2, 2], [4, 0], [1, 2], [5, 0], [1, 3], [4, 0], [2, 3], [3, 0], [3, 3], [3, 1], [4, 3], [4, 1], [4, 4], [4, 2], [3, 4], [3, 2], [3, 3], [4, 2], [2, 3], [4, 1], [3, 3], [4, 2], [3, 2], [4, 3]], "a_points": [0, 0, 1, 1, 1, 1, 2, 2, 3, 3, 3, 3, 2, 2, 4, 4, 4, 4, 4, 4, 4, 4, 3, 3, 3, 3, 3, 3, 4, 4, 3, 3, 3, 3, 3, 3, 4, 4, 3, 3, 3, 3, 3, 3, 3, 3, 3, 3, 3, 3, 3, 3, 3, 3, 3, 3, 3, 3, 3, 3, 3, 3, 3, 3, 3, 3, 3, 3, 3, 3, 3, 3, 3, 3, 3, 3, 3, 3, 3, 3], "b_points": [0, 1, 1, 2, 2, 1, 1, 1, 1, 1, 1, 0, 0, 0, 0, 0, 0, 1, 1, 2, 2, 2, 2, 2, 2, 3, 3, 4, 4, 4, 4, 4, 4, 4, 4, 4, 4, 4, 4, 5, 5, 6, 6, 5, 5, 4, 4, 4, 4, 4, 4, 4, 4, 5, 5, 5, 5, 5, 5, 5, 5, 6, 6, 5, 5, 5, 5, 6, 6, 6, 6, 7, 7, 6, 6, 6, 6, 6, 6, 6], "a_turns_left": [39, 39, 38, 38, 37, 37, 36, 36, 35, 35, 34, 34, 33, 33, 32, 32, 31, 31, 30, 30, 29, 29, 28, 28, 27, 27, 26, 26, 25, 25, 24, 24, 23, 23, 22, 22, 21, 21, 20, 20, 19, 19, 18, 18, 17, 17, 16, 16, 15, 15, 14, 14, 13, 13, 12, 12, 11, 11, 10, 10, 9, 9, 8, 8, 7, 7, 6, 6, 5, 5, 4, 4, 3, 3, 2, 2, 1, 1, 0, 0], "b_turns_left": [40, 39, 39, 38, 38, 37, 37, 36, 36, 35, 35, 34, 34, 33, 33, 32, 32, 31, 31, 30, 30, 29, 29, 28, 28, 27, 27, 26, 26, 25, 25, 24, 24, 23, 23, 22, 22, 21, 21, 20, 20, 19, 19, 18, 18, 17, 17, 16, 16, 15, 15, 14, 14, 13, 13, 12, 12, 11, 11, 10, 10, 9, 9, 8, 8, 7, 7, 6, 6, 5, 5, 4, 4, 3, 3, 2, 2, 1, 1, 0], "a_time_left": [359.9999814159237, 359.9999814159237, 359.99997012491804, 359.99997012491804, 359.99995958292857, 359.99995958292857, 359.9999473328935, 359.9999473328935, 359.9999379158253, 359.9999379158253, 359.9999274997972, 359.9999274997972, 359.99991933384445, 359.99991933384445, 359.9999096678803, 359.9999096678803, 359.99989812693093, 359.99989812693093, 359.9998840430053, 359.9998840430053, 359.9998717510607, 359.9998717510607, 359.9998624169966, 359.9998624169966, 359.99985508294776, 359.99985508294776, 359.99984537495766, 359.99984537495766, 359.9998346659122, 359.9998346659122, 359.99982462392654, 359.99982462392654, 359.99981333187316, 359.99981333187316, 359.9997972478159, 359.9997972478159, 359.9997852478409, 359.9997852478409, 359.9997691648314, 359.9997691648314, 359.99975841480773, 359.99975841480773, 359.9997510818066, 359.9997510818066, 359.9997413317906, 359.9997413317906, 359.99972678977065, 359.99972678977065, 359.99971762276255, 359.99971762276255, 359.99970795575064, 359.99970795575064, 359.99969766370486, 359.99969766370486, 359.9996879976243, 359.9996879976243, 359.999681997695, 359.999681997695, 359.9996761226794, 359.9996761226794, 359.99966949771624, 359.99966949771624, 359.99966037273407, 359.99966037273407, 359.99965303973295, 359.99965303973295, 359.9996459557442, 359.9996459557442, 359.99963808071334, 359.99963808071334, 359.9996264966903, 359.9996264966903, 359.99961832968984, 359.99961832968984, 359.9996080386918, 359.9996080386918, 359.99960212165024, 359.99960212165024, 359.9995950796874, 359.9995950796874], "b_time_left": [360, 359.9998935830081, 359.9998935830081, 359.99983008299023, 359.99983008299023, 359.9997577499598, 359.9997577499598, 359.9996957919793, 359.9996957919793, 359.99964258400723, 359.99964258400723, 359.9995937090134, 359.9995937090134, 359.9995373340789, 359.9995373340789, 359.9993924590526, 359.9993924590526, 359.99931050103623, 359.99931050103623, 359.9992202920839, 359.9992202920839, 359.99914929212537, 359.99914929212537, 359.9990827922011, 359.9990827922011, 359.9990213752026, 359.9990213752026, 359.99896283319686, 359.99896283319686, 359.9989005832467, 359.9989005832467, 359.9988369583152, 359.9988369583152, 359.9987553752726, 359.9987553752726, 359.9986664581811, 359.9986664581811, 359.9985787081532, 359.9985787081532, 359.9985002501635, 359.9985002501635, 359.99843245814554, 359.99843245814554, 359.99835941614583, 359.99835941614583, 359.99828275013715, 359.99828275013715, 359.9982096251333, 359.9982096251333, 359.99815270805266, 359.99815270805266, 359.9980891661253, 359.9980891661253, 359.9980149160838, 359.9980149160838, 359.99795833206736, 359.99795833206736, 359.9979010821553, 359.9979010821553, 359.9978498321725, 359.9978498321725, 359.99779933225363, 359.99779933225363, 359.9977488742443, 359.9977488742443, 359.9977011241717, 359.9977011241717, 359.99764358322136, 359.99764358322136, 359.9975897491677, 359.9975897491677, 359.99752583215013, 359.99752583215013, 359.99746837315615, 359.99746837315615, 359.99739670718554, 359.99739670718554, 359.9973402902251, 359.9973402902251, 359.99728958227206], "rat_caught": [false, false, false, false, false, false, false, false, false, false, false, false, false, false, false, false, false, false, false, false, false, false, false, false, false, false, false, false, false, false, false, false, false, false, false, false, false, false, false, false, false, false, false, false, false, false, false, false, false, false, false, false, false, false, false, false, false, false, false, false, false, false, false, false, false, false, false, false, false, false, false, false, false, false, false, false, false, false, false, false], "left_behind": ["plain", "prime", "prime", "prime", "plain", "carpet", "prime", "plain", "prime", "plain", "plain", "carpet", "carpet", "plain", "carpet", "plain", "plain", "prime", "plain", "prime", "plain", "plain", "carpet", "plain", "plain", "prime", "plain", "prime", "prime", "plain", "carpet", "plain", "plain", "plain", "plain", "plain", "prime", "plain", "carpet", "prime", "plain", "prime", "plain", "carpet", "plain", "carpet", "plain", "plain", "plain", "plain", "plain", "plain", "plain", "prime", "plain", "plain", "plain", "plain", "plain", "plain", "plain", "prime", "plain", "carpet", "plain", "plain", "plain", "prime", "plain", "plain", "plain", "prime", "plain", "carpet", "plain", "plain", "plain", "plain", "plain", "plain"], "errlog_a": "", "errlog_b": "gg, the rat never stood a chance", "start_time": 360, "start_moves": 80, "turn_count": 80, "result": 1, "reason": "POINTS", "trapdoors": [[2, 4], [2, 5], [2, 5], [1, 5], [1, 4], [1, 4], [1, 4], [1, 4], [1, 5], [1, 5], [1, 5], [1, 5], [1, 5], [1, 5], [1, 5], [0, 5], [0, 5], [0, 4], [0, 4], [0, 3], [0, 3], [0, 3], [0, 3], [0, 2], [0, 2], [0, 1], [0, 1], [0, 1], [0, 0], [1, 0], [1, 0], [1, 0], [1, 0], [0, 0], [0, 0], [0, 0], [0, 0], [0, 0], [0, 0], [0, 0], [0, 0], [0, 0], [0, 0], [0, 0], [0, 0], [1, 0], [1, 1], [1, 1], [1, 1], [1, 1], [1, 1], [2, 1], [2, 1], [2, 1], [3, 1], [3, 1], [3, 2], [3, 3], [3, 3], [3, 3], [3, 3], [3, 4], [3, 4], [3, 5], [3, 5], [3, 5], [3, 5], [4, 5], [4, 5], [4, 5], [4, 5], [4, 5], [5, 5], [6, 5], [6, 5], [6, 5], [6, 5], [6, 4], [6, 4], [6, 4], [6, 3]], "spawn_a": [3, 3], "spawn_b": [4, 3]}