{"pos": [[1, 4], [5, 3], [1, 5], [5, 4], [2, 5], [6, 4], [2, 4], [6, 5], [2, 3], [7, 5], [1, 3], [7, 4], [0, 3], [7, 3], [0, 4], [7, 4], [0, 3], [7, 5], [2, 3], [7, 4], [1, 3], [7, 5], [0, 3], [6, 5], [1, 3], [7, 5], [2, 3], [6, 5], [2, 2], [5, 5], [1, 2], [6, 5], [0, 2], [7, 5], [0, 3], [6, 5], [0, 2], [6, 4], [1, 2], [7, 4], [1, 3], [7, 3], [2, 3], [7, 4], [1, 3], [7, 3], [2, 3], [7, 2], [1, 3], [7, 3], [1, 2], [6, 3], [2, 2], [7, 3], [1, 2], [7, 2], [0, 2], [6, 2], [0, 3], [7, 2], [0, 2], [7, 3], [1, 2], [7, 2], [2, 2], [6, 2], [2, 3], [6, 4], [2, 2], [5, 4], [2, 3], [6, 4], [1, 3], [6, 5], [1, 2], [6, 4], [2, 2], [5, 4], [1, 2], [5, 5]], "a_points": [0, 0, 0, 0, 1, 1, 1, 1, 2, 2, 3, 3, 4, 4, 5, 5, 4, 4, 6, 6, 6, 6, 6, 6, 6, 6, 6, 6, 6, 6, 7, 7, 8, 8, 9, 9, 8, 8, 7, 7, 7, 7, 7, 7, 7, 7, 7, 7, 7, 7, 7, 7, 6, 6, 6, 6, 6, 6, 6, 6, 6, 6, 6, 6, 6, 6, 6, 6, 6, 6, 6, 6, 6, 6, 6, 6, 6, 6, 6, 6], "b_points": [0, 0, 0, 0, 0, 1, 1, 1, 1, 2, 2, 2, 2, 3, 3, 2, 2, 2, 2, 3, 3, 2, 2, 1, 1, 1, 1, 1, 1, 1, 1, 1, 1, 1, 1, 1, 1, 1, 1, 2, 2, 2, 2, 2, 2, 2, 2, 3, 3, 2, 2, 2, 2, 3, 3, 3, 3, 4, 4, 3, 3, 3, 3, 3, 3, 3, 3, 5, 5, 4, 4, 4, 4, 4, 4, 4, 4, 4, 4, 4], "a_turns_left": [39, 39, 38, 38, 37, 37, 36, 36, 35, 35, 34, 34, 33, 33, 32, 32, 31, 31, 30, 30, 29, 29, 28, 28, 27, 27, 26, 26, 25, 25, 24, 24, 23, 23, 22, 22, 21, 21, 20, 20, 19, 19, 18, 18, 17, 17, 16, 16, 15, 15, 14, 14, 13, 13, 12, 12, 11, 11, 10, 10, 9, 9, 8, 8, 7, 7, 6, 6, 5, 5, 4, 4, 3, 3, 2, 2, 1, 1, 0, 0], "b_turns_left": [40, 39, 39, 38, 38, 37, 37, 36, 36, 35, 35, 34, 34, 33, 33, 32, 32, 31, 31, 30, 30, 29, 29, 28, 28, 27, 27, 26, 26, 25, 25, 24, 24, 23, 23, 22, 22, 21, 21, 20, 20, 19, 19, 18, 18, 17, 17, 16, 16, 15, 15, 14, 14, 13, 13, 12, 12, 11, 11, 10, 10, 9, 9, 8, 8, 7, 7, 6, 6, 5, 5, 4, 4, 3, 3, 2, 2, 1, 1, 0], "a_time_left": [359.9999717499595, 359.9999717499595, 359.9999596249545, 359.9999596249545, 359.99994904198684, 359.99994904198684, 359.99993550090585, 359.99993550090585, 359.9999239179306, 359.9999239179306, 359.999909250997, 359.999909250997, 359.99990070890635, 359.99990070890635, 359.9998906669207, 359.9998906669207, 359.9998819169123, 359.9998819169123, 359.9998741259333, 359.9998741259333, 359.99986754299607, 359.99986754299607, 359.9998612520285, 359.9998612520285, 359.99985337699763, 359.99985337699763, 359.9998438350158, 359.9998438350158, 359.9998362939805, 359.9998362939805, 359.9998255020473, 359.9998255020473, 359.9998182930285, 359.9998182930285, 359.9998115010094, 359.9998115010094, 359.99980491795577, 359.99980491795577, 359.999797292985, 359.999797292985, 359.9997887930367, 359.9997887930367, 359.9997797930846, 359.9997797930846, 359.9997692091856, 359.9997692091856, 359.9997556261951, 359.9997556261951, 359.99974145926535, 359.99974145926535, 359.99971945921425, 359.99971945921425, 359.99967420916073, 359.99967420916073, 359.9996484591393, 359.9996484591393, 359.999636876164, 359.999636876164, 359.9996233761776, 359.9996233761776, 359.9996041681152, 359.9996041681152, 359.9995945011033, 359.9995945011033, 359.999585834099, 359.999585834099, 359.99957512610126, 359.99957512610126, 359.99956479202956, 359.99956479202956, 359.999558334006, 359.999558334006, 359.9995469589485, 359.9995469589485, 359.9995373339625, 359.9995373339625, 359.99952795903664, 359.99952795903664, 359.999521375983, 359.999521375983], "b_time_left": [360, 359.9999012920307, 359.9999012920307, 359.9998263330199, 359.9998263330199, 359.9997499990277, 359.9997499990277, 359.999671373982, 359.999671373982, 359.99961420695763, 359.99961420695763, 359.9995586229488, 359.9995586229488, 359.99950320704374, 359.99950320704374, 359.99944566597696, 359.99944566597696, 359.99939604091924, 359.99939604091924, 359.9993343318347, 359.9993343318347, 359.9992794988211, 359.9992794988211, 359.9992235408863, 359.9992235408863, 359.99912741582375, 359.99912741582375, 359.99907349888235, 359.99907349888235, 359.99902174889576, 359.99902174889576, 359.99897358287126, 359.99897358287126, 359.99892316688783, 359.99892316688783, 359.9988745418377, 359.9988745418377, 359.9988166259136, 359.9988166259136, 359.99874825088773, 359.99874825088773, 359.9986852928996, 359.9986852928996, 359.9986178758554, 359.9986178758554, 359.99851154279895, 359.99851154279895, 359.9984222097555, 359.9984222097555, 359.99832845968194, 359.99832845968194, 359.9982255017385, 359.9982255017385, 359.9981257937616, 359.9981257937616, 359.99802150181495, 359.99802150181495, 359.9979369187495, 359.9979369187495, 359.9978462107247, 359.9978462107247, 359.99775225273333, 359.99775225273333, 359.9976803776808, 359.9976803776808, 359.9976180436788, 359.9976180436788, 359.997542543686, 359.997542543686, 359.9974809597479, 359.9974809597479, 359.99741504283156, 359.99741504283156, 359.99733537680004, 359.99733537680004, 359.9972520438023, 359.9972520438023, 359.99719533568714, 359.99719533568714, 359.99712466960773], "rat_caught": [false, false, false, false, false, false, false, false, false, false, false, false, false, false, false, false, false, false, false, false, false, false, false, false, false, false, false, false, false, false, false, false, false, false, false, false, false, false, false, false, false, false, false, false, false, false, false, false, false, false, false, false, false, false, false, false, false, false, false, false, false, false, false, false, false, false, false, false, false, false, false, false, false, false, false, false, false, false, false, false], "left_behind": ["plain", "plain", "plain", "plain", "prime", "prime", "plain", "plain", "prime", "prime", "prime", "plain", "prime", "prime", "prime", "carpet", "carpet", "plain", "carpet", "prime", "plain", "carpet", "plain", "carpet", "plain", "plain", "plain", "plain", "plain", "plain", "prime", "plain", "prime", "plain", "prime", "plain", "carpet", "plain", "carpet", "prime", "plain", "plain", "plain", "plain", "plain", "plain", "plain", "prime", "plain", "carpet", "plain", "plain", "carpet", "prime", "plain", "plain", "plain", "prime", "plain", "carpet", "plain", "plain", "plain", "plain", "plain", "plain", "plain", "carpet", "plain", "carpet", "plain", "plain", "plain", "plain", "plain", "plain", "plain", "plain", "plain", "plain"], "errlog_a": "", "errlog_b": "gg, the rat never stood a chance", "start_time": 360, "start_moves": 80, "turn_count": 80, "result": 0, "reason": "POINTS", "trapdoors": [[7, 1], [7, 1], [7, 1], [7, 1], [7, 1], [7, 1], [7, 0], [6, 0], [6, 0], [5, 0], [5, 0], [5, 0], [4, 0], [4, 0], [4, 1], [5, 1], [5, 1], [4, 1], [4, 1], [5, 1], [5, 1], [5, 1], [6, 1], [6, 1], [6, 1], [5, 1], [5, 0], [5, 0], [4, 0], [4, 0], [4, 0], [4, 1], [4, 1], [3, 1], [3, 1], [3, 1], [3, 2], [3, 1], [3, 1], [3, 1], [3, 1], [3, 1], [3, 2], [3, 2], [2, 2], [2, 2], [1, 2], [1, 2], [1, 2], [2, 2], [2, 2], [2, 2], [2, 2], [2, 3], [2, 3], [2, 3], [2, 3], [2, 2], [2, 3], [1, 3], [1, 3], [0, 3], [0, 3], [0, 3], [0, 3], [0, 2], [0, 2], [0, 2], [0, 1], [0, 0], [0, 0], [0, 0], [0, 0], [1, 0], [2, 0], [2, 0], [2, 0], [3, 0], [3, 0], [3, 0], [3, 0]], "spawn_a": [2, 4], "spawn_b": [5, 4]}