{"pos": [[2, 2], [4, 3], [2, 3], [4, 4], [1, 3], [4, 5], [1, 2], [4, 6], [0, 2], [4, 7], [0, 3], [4, 2], [0, 4], [3, 2], [0, 5], [3, 3], [0, 3], [3, 4], [0, 2], [3, 5], [0, 3], [3, 6], [1, 3], [3, 7], [0, 3], [3, 2], [1, 3], [3, 1], [0, 3], [4, 1], [1, 3], [5, 1], [2, 3], [5, 2], [1, 3], [5, 3], [1, 2], [5, 4], [1, 3], [5, 5], [0, 3], [6, 5], [1, 3], [6, 4], [2, 3], [7, 4], [1, 3], [7, 5], [0, 3], [5, 5], [0, 2], [5, 1], [2, 2], [3, 1], [3, 2], [3, 0], [2, 2], [4, 0], [2, 3], [5, 0], [2, 4], [3, 0], [3, 4], [3, 1], [3, 3], [3, 2], [2, 3], [3, 3], [1, 3], [3, 4], [1, 4], [2, 4], [1, 3], [1, 4], [2, 3], [0, 4], [2, 2], [2, 4], [1, 2], [2, 3]], "a_points": [0, 0, 1, 1, 1, 1, 2, 2, 2, 2, 3, 3, 4, 4, 5, 5, 7, 7, 6, 6, 6, 6, 5, 5, 5, 5, 5, 5, 5, 5, 5, 5, 5, 5, 6, 6, 6, 6, 7, 7, 7, 7, 7, 7, 6, 6, 6, 6, 6, 6, 6, 6, 8, 8, 8, 8, 8, 8, 8, 8, 8, 8, 8, 8, 8, 8, 8, 8, 8, 8, 8, 8, 8, 8, 8, 8, 8, 8, 8, 8], "b_points": [0, 1, 1, 2, 2, 3, 3, 4, 4, 5, 5, 15, 15, 15, 15, 16, 16, 17, 17, 18, 18, 19, 19, 20, 20, 30, 30, 30, 30, 31, 31, 32, 32, 33, 33, 34, 34, 35, 35, 36, 36, 37, 37, 38, 38, 39, 39, 40, 40, 42, 42, 48, 48, 50, 50, 50, 50, 51, 51, 52, 52, 54, 54, 54, 54, 54, 54, 54, 54, 54, 54, 54, 54, 55, 55, 56, 56, 58, 58, 58], "a_turns_left": [39, 39, 38, 38, 37, 37, 36, 36, 35, 35, 34, 34, 33, 33, 32, 32, 31, 31, 30, 30, 29, 29, 28, 28, 27, 27, 26, 26, 25, 25, 24, 24, 23, 23, 22, 22, 21, 21, 20, 20, 19, 19, 18, 18, 17, 17, 16, 16, 15, 15, 14, 14, 13, 13, 12, 12, 11, 11, 10, 10, 9, 9, 8, 8, 7, 7, 6, 6, 5, 5, 4, 4, 3, 3, 2, 2, 1, 1, 0, 0], "b_turns_left": [40, 39, 39, 38, 38, 37, 37, 36, 36, 35, 35, 34, 34, 33, 33, 32, 32, 31, 31, 30, 30, 29, 29, 28, 28, 27, 27, 26, 26, 25, 25, 24, 24, 23, 23, 22, 22, 21, 21, 20, 20, 19, 19, 18, 18, 17, 17, 16, 16, 15, 15, 14, 14, 13, 13, 12, 12, 11, 11, 10, 10, 9, 9, 8, 8, 7, 7, 6, 6, 5, 5, 4, 4, 3, 3, 2, 2, 1, 1, 0], "a_time_left": [359.9999782079831, 359.9999782079831, 359.99990558298305, 359.99990558298305, 359.9998363329796, 359.9998363329796, 359.99974620796274, 359.99974620796274, 359.99968845793046, 359.99968845793046, 359.99962954199873, 359.99962954199873, 359.99957633402664, 359.99957633402664, 359.99956108396873, 359.99956108396873, 359.99951179290656, 359.99951179290656, 359.999490834889, 359.999490834889, 359.9994784188457, 359.9994784188457, 359.99946500279475, 359.99946500279475, 359.99941179482266, 359.99941179482266, 359.99939887877554, 359.99939887877554, 359.9993860037066, 359.9993860037066, 359.99933683674317, 359.99933683674317, 359.9993239197647, 359.9993239197647, 359.9993107947521, 359.9993107947521, 359.99928887875285, 359.99928887875285, 359.99927437875886, 359.99927437875886, 359.99925337871537, 359.99925337871537, 359.9992405457888, 359.9992405457888, 359.9991900867317, 359.9991900867317, 359.99917621165514, 359.99917621165514, 359.99916241969913, 359.99916241969913, 359.99910487874877, 359.99910487874877, 359.99908812879585, 359.99908812879585, 359.99907600379083, 359.99907600379083, 359.99888329568785, 359.99888329568785, 359.99881437967997, 359.99881437967997, 359.9988018376753, 359.9988018376753, 359.99873404565733, 359.99873404565733, 359.99872150470037, 359.99872150470037, 359.99870162969455, 359.99870162969455, 359.9986888796557, 359.9986888796557, 359.9986352135893, 359.9986352135893, 359.99858967156615, 359.99858967156615, 359.9985768375918, 359.9985768375918, 359.9985639626393, 359.9985639626393, 359.99855483765714, 359.99855483765714], "b_time_left": [360, 353.2522222910775, 353.2522222910775, 345.4460341660306, 345.4460341660306, 341.3912220830098, 341.3912220830098, 335.45762870798353, 335.45762870798353, 327.5038537910441, 327.5038537910441, 319.46772716601845, 319.46772716601845, 315.0318525820039, 315.0318525820039, 306.84901179000735, 306.84901179000735, 300.67791258194484, 300.67791258194484, 292.38384245696943, 292.38384245696943, 284.0622067069635, 284.0622067069635, 275.7118537899805, 275.7118537899805, 269.882513539982, 269.882513539982, 264.305748165003, 264.305748165003, 255.67579778993968, 255.67579778993968, 248.54348395694979, 248.54348395694979, 242.28827208199073, 242.28827208199073, 236.2611629149178, 236.2611629149178, 227.23144503997173, 227.23144503997173, 218.13569137395825, 218.13569137395825, 212.99831762397662, 212.99831762397662, 206.0734954570653, 206.0734954570653, 200.9109957900364, 200.9109957900364, 194.30675066506956, 194.30675066506956, 184.22058004012797, 184.22058004012797, 179.02122429013252, 179.02122429013252, 168.85475816519465, 168.85475816519465, 158.20313870615792, 158.20313870615792, 149.83866958110593, 149.83866958110593, 142.86844979017042, 142.86844979017042, 132.0370890821796, 132.0370890821796, 124.37785345723387, 124.37785345723387, 116.89945037418511, 116.89945037418511, 106.6935151652433, 106.6935151652433, 98.72287633223459, 98.72287633223459, 90.89670162322, 90.89670162322, 89.75908691529185, 89.75908691529185, 89.57240920723416, 89.57240920723416, 89.56147945730481, 89.56147945730481, 89.55967320734635], "rat_caught": [false, false, false, false, false, false, false, false, false, false, false, false, false, false, false, false, false, false, false, false, false, false, false, false, false, false, false, false, false, false, false, false, false, false, false, false, false, false, false, false, false, false, false, false, false, false, false, false, false, false, false, false, false, false, false, false, false, false, false, false, false, false, false, false, false, false, false, false, false, false, false, false, false, false, false, false, false, false, false, false], "left_behind": ["plain", "prime", "prime", "prime", "plain", "prime", "prime", "prime", "plain", "prime", "prime", "carpet", "prime", "plain", "prime", "prime", "carpet", "prime", "carpet", "prime", "plain", "prime", "carpet", "prime", "plain", "carpet", "plain", "plain", "plain", "prime", "plain", "prime", "plain", "prime", "prime", "prime", "plain", "prime", "prime", "prime", "plain", "prime", "plain", "prime", "carpet", "prime", "plain", "prime", "plain", "carpet", "plain", "carpet", "carpet", "carpet", "plain", "plain", "plain", "prime", "plain", "prime", "plain", "carpet", "plain", "plain", "plain", "plain", "plain", "plain", "plain", "plain", "plain", "plain", "plain", "prime", "plain", "prime", "plain", "carpet", "plain", "plain"], "errlog_a": "", "errlog_b": "gg, the rat never stood a chance", "start_time": 360, "start_moves": 80, "turn_count": 80, "result": 1, "reason": "POINTS", "trapdoors": [[5, 1], [5, 1], [5, 0], [5, 0], [5, 0], [5, 0], [5, 0], [5, 0], [5, 0], [5, 0], [5, 0], [4, 0], [3, 0], [3, 0], [2, 0], [2, 0], [1, 0], [1, 0], [1, 0], [1, 0], [1, 0], [1, 1], [1, 2], [1, 2], [1, 3], [0, 3], [0, 3], [0, 3], [0, 3], [1, 3], [0, 3], [0, 3], [0, 3], [0, 3], [1, 3], [2, 3], [2, 3], [2, 3], [2, 2], [2, 3], [3, 3], [3, 4], [2, 4], [2, 4], [1, 4], [0, 4], [0, 5], [0, 6], [0, 6], [0, 6], [0, 6], [0, 6], [1, 6], [0, 6], [1, 6], [1, 6], [1, 7], [1, 7], [1, 7], [1, 7], [1, 7], [1, 7], [2, 7], [2, 7], [2, 7], [3, 7], [3, 7], [3, 7], [4, 7], [4, 7], [4, 7], [4, 6], [4, 6], [4, 5], [4, 5], [4, 5], [4, 5], [4, 5], [4, 5], [4, 5], [3, 5]], "spawn_a": [3, 2], "spawn_b": [4, 2]}